-- phpMyAdmin SQL Dump
-- version 5.2.1
-- https://www.phpmyadmin.net/
--
-- Host: localhost:3306
-- Generation Time: Dec 31, 2025 at 10:48 PM
-- Server version: 10.6.17-MariaDB
-- PHP Version: 8.3.25

SET SQL_MODE = "NO_AUTO_VALUE_ON_ZERO";
START TRANSACTION;
SET time_zone = "+00:00";


/*!40101 SET @OLD_CHARACTER_SET_CLIENT=@@CHARACTER_SET_CLIENT */;
/*!40101 SET @OLD_CHARACTER_SET_RESULTS=@@CHARACTER_SET_RESULTS */;
/*!40101 SET @OLD_COLLATION_CONNECTION=@@COLLATION_CONNECTION */;
/*!40101 SET NAMES utf8mb4 */;

--
-- Database: `centerpay_gptdb`
--

-- --------------------------------------------------------

--
-- Table structure for table `cache`
--

CREATE TABLE `cache` (
  `key` varchar(255) NOT NULL,
  `value` mediumtext NOT NULL,
  `expiration` int(11) NOT NULL
) ENGINE=InnoDB DEFAULT CHARSET=utf8mb4 COLLATE=utf8mb4_unicode_ci;

--
-- Dumping data for table `cache`
--

INSERT INTO `cache` (`key`, `value`, `expiration`) VALUES
('paymentacc-cache-livewire-rate-limiter:01f3f844c33518a29111ec7e6a810af013e6b0d2', 'i:1;', 1766420240),
('paymentacc-cache-livewire-rate-limiter:01f3f844c33518a29111ec7e6a810af013e6b0d2:timer', 'i:1766420240;', 1766420240),
('paymentacc-cache-livewire-rate-limiter:02ddf2fa4ed1fa2fd81b7532b7f9c165c14eff81', 'i:1;', 1766438504),
('paymentacc-cache-livewire-rate-limiter:02ddf2fa4ed1fa2fd81b7532b7f9c165c14eff81:timer', 'i:1766438504;', 1766438504),
('paymentacc-cache-livewire-rate-limiter:041d7c8219e3e6ce1cb6c4b95b1b7eafce14700b', 'i:1;', 1765456899),
('paymentacc-cache-livewire-rate-limiter:041d7c8219e3e6ce1cb6c4b95b1b7eafce14700b:timer', 'i:1765456899;', 1765456899),
('paymentacc-cache-livewire-rate-limiter:0b08cc21b9c19508d137ee3d322ce94bd7e3a469', 'i:1;', 1765402942),
('paymentacc-cache-livewire-rate-limiter:0b08cc21b9c19508d137ee3d322ce94bd7e3a469:timer', 'i:1765402942;', 1765402942),
('paymentacc-cache-livewire-rate-limiter:138014a2e71a9a6a20f1fa38ef3cf13034b6d1a7', 'i:1;', 1766493916),
('paymentacc-cache-livewire-rate-limiter:138014a2e71a9a6a20f1fa38ef3cf13034b6d1a7:timer', 'i:1766493916;', 1766493916),
('paymentacc-cache-livewire-rate-limiter:1570de15e67d4c6c8ffedc28955a0a642aae6020', 'i:1;', 1764963909),
('paymentacc-cache-livewire-rate-limiter:1570de15e67d4c6c8ffedc28955a0a642aae6020:timer', 'i:1764963909;', 1764963909),
('paymentacc-cache-livewire-rate-limiter:19849ed1f5f07f4563182a03ca82450461044ae8', 'i:1;', 1764784172),
('paymentacc-cache-livewire-rate-limiter:19849ed1f5f07f4563182a03ca82450461044ae8:timer', 'i:1764784172;', 1764784172),
('paymentacc-cache-livewire-rate-limiter:2690ce62c561cdd9e59bfbe5613bb7038d2e909a', 'i:1;', 1764783842),
('paymentacc-cache-livewire-rate-limiter:2690ce62c561cdd9e59bfbe5613bb7038d2e909a:timer', 'i:1764783842;', 1764783842),
('paymentacc-cache-livewire-rate-limiter:28f29316a4f39d7c2f7aa6497f8f1eab11675cf6', 'i:1;', 1764929613),
('paymentacc-cache-livewire-rate-limiter:28f29316a4f39d7c2f7aa6497f8f1eab11675cf6:timer', 'i:1764929613;', 1764929613),
('paymentacc-cache-livewire-rate-limiter:2d33141ed394a4c8b68c0ae34412193ec69d2295', 'i:1;', 1764959891),
('paymentacc-cache-livewire-rate-limiter:2d33141ed394a4c8b68c0ae34412193ec69d2295:timer', 'i:1764959891;', 1764959891),
('paymentacc-cache-livewire-rate-limiter:2ff288d1fcf7bcedb2ce828d77eb4dcbeb5f6bc5', 'i:1;', 1764784384),
('paymentacc-cache-livewire-rate-limiter:2ff288d1fcf7bcedb2ce828d77eb4dcbeb5f6bc5:timer', 'i:1764784384;', 1764784384),
('paymentacc-cache-livewire-rate-limiter:30b45e9d069f7839b48216c6c6fa2543933db6ba', 'i:2;', 1765970395),
('paymentacc-cache-livewire-rate-limiter:30b45e9d069f7839b48216c6c6fa2543933db6ba:timer', 'i:1765970395;', 1765970395),
('paymentacc-cache-livewire-rate-limiter:39b06d42e5da742d4edc8475195cff3872cf83be', 'i:1;', 1766477957),
('paymentacc-cache-livewire-rate-limiter:39b06d42e5da742d4edc8475195cff3872cf83be:timer', 'i:1766477957;', 1766477957),
('paymentacc-cache-livewire-rate-limiter:41f69c39a21b26c8f345df401abe9bfe4b5a9a74', 'i:1;', 1764939432),
('paymentacc-cache-livewire-rate-limiter:41f69c39a21b26c8f345df401abe9bfe4b5a9a74:timer', 'i:1764939432;', 1764939432),
('paymentacc-cache-livewire-rate-limiter:77f2b9e43e65ab2b75bfe978aec8cd10af162137', 'i:1;', 1766500460),
('paymentacc-cache-livewire-rate-limiter:77f2b9e43e65ab2b75bfe978aec8cd10af162137:timer', 'i:1766500460;', 1766500460),
('paymentacc-cache-livewire-rate-limiter:7fca72d91022746b8646573baebe79b6764e0d7a', 'i:1;', 1766255545),
('paymentacc-cache-livewire-rate-limiter:7fca72d91022746b8646573baebe79b6764e0d7a:timer', 'i:1766255545;', 1766255545),
('paymentacc-cache-livewire-rate-limiter:93dfd3815d594fb185f7bcad821f37e3e79a9e87', 'i:1;', 1766039287),
('paymentacc-cache-livewire-rate-limiter:93dfd3815d594fb185f7bcad821f37e3e79a9e87:timer', 'i:1766039287;', 1766039287),
('paymentacc-cache-livewire-rate-limiter:942c0192d9af249ab545516e4cbf1a9ec6cf854c', 'i:1;', 1766397572),
('paymentacc-cache-livewire-rate-limiter:942c0192d9af249ab545516e4cbf1a9ec6cf854c:timer', 'i:1766397572;', 1766397572),
('paymentacc-cache-livewire-rate-limiter:a1962fb0aaf37456959cee5eb1c50baf7f4a137c', 'i:1;', 1766161921),
('paymentacc-cache-livewire-rate-limiter:a1962fb0aaf37456959cee5eb1c50baf7f4a137c:timer', 'i:1766161921;', 1766161921),
('paymentacc-cache-livewire-rate-limiter:a553a882f4c7bdef599c32d2b44aa42eecbe9c60', 'i:1;', 1766382308),
('paymentacc-cache-livewire-rate-limiter:a553a882f4c7bdef599c32d2b44aa42eecbe9c60:timer', 'i:1766382308;', 1766382308),
('paymentacc-cache-livewire-rate-limiter:acdc72e3003e1f6ecaa145d25ce467d7460f76d8', 'i:1;', 1765629842),
('paymentacc-cache-livewire-rate-limiter:acdc72e3003e1f6ecaa145d25ce467d7460f76d8:timer', 'i:1765629842;', 1765629842),
('paymentacc-cache-livewire-rate-limiter:b35da14f5f13ce584df39aa57e869afb61078405', 'i:1;', 1764943758),
('paymentacc-cache-livewire-rate-limiter:b35da14f5f13ce584df39aa57e869afb61078405:timer', 'i:1764943758;', 1764943758),
('paymentacc-cache-livewire-rate-limiter:b57acd4c93b5997b3870e21f02f1cd860d3bd82c', 'i:1;', 1766141540),
('paymentacc-cache-livewire-rate-limiter:b57acd4c93b5997b3870e21f02f1cd860d3bd82c:timer', 'i:1766141540;', 1766141540),
('paymentacc-cache-livewire-rate-limiter:bde4240f7f5ed0a51ef4cbdd1f51a5cd36640368', 'i:1;', 1764964003),
('paymentacc-cache-livewire-rate-limiter:bde4240f7f5ed0a51ef4cbdd1f51a5cd36640368:timer', 'i:1764964003;', 1764964003),
('paymentacc-cache-livewire-rate-limiter:c145cb80525558426d1a6394bf7b41f64ee67478', 'i:1;', 1766265932),
('paymentacc-cache-livewire-rate-limiter:c145cb80525558426d1a6394bf7b41f64ee67478:timer', 'i:1766265932;', 1766265932),
('paymentacc-cache-livewire-rate-limiter:c6137dd5dbd1aefbd62babb31ab453030ecee513', 'i:1;', 1766508356),
('paymentacc-cache-livewire-rate-limiter:c6137dd5dbd1aefbd62babb31ab453030ecee513:timer', 'i:1766508356;', 1766508356),
('paymentacc-cache-livewire-rate-limiter:c8ce3971db3691f67e8911969ce15d50fbc9df9d', 'i:1;', 1765796498),
('paymentacc-cache-livewire-rate-limiter:c8ce3971db3691f67e8911969ce15d50fbc9df9d:timer', 'i:1765796498;', 1765796498),
('paymentacc-cache-livewire-rate-limiter:ca49ede5f5ccd2e439c0b64cdd55f0bedcd567aa', 'i:5;', 1765740604),
('paymentacc-cache-livewire-rate-limiter:ca49ede5f5ccd2e439c0b64cdd55f0bedcd567aa:timer', 'i:1765740604;', 1765740604),
('paymentacc-cache-livewire-rate-limiter:cabc69e310fe226c515a7d7c2c4bdfb323c4827c', 'i:1;', 1764781945),
('paymentacc-cache-livewire-rate-limiter:cabc69e310fe226c515a7d7c2c4bdfb323c4827c:timer', 'i:1764781945;', 1764781945),
('paymentacc-cache-livewire-rate-limiter:ce1884c9502895fe7ed7648d351c29669041bbef', 'i:1;', 1764781844),
('paymentacc-cache-livewire-rate-limiter:ce1884c9502895fe7ed7648d351c29669041bbef:timer', 'i:1764781844;', 1764781844),
('paymentacc-cache-livewire-rate-limiter:d14ba84681692668f63ed4736c2a7a42bbf7dd42', 'i:1;', 1766303036),
('paymentacc-cache-livewire-rate-limiter:d14ba84681692668f63ed4736c2a7a42bbf7dd42:timer', 'i:1766303036;', 1766303036),
('paymentacc-cache-livewire-rate-limiter:e3ab64a48698ec5e4f21b53ee51ae5721d37ec1a', 'i:1;', 1766461009),
('paymentacc-cache-livewire-rate-limiter:e3ab64a48698ec5e4f21b53ee51ae5721d37ec1a:timer', 'i:1766461009;', 1766461009),
('paymentacc-cache-livewire-rate-limiter:fc05d73924722048334dc625471346e7dcfaab26', 'i:1;', 1765891795),
('paymentacc-cache-livewire-rate-limiter:fc05d73924722048334dc625471346e7dcfaab26:timer', 'i:1765891795;', 1765891795),
('paymentacc-cache-livewire-rate-limiter:fcb187aebce6277f6cb721a88bd053a467962285', 'i:2;', 1765740726),
('paymentacc-cache-livewire-rate-limiter:fcb187aebce6277f6cb721a88bd053a467962285:timer', 'i:1765740726;', 1765740726);

-- --------------------------------------------------------

--
-- Table structure for table `cache_locks`
--

CREATE TABLE `cache_locks` (
  `key` varchar(255) NOT NULL,
  `owner` varchar(255) NOT NULL,
  `expiration` int(11) NOT NULL
) ENGINE=InnoDB DEFAULT CHARSET=utf8mb4 COLLATE=utf8mb4_unicode_ci;

-- --------------------------------------------------------

--
-- Table structure for table `discount_codes`
--

CREATE TABLE `discount_codes` (
  `id` bigint(20) UNSIGNED NOT NULL,
  `code` varchar(255) NOT NULL,
  `discount_percentage` decimal(5,2) NOT NULL,
  `start_date` timestamp NOT NULL DEFAULT current_timestamp() ON UPDATE current_timestamp(),
  `end_date` timestamp NOT NULL DEFAULT '0000-00-00 00:00:00',
  `is_active` tinyint(1) NOT NULL DEFAULT 1,
  `created_at` timestamp NULL DEFAULT NULL,
  `updated_at` timestamp NULL DEFAULT NULL
) ENGINE=MyISAM DEFAULT CHARSET=utf8mb4 COLLATE=utf8mb4_unicode_ci;

-- --------------------------------------------------------

--
-- Table structure for table `discount_code_product`
--

CREATE TABLE `discount_code_product` (
  `id` bigint(20) UNSIGNED NOT NULL,
  `discount_code_id` bigint(20) UNSIGNED NOT NULL,
  `product_id` bigint(20) UNSIGNED NOT NULL,
  `created_at` timestamp NULL DEFAULT NULL,
  `updated_at` timestamp NULL DEFAULT NULL
) ENGINE=MyISAM DEFAULT CHARSET=utf8mb4 COLLATE=utf8mb4_unicode_ci;

--
-- Dumping data for table `discount_code_product`
--

INSERT INTO `discount_code_product` (`id`, `discount_code_id`, `product_id`, `created_at`, `updated_at`) VALUES
(1, 1, 1, NULL, NULL),
(3, 1, 4, NULL, NULL),
(4, 1, 2, NULL, NULL),
(5, 1, 3, NULL, NULL),
(6, 2, 1, NULL, NULL),
(7, 2, 2, NULL, NULL),
(8, 2, 3, NULL, NULL),
(9, 2, 4, NULL, NULL);

-- --------------------------------------------------------

--
-- Table structure for table `email_templates`
--

CREATE TABLE `email_templates` (
  `id` bigint(20) UNSIGNED NOT NULL,
  `name` varchar(255) NOT NULL,
  `slug` varchar(255) NOT NULL,
  `subject` varchar(255) DEFAULT NULL,
  `body` text DEFAULT NULL,
  `is_active` tinyint(1) NOT NULL DEFAULT 1,
  `created_at` timestamp NULL DEFAULT NULL,
  `updated_at` timestamp NULL DEFAULT NULL
) ENGINE=InnoDB DEFAULT CHARSET=utf8mb4 COLLATE=utf8mb4_unicode_ci;

--
-- Dumping data for table `email_templates`
--

INSERT INTO `email_templates` (`id`, `name`, `slug`, `subject`, `body`, `is_active`, `created_at`, `updated_at`) VALUES
(1, 'Standard', 'standard', 'Your order', 'Hello {{name}}, your order {{tracking_code}} was created.', 1, '2025-10-09 01:10:58', '2025-10-09 01:10:58'),
(2, 'Custom', 'custom', 'Payment instructions', '<p>Dear {{name}},<br><br>Please complete your payment for the selected service using PayPal.<br><br>PayPal Email: {{paypal_email}} &nbsp;<br>Payment URL: {{paypal_url}} &nbsp;<br>Amount: ${{amount}} &nbsp;<br>Service: {{service}} &nbsp;<br>Tracking Code: {{tracking_code}}<br><br>After you have successfully completed the payment, please click the link below to activate your account:<br><br>Activate your account → {{activation_url}}<br><br>Thank you for choosing our service.<br><br>Best regards, &nbsp;<br>{{app_name}} Team<br><br></p>', 1, '2025-10-09 01:10:58', '2025-10-17 00:28:22'),
(3, 'Send', 'send', 'Your Order created ', '<p>Dear {{name}},<br><br>Please complete your payment for the selected service using PayPal.<br><br>PayPal Email: {{paypal_email}} &nbsp;<br>Payment URL: {{paypal_url}} &nbsp;<br>Amount: ${{amount}} &nbsp;<br>Service: {{service}} &nbsp;<br>Tracking Code: {{tracking_code}}<br><br>After you have successfully completed the payment, please click the link below to activate your account:<br><br>Activate your account → {{activation_url}}<br><br>Thank you for choosing our service.<br><br>Best regards, &nbsp;<br>{{app_name}} Team<br><br></p>', 1, '2025-10-17 00:33:24', '2025-10-17 00:33:24'),
(4, 'geteway', 'getway', 'Your Paygate Payment Instructions', '<h2 style=\"color:#333;\">Hello {{ $name }},</h2>\n\n<p>Thank you for your order! Please complete your payment using <strong>Paygate (USDC / Polygon)</strong>.</p>\n\n<table style=\"border:1px solid #eee;padding:10px;margin:10px 0;\">\n  <tr><td><strong>Amount:</strong></td><td>{{ $amount }} {{ $token }}</td></tr>\n  <tr><td><strong>Network:</strong></td><td>{{ $chain }}</td></tr>\n  <tr><td><strong>Wallet:</strong></td><td><code>{{ $wallet }}</code></td></tr>\n</table>\n\n<p>\n  You can also pay directly using the link below:<br>\n  <a href=\"{{ $payment_url }}\" style=\"background:#4f46e5;color:white;padding:10px 15px;text-decoration:none;border-radius:6px;\">\n    Pay Now\n  </a>\n</p>\n\n<p style=\"color:#666;font-size:13px;margin-top:20px;\">\n⚠️ Please make sure to send exactly <strong>{{ $amount }} {{ $token }}</strong> on the <strong>{{ $chain }}</strong> network.<br>\nAfter payment, open a support ticket and include your transaction hash.\n</p>\n\n<p>Thank you,<br><strong>The PaymentACC Team</strong></p>\n', 1, '2025-10-18 23:18:06', '2025-10-18 23:18:06'),
(5, 'payget', 'payget', 'Paygete order Confirmation', '<h2>✅ Payment Confirmed</h2>\r\n<p>Dear {name},</p>\r\n<p>Your payment for <strong>{service}</strong> has been successfully processed.</p>\r\n<p><strong>Amount:</strong> ${amount}</p>\r\n<p><strong>Tracking Code:</strong> {tracking_code}</p>\r\n<p>Thank you for choosing PaymentACC.</p>', 1, '2025-10-19 23:45:35', '2025-10-20 00:03:39'),
(6, 'Nice', 'nice', 'Your PayPal Payment Instructions Inbox', '<pre>&lt;!DOCTYPE html&gt;\n&lt;html lang=\"en\"&gt;\n&lt;head&gt;\n    &lt;meta charset=\"UTF-8\"&gt;\n    &lt;title&gt;Your PayPal Payment Instructions&lt;/title&gt;\n&lt;/head&gt;\n&lt;body style=\"margin:0;padding:0;background-color:#f3f4f6;font-family:system-ui,-apple-system,BlinkMacSystemFont,\'Segoe UI\',sans-serif;\"&gt;\n\n&lt;table width=\"100%\" cellpadding=\"0\" cellspacing=\"0\" role=\"presentation\" style=\"background-color:#f3f4f6;padding:24px 0;\"&gt;\n    &lt;tr&gt;\n        &lt;td align=\"center\"&gt;\n            &lt;table width=\"100%\" cellpadding=\"0\" cellspacing=\"0\" role=\"presentation\" style=\"max-width:600px;background-color:#ffffff;border-radius:12px;overflow:hidden;border:1px solid #e5e7eb;\"&gt;\n\n                &lt;!-- Header --&gt;\n                &lt;tr&gt;\n                    &lt;td style=\"background:linear-gradient(135deg,#111827,#1f2937);padding:20px 24px;color:#f9fafb;\"&gt;\n                        &lt;div style=\"font-size:18px;font-weight:700;\"&gt;PaymentACC&lt;/div&gt;\n                        &lt;div style=\"font-size:13px;opacity:.9;margin-top:4px;\"&gt;\n                            PayPal Payment Instructions\n                        &lt;/div&gt;\n                    &lt;/td&gt;\n                &lt;/tr&gt;\n\n                &lt;!-- Body --&gt;\n                &lt;tr&gt;\n                    &lt;td style=\"padding:24px 24px 8px 24px;color:#111827;font-size:14px;line-height:1.6;\"&gt;\n\n                        &lt;p style=\"margin:0 0 12px 0;\"&gt;\n                            Dear {{name}},\n                        &lt;/p&gt;\n\n                        &lt;p style=\"margin:0 0 16px 0;\"&gt;\n                            Thank you for your order. Please complete your payment using PayPal with the details below.\n                        &lt;/p&gt;\n\n                        &lt;!-- Payment details card --&gt;\n                        &lt;table width=\"100%\" cellpadding=\"0\" cellspacing=\"0\" role=\"presentation\" style=\"margin:8px 0 16px 0;\"&gt;\n                            &lt;tr&gt;\n                                &lt;td style=\"background-color:#f9fafb;border-radius:10px;border:1px solid #e5e7eb;padding:16px 18px;\"&gt;\n\n                                    &lt;p style=\"margin:0 0 6px 0;font-size:13px;color:#6b7280;text-transform:uppercase;letter-spacing:.06em;\"&gt;\n                                        Payment details\n                                    &lt;/p&gt;\n\n                                    &lt;p style=\"margin:0 0 6px 0;\"&gt;\n                                        &lt;strong&gt;PayPal email:&lt;/strong&gt;\n                                        {{gateway_email}}\n                                    &lt;/p&gt;\n\n                                    &lt;p style=\"margin:0 0 6px 0;\"&gt;\n                                        &lt;strong&gt;Payment URL:&lt;/strong&gt;\n                                        &lt;a href=\"{{gateway_link}}\" style=\"color:#2563eb;text-decoration:none;word-break:break-all;\"&gt;\n                                            {{gateway_link}}\n                                        &lt;/a&gt;\n                                    &lt;/p&gt;\n\n                                    &lt;p style=\"margin:0 0 6px 0;\"&gt;\n                                        &lt;strong&gt;Amount:&lt;/strong&gt;\n                                        ${{amount}}\n                                    &lt;/p&gt;\n\n                                    &lt;p style=\"margin:0;\"&gt;\n                                        &lt;strong&gt;Service:&lt;/strong&gt;\n                                        {{service}}\n                                    &lt;/p&gt;\n\n                                &lt;/td&gt;\n                            &lt;/tr&gt;\n                        &lt;/table&gt;\n\n                        &lt;p style=\"margin:0 0 18px 0;\"&gt;\n                            After you send the payment, please open your order summary using the link below and confirm your payment:\n                        &lt;/p&gt;\n\n                        &lt;!-- Button --&gt;\n                        &lt;table role=\"presentation\" cellpadding=\"0\" cellspacing=\"0\" style=\"margin:0 0 20px 0;\"&gt;\n                            &lt;tr&gt;\n                                &lt;td align=\"center\"&gt;\n                                    &lt;a href=\"{{tracking_url}}\"\n                                       style=\"display:inline-block;background-color:#2563eb;color:#ffffff;\n                                              padding:10px 22px;border-radius:999px;font-size:14px;\n                                              text-decoration:none;font-weight:600;\"&gt;\n                                        View order summary\n                                    &lt;/a&gt;\n                                &lt;/td&gt;\n                            &lt;/tr&gt;\n                        &lt;/table&gt;\n\n                        &lt;p style=\"margin:0 0 12px 0;font-size:12px;color:#6b7280;line-height:1.5;\"&gt;\n                            Or paste this link into your browser:&lt;br&gt;\n                            &lt;span style=\"word-break:break-all;color:#2563eb;\"&gt;\n                                {{tracking_url}}\n                            &lt;/span&gt;\n                        &lt;/p&gt;\n\n                        &lt;p style=\"margin:18px 0 0 0;\"&gt;\n                            Thank you,&lt;br&gt;\n                            &lt;strong&gt;The PaymentACC Team&lt;/strong&gt;\n                        &lt;/p&gt;\n                    &lt;/td&gt;\n                &lt;/tr&gt;\n\n                &lt;!-- Footer --&gt;\n                &lt;tr&gt;\n                    &lt;td style=\"padding:12px 24px 18px 24px;text-align:center;font-size:11px;color:#9ca3af;background-color:#f9fafb;\"&gt;\n                        This email was sent automatically. Please do not reply directly to this message.\n                    &lt;/td&gt;\n                &lt;/tr&gt;\n\n            &lt;/table&gt;\n        &lt;/td&gt;\n    &lt;/tr&gt;\n&lt;/table&gt;\n\n&lt;/body&gt;\n&lt;/html&gt;\n<br></pre>', 1, '2025-11-24 04:19:06', '2025-11-24 04:19:16'),
(7, 'nowpay', 'nowpay', 'nowpay order Confirmation', '<h2>✅ Payment Confirmed</h2>\r\n<p>Dear {name},</p>\r\n<p>Your payment for <strong>{service}</strong> has been successfully processed.</p>\r\n<p><strong>Amount:</strong> ${amount}</p>\r\n<p><strong>Tracking Code:</strong> {tracking_code}</p>', 1, '2025-10-19 23:45:35', '2025-10-20 00:03:39'),
(8, 'reminder_1_day_before', 'reminder_1_day_before', 'Reminder: Your Order Expiration is Tomorrow', 'Dear {{customer_name}},\r\n\r\nThis is a reminder that your order (Order #{{order_id}}) will expire tomorrow. Please take the necessary action before it expires.\r\n\r\nBest regards,\r\nYour Company', 1, '2025-11-24 09:19:06', '2025-11-24 09:19:16'),
(9, 'reminder_4_day_before', 'reminder_4_day_before', 'Reminder: Your Order Expiration in 4 Days', 'Dear {{customer_name}},\r\n\r\nThis is a friendly reminder that your order (Order #{{order_id}}) will expire in 4 days. Don’t forget to complete any necessary actions before the expiration date.\r\n\r\nBest regards,\r\nYour Company', 1, '2025-11-24 09:19:06', '2025-11-24 09:19:16'),
(10, 'reminder_7_day_before', 'reminder_7_day_before', 'Reminder: Your Order Expiration in 7 Days', 'Dear {{customer_name}},\r\n\r\nWe wanted to remind you that your order (Order #{{order_id}}) will expire in 7 days. Please make sure to take the required actions before it expires.\r\n\r\nBest regards,\r\nYour Company', 1, '2025-11-24 09:19:06', '2025-11-24 09:19:16');

-- --------------------------------------------------------

--
-- Table structure for table `failed_jobs`
--

CREATE TABLE `failed_jobs` (
  `id` bigint(20) UNSIGNED NOT NULL,
  `uuid` varchar(255) NOT NULL,
  `connection` text NOT NULL,
  `queue` text NOT NULL,
  `payload` longtext NOT NULL,
  `exception` longtext NOT NULL,
  `failed_at` timestamp NOT NULL DEFAULT current_timestamp()
) ENGINE=InnoDB DEFAULT CHARSET=utf8mb4 COLLATE=utf8mb4_unicode_ci;

-- --------------------------------------------------------

--
-- Table structure for table `gateways`
--

CREATE TABLE `gateways` (
  `id` bigint(20) UNSIGNED NOT NULL,
  `email` varchar(255) DEFAULT NULL,
  `display_name` varchar(255) DEFAULT NULL,
  `delivery_mode` enum('email','url') NOT NULL DEFAULT 'email',
  `payment_url` varchar(255) DEFAULT NULL,
  `link` varchar(255) DEFAULT NULL,
  `limit_amount` decimal(12,2) NOT NULL DEFAULT 0.00,
  `used_amount` decimal(12,2) NOT NULL DEFAULT 0.00,
  `is_active` tinyint(1) NOT NULL DEFAULT 1,
  `priority` int(10) UNSIGNED NOT NULL DEFAULT 1,
  `created_at` timestamp NULL DEFAULT NULL,
  `updated_at` timestamp NULL DEFAULT NULL,
  `name` varchar(255) DEFAULT NULL,
  `type` varchar(255) NOT NULL DEFAULT 'paypal',
  `provider` varchar(255) DEFAULT NULL,
  `api_key` varchar(255) DEFAULT NULL,
  `api_secret` varchar(255) DEFAULT NULL,
  `invoice_description` varchar(255) DEFAULT NULL,
  `email_template_type` varchar(255) DEFAULT NULL,
  `email_template_id` bigint(20) UNSIGNED DEFAULT NULL,
  `max_transactions` int(11) NOT NULL DEFAULT 0,
  `logo` varchar(255) DEFAULT NULL
) ENGINE=InnoDB DEFAULT CHARSET=utf8mb4 COLLATE=utf8mb4_unicode_ci;

--
-- Dumping data for table `gateways`
--

INSERT INTO `gateways` (`id`, `email`, `display_name`, `delivery_mode`, `payment_url`, `link`, `limit_amount`, `used_amount`, `is_active`, `priority`, `created_at`, `updated_at`, `name`, `type`, `provider`, `api_key`, `api_secret`, `invoice_description`, `email_template_type`, `email_template_id`, `max_transactions`, `logo`) VALUES
(16, 'balrajsingh@chapar.us', NULL, 'email', NULL, 'http://paypal.hostsky.shop', 100.00, 57.40, 1, 1, '2025-12-05 15:16:34', '2025-12-30 00:11:27', 'first', 'paypal', NULL, NULL, NULL, NULL, 'custom', NULL, 15, NULL),
(19, 'bui_hanh@xoomail.us', NULL, 'email', NULL, 'http://paypal.hostsky.shop', 100.00, 54.40, 1, 4, '2025-12-05 15:18:33', '2025-12-29 23:59:45', 'four', 'paypal', NULL, NULL, NULL, NULL, 'custom', NULL, 15, NULL),
(20, 'dang_vinh@xoomail.us', NULL, 'email', NULL, 'http://paypal.hostsky.shop', 100.00, 75.00, 1, 5, '2025-12-05 15:19:01', '2025-12-20 03:46:46', 'five', 'paypal', NULL, NULL, NULL, NULL, 'custom', NULL, 15, NULL),
(22, 'franklindjmgresty928@protonmail.com', NULL, 'email', NULL, 'http://paypal.hostsky.shop', 100.00, 53.40, 1, 7, '2025-12-05 15:20:07', '2025-12-30 00:13:45', 'seven', 'paypal', NULL, NULL, NULL, NULL, 'custom', NULL, 15, NULL),
(23, 'saruarjahan@xoomail.us', NULL, 'email', NULL, 'http://paypal.hostsky.shop', 100.00, 54.00, 1, 8, '2025-12-05 15:20:57', '2025-12-29 23:31:01', 'eight', 'paypal', NULL, NULL, NULL, NULL, 'custom', NULL, 15, NULL);

-- --------------------------------------------------------

--
-- Table structure for table `jobs`
--

CREATE TABLE `jobs` (
  `id` bigint(20) UNSIGNED NOT NULL,
  `queue` varchar(255) NOT NULL,
  `payload` longtext NOT NULL,
  `attempts` tinyint(3) UNSIGNED NOT NULL,
  `reserved_at` int(10) UNSIGNED DEFAULT NULL,
  `available_at` int(10) UNSIGNED NOT NULL,
  `created_at` int(10) UNSIGNED NOT NULL
) ENGINE=InnoDB DEFAULT CHARSET=utf8mb4 COLLATE=utf8mb4_unicode_ci;

-- --------------------------------------------------------

--
-- Table structure for table `job_batches`
--

CREATE TABLE `job_batches` (
  `id` varchar(255) NOT NULL,
  `name` varchar(255) NOT NULL,
  `total_jobs` int(11) NOT NULL,
  `pending_jobs` int(11) NOT NULL,
  `failed_jobs` int(11) NOT NULL,
  `failed_job_ids` longtext NOT NULL,
  `options` mediumtext DEFAULT NULL,
  `cancelled_at` int(11) DEFAULT NULL,
  `created_at` int(11) NOT NULL,
  `finished_at` int(11) DEFAULT NULL
) ENGINE=InnoDB DEFAULT CHARSET=utf8mb4 COLLATE=utf8mb4_unicode_ci;

-- --------------------------------------------------------

--
-- Table structure for table `migrations`
--

CREATE TABLE `migrations` (
  `id` int(10) UNSIGNED NOT NULL,
  `migration` varchar(255) NOT NULL,
  `batch` int(11) NOT NULL
) ENGINE=InnoDB DEFAULT CHARSET=utf8mb4 COLLATE=utf8mb4_unicode_ci;

--
-- Dumping data for table `migrations`
--

INSERT INTO `migrations` (`id`, `migration`, `batch`) VALUES
(1, '0001_01_01_000000_create_users_table', 1),
(2, '0001_01_01_000001_create_cache_table', 1),
(3, '0001_01_01_000002_create_jobs_table', 1),
(4, '2025_10_08_091842_add_role_to_users_table', 2),
(5, '2025_10_08_092732_create_requests_table', 3),
(6, '2025_10_08_094810_create_orders_table', 4),
(7, '2025_10_08_102014_add_role_to_users_table', 5),
(8, '2025_10_08_114449_create_gateways_table', 6),
(9, '2025_10_08_114819_add_gateway_id_to_orders_table', 7),
(10, '2025_10_08_152245_add_is_admin_to_users_table', 8),
(11, '2025_10_08_155304_add_extra_fields_to_gateways_table', 9),
(12, '2025_10_08_180719_alter_status_enum_on_orders_table', 10),
(13, '2025_10_09_074625_add_priority_to_gateways_table', 10),
(14, '2025_10_09_075144_create_email_templates_table', 11),
(15, '2025_10_09_075822_create_email_templates_table', 12),
(16, '2025_10_09_080412_add_email_template_id_to_gateways_table', 13),
(17, '2025_10_13_024740_create_products_table', 14),
(18, '2025_10_13_024956_add_product_id_to_orders_table', 14),
(19, '2025_10_13_035844_add_paypal_fields_to_gateways_table', 15),
(20, '2025_10_13_050557_add_payment_instructions_to_orders_table', 16),
(21, '2025_10_15_072256_create_tickets_table', 17),
(22, '2025_10_15_072257_create_ticket_messages_table', 18),
(23, '2025_10_15_082429_add_message_to_tickets_table', 19),
(24, '2025_10_19_055733_add_type_to_gateways_table', 20),
(25, '2025_10_19_062903_make_email_nullable_in_gateways_table', 21),
(26, '2025_11_19_110321_add_delivery_fields_to_orders_table', 22),
(27, '2025_11_19_114438_alter_status_column_on_orders_table', 23),
(28, '2025_11_24_115125_create_paypal_payment_submissions_table', 24);

-- --------------------------------------------------------

--
-- Table structure for table `orders`
--

CREATE TABLE `orders` (
  `id` bigint(20) UNSIGNED NOT NULL,
  `user_id` bigint(20) UNSIGNED DEFAULT NULL,
  `name` varchar(255) NOT NULL,
  `email` varchar(255) NOT NULL,
  `service` varchar(255) NOT NULL,
  `amount` decimal(10,2) DEFAULT NULL,
  `description` text DEFAULT NULL,
  `payment_instructions` longtext CHARACTER SET utf8mb4 COLLATE utf8mb4_bin DEFAULT NULL CHECK (json_valid(`payment_instructions`)),
  `response` text DEFAULT NULL,
  `status` varchar(32) NOT NULL DEFAULT 'pending',
  `tracking_code` varchar(255) NOT NULL,
  `created_at` timestamp NULL DEFAULT NULL,
  `updated_at` timestamp NULL DEFAULT NULL,
  `expire_at` timestamp NULL DEFAULT NULL,
  `send_at` timestamp NULL DEFAULT NULL,
  `gateway_id` bigint(20) UNSIGNED DEFAULT NULL,
  `product_id` bigint(20) UNSIGNED DEFAULT NULL,
  `discount_code` varchar(20) DEFAULT NULL,
  `delivery_username` varchar(255) DEFAULT NULL,
  `delivery_password` varchar(255) DEFAULT NULL,
  `delivery_server` varchar(255) DEFAULT NULL,
  `delivery_notes` text DEFAULT NULL
) ENGINE=InnoDB DEFAULT CHARSET=utf8mb4 COLLATE=utf8mb4_unicode_ci;

--
-- Dumping data for table `orders`
--

INSERT INTO `orders` (`id`, `user_id`, `name`, `email`, `service`, `amount`, `description`, `payment_instructions`, `response`, `status`, `tracking_code`, `created_at`, `updated_at`, `expire_at`, `send_at`, `gateway_id`, `product_id`, `discount_code`, `delivery_username`, `delivery_password`, `delivery_server`, `delivery_notes`) VALUES
(1, NULL, 'test', 'ali@gmail.com', 'sassa', 50.00, 'just testing', NULL, NULL, 'pending', 'EJKACZBTIQ', '2025-10-08 03:02:33', '2025-10-08 04:57:07', NULL, NULL, NULL, NULL, '', NULL, NULL, NULL, NULL),
(2, NULL, 'farid22', 'farid22@gmail.com', 'sassa', 50.00, '0500', NULL, NULL, 'pending', 'SIDSUDKNCM', '2025-10-08 04:04:09', '2025-10-08 04:04:09', NULL, NULL, NULL, NULL, '', NULL, NULL, NULL, NULL),
(3, 4, 'farid22', 'farid22@gmail.com', 'sassa', 50.00, '500', NULL, NULL, 'pending', 'FCFU8MRV3Q', '2025-10-08 04:13:32', '2025-10-08 04:13:32', NULL, NULL, NULL, NULL, '', NULL, NULL, NULL, NULL),
(4, NULL, 'farid2', 'farid@gmail.com', 'nadarad', 100.00, 'minimum', NULL, NULL, 'pending', 'PDB239EGOE', '2025-10-08 11:09:14', '2025-10-08 11:09:14', NULL, NULL, NULL, NULL, '', NULL, NULL, NULL, NULL),
(5, 6, 'mamad', 'mamsmksa@gmail.com', 'kkask', 400.00, NULL, NULL, NULL, 'pending', 'P59IGKZUT1', '2025-10-09 02:42:20', '2025-10-09 02:42:20', NULL, NULL, NULL, NULL, '', NULL, NULL, NULL, NULL),
(6, 7, 'mamad', 'mamms@gmail.com', 'maomasm', 1200.00, NULL, NULL, NULL, 'pending', '01K74H0S3BY5QRPXRVZG2CQRWT', '2025-10-09 06:01:58', '2025-10-09 06:01:58', NULL, NULL, NULL, NULL, '', NULL, NULL, NULL, NULL),
(7, 8, 'mamad444۴۴', 'mamad92939@gmail.com', 'mamadm', 140.00, 'ss', NULL, NULL, 'pending', '01K74JFTZQJ7809TYZNKTXHEPP', '2025-10-09 06:27:40', '2025-10-09 06:27:40', NULL, NULL, NULL, NULL, '', NULL, NULL, NULL, NULL),
(8, 8, 'navid', 'mamad92939@gmail.com', 'mamadm', 100.00, NULL, NULL, NULL, 'pending', '01K74JXN0V44W1W657E48EM61K', '2025-10-09 06:35:13', '2025-10-09 06:35:13', NULL, NULL, NULL, NULL, '', NULL, NULL, NULL, NULL),
(9, 8, 'mamad4442ekk', 'mamad92939@gmail.com', 'maomasm2', 21.00, NULL, NULL, NULL, 'pending', '01K74K3W7YACJXDEK73XZKRVX0', '2025-10-09 06:38:37', '2025-10-09 06:38:37', NULL, NULL, NULL, NULL, '', NULL, NULL, NULL, NULL),
(10, 9, 'mamad4443333', 'odoajdkansj@gmail.com', 'mehmet', 100.00, NULL, NULL, NULL, 'pending', '01K74K5AGXVPVNPR394TF3A3P5', '2025-10-09 06:39:24', '2025-10-09 06:39:24', NULL, NULL, NULL, NULL, '', NULL, NULL, NULL, NULL),
(11, 9, 'mamad444333323', 'odoajdkansj@gmail.com', 'ndiams', 1230.00, NULL, NULL, NULL, 'pending', '01K74K6NF6CARM7WMER4N2SHFV', '2025-10-09 06:40:08', '2025-10-09 06:40:08', NULL, NULL, NULL, NULL, '', NULL, NULL, NULL, NULL),
(12, 9, 'mamad444333310', 'odoajdkansj@gmail.com', 'morad', 100.00, NULL, NULL, NULL, 'pending', '01K74KBQJNAB3BHKJ7MZGHE28V', '2025-10-09 06:42:54', '2025-10-09 06:42:54', NULL, NULL, NULL, NULL, '', NULL, NULL, NULL, NULL),
(13, 10, 'mam444ad444', '41214444421@gmail.com', 'xradas', 1200.00, NULL, NULL, NULL, 'pending', '01K74KCTYAS4B87XNW96KX2H3N', '2025-10-09 06:43:31', '2025-10-09 06:43:31', NULL, NULL, NULL, NULL, '', NULL, NULL, NULL, NULL),
(14, 11, 'sorosh', 'sorosh@gmail.com', 'menmkd', 100.00, NULL, NULL, NULL, 'pending', '01K7DPNCAE9FGA1XPZ3J9F3K3S', '2025-10-12 19:33:46', '2025-10-12 19:33:46', NULL, NULL, NULL, NULL, '', NULL, NULL, NULL, NULL),
(15, 13, 'nahid', 'nahaid@gmail.com', 'Pro Pack', 49.00, NULL, NULL, NULL, 'pending', '01K7DSVYZ6WB4TX3C1W9XK24V4', '2025-10-12 20:29:48', '2025-10-12 20:29:48', NULL, NULL, NULL, 2, '', NULL, NULL, NULL, NULL),
(16, 1, 'Admin', 'admin@example.com', 'Basic Pack', 25.00, 'terminal test', NULL, NULL, 'pending', '01K7DY1CRAQV5YX66312HQ2Z1Z', '2025-10-12 21:42:40', '2025-10-12 21:42:40', NULL, NULL, NULL, 1, '', NULL, NULL, NULL, NULL),
(17, 1, 'Admin', 'admin@example.com', 'Basic Pack', 25.00, 'payment instr test', NULL, NULL, 'pending', '01K7DZSWKJAC54V51S8W7XX58D', '2025-10-12 22:13:31', '2025-10-12 22:13:31', NULL, NULL, NULL, 1, '', NULL, NULL, NULL, NULL),
(18, 1, 'Admin', 'admin@example.com', 'Basic Pack', 25.00, 'test with cast', NULL, NULL, 'pending', '01K7DZZKYAMKKYDA31XVR4QVYH', '2025-10-12 22:16:39', '2025-10-12 22:16:39', NULL, NULL, NULL, 1, '', NULL, NULL, NULL, NULL),
(19, 1, 'Admin', 'admin@example.com', 'Basic Pack', 25.00, 'payment instruction test', '{\"provider\":\"paypal\",\"gateway_id\":8,\"display\":\"PayPal B\",\"amount\":25,\"email\":\"merchant2@example.com\",\"url\":null,\"note\":\"After payment, please open a ticket and say: I have paid.\"}', NULL, 'pending', '01K7E0613RMM6R701CG86XB5A0', '2025-10-12 22:20:09', '2025-10-12 22:20:09', NULL, NULL, NULL, 1, '', NULL, NULL, NULL, NULL),
(20, 1, 'Admin', 'admin@example.com', 'Basic Pack', 25.00, 'payment instruction test', NULL, NULL, 'pending', '01K7E0VEPQJ372YK7TMQ04ZT5S', '2025-10-12 22:31:51', '2025-10-12 22:31:51', NULL, NULL, NULL, 1, '', NULL, NULL, NULL, NULL),
(21, 1, 'Admin', 'admin@example.com', 'Basic Pack', 25.00, 'payment instruction test', '{\"provider\":\"paypal\",\"gateway_id\":8,\"display\":\"PayPal B\",\"amount\":25,\"email\":\"merchant2@example.com\",\"url\":null,\"note\":\"After payment, please open a ticket and say: I have paid.\",\"email_subject\":\"Your PayPal payment details\",\"email_body\":\"Hi Admin,\\n\\nPlease send $25 via PayPal to: merchant2@example.com.\\nAfter payment, open a ticket and say: I have paid.\\n\\nThanks!\"}', NULL, 'pending', '01K7E14D8FJ4ZV4034YZKVMBQ5', '2025-10-12 22:36:44', '2025-10-12 22:36:44', NULL, NULL, NULL, 1, '', NULL, NULL, NULL, NULL),
(22, 14, 'zari', 'zari@gmail.com', 'Pro Pack', 49.00, 'note nw ', '{\"provider\":\"paypal\",\"gateway_id\":8,\"display\":\"PayPal B\",\"amount\":49,\"email\":\"merchant2@example.com\",\"url\":null,\"note\":\"After payment, please open a ticket and say: I have paid.\",\"email_subject\":\"Your PayPal payment details\",\"email_body\":\"Hi zari,\\n\\nPlease send $49 via PayPal to: merchant2@example.com.\\nAfter payment, open a ticket and say: I have paid.\\n\\nThanks!\"}', NULL, 'pending', '01K7E1DD66HRJR3GHC1Y1JP6G6', '2025-10-12 22:41:39', '2025-10-12 22:41:39', NULL, NULL, NULL, 2, '', NULL, NULL, NULL, NULL),
(23, 1, 'Admin', 'admin@example.com', 'Pro Pack', 49.00, NULL, '{\"provider\":\"paypal\",\"gateway_id\":10,\"display\":null,\"amount\":49,\"email\":\"maksk@gmail.com\",\"url\":null,\"note\":\"After payment, please open a ticket and say: I have paid.\",\"email_subject\":\"Your PayPal payment details\",\"email_body\":\"Hi Admin,\\n\\nPlease send $49 via PayPal to: maksk@gmail.com.\\nAfter payment, open a ticket and say: I have paid.\\n\\nThanks!\"}', NULL, 'pending', '01K7E1R2HZ10REV5DB1ZCAM2FY', '2025-10-12 22:47:29', '2025-10-12 22:47:29', NULL, NULL, NULL, 2, '', NULL, NULL, NULL, NULL),
(24, 15, 'ziba', 'zibashh2@gmail.com', 'Pro Pack', 49.00, 'hOW Old are you', '{\"provider\":\"paypal\",\"gateway_id\":8,\"display\":\"PayPal B\",\"amount\":49,\"email\":\"merchant2@example.com\",\"url\":null,\"note\":\"After payment, please open a ticket and say: I have paid.\",\"email_subject\":\"Your PayPal payment details\",\"email_body\":\"Hi ziba,\\n\\nPlease send $49 via PayPal to: merchant2@example.com.\\nAfter payment, open a ticket and say: I have paid.\\n\\nThanks!\"}', NULL, 'pending', '01K7E6H1CRVRWJT68NW9926C9D', '2025-10-13 00:11:01', '2025-10-13 00:11:01', NULL, NULL, NULL, 2, '', NULL, NULL, NULL, NULL),
(25, 16, 'madar', 'madar@gmail.com', 'Pro Pack', 49.00, 'adada', '{\"provider\":\"paypal\",\"gateway_id\":10,\"display\":\"PayPal #10\",\"amount\":49,\"email\":\"maksk@gmail.com\",\"url\":null,\"note\":\"After payment, please open a ticket and say: I have paid.\",\"email_subject\":\"Your PayPal payment details\",\"email_body\":\"Hi madar,\\n\\nPlease send $49 via PayPal to: maksk@gmail.com.\\nAfter payment, open a ticket and say: I have paid.\\n\\nThanks!\"}', NULL, 'pending', '01K7E6S83XFFNG5ZDKQ16K4ZWV', '2025-10-13 00:15:30', '2025-10-13 00:15:30', NULL, NULL, NULL, 2, '', NULL, NULL, NULL, NULL),
(26, 17, 'istanbull', 'istanbull@gmail.com', 'Basic Pack', 25.00, 'www', '{\"provider\":\"paypal\",\"gateway_id\":8,\"display\":\"PayPal B\",\"amount\":25,\"email\":\"merchant2@example.com\",\"url\":null,\"note\":\"After payment, please open a ticket and say: I have paid.\",\"email_subject\":\"Your PayPal payment details\",\"email_body\":\"Hi istanbull,\\n\\nPlease send $25 via PayPal to: merchant2@example.com.\\nAfter payment, open a ticket and say: I have paid.\\n\\nThanks!\"}', NULL, 'pending', '01K7E7A3H8J36TBKADKNS1J97Y', '2025-10-13 00:24:42', '2025-10-13 00:24:42', NULL, NULL, NULL, 1, '', NULL, NULL, NULL, NULL),
(27, 18, 'moradi', 'moradi@gmail.com', 'Pro Pack', 49.00, 'dada', '{\"provider\":\"paypal\",\"gateway_id\":8,\"display\":\"PayPal B\",\"amount\":49,\"email\":\"merchant2@example.com\",\"url\":null,\"note\":\"After payment, please open a ticket and say: I have paid.\",\"email_subject\":\"Your PayPal payment details\",\"email_body\":\"Hi moradi,\\n\\nPlease send $49 via PayPal to: merchant2@example.com.\\nAfter payment, open a ticket and say: I have paid.\\n\\nThanks!\"}', NULL, 'pending', '01K7E7PE7HPKXHE94DQ61BW9NW', '2025-10-13 00:31:27', '2025-10-13 00:31:27', NULL, NULL, NULL, 2, '', NULL, NULL, NULL, NULL),
(28, 19, 'pamksmk', 'laskalsk@gmail.com', 'Pro Pack', 49.00, 'sdada', '{\"provider\":\"paypal\",\"gateway_id\":10,\"display\":\"PayPal #10\",\"amount\":49,\"email\":\"maksk@gmail.com\",\"url\":null,\"note\":\"After payment, please open a ticket and say: I have paid.\",\"email_subject\":\"Your PayPal payment details\",\"email_body\":\"Hi pamksmk,\\n\\nPlease send $49 via PayPal to: maksk@gmail.com.\\nAfter payment, open a ticket and say: I have paid.\\n\\nThanks!\"}', NULL, 'pending', '01K7E7R7BBMYBKKMP00YN3307V', '2025-10-13 00:32:25', '2025-10-13 00:32:25', NULL, NULL, NULL, 2, '', NULL, NULL, NULL, NULL),
(29, 20, 'zeynab', 'zayenab@gmail.com', 'Pro Pack', 49.00, NULL, '{\"provider\":\"paypal\",\"gateway_id\":7,\"display\":\"PayPal A\",\"amount\":49,\"email\":\"merchant1@example.com\",\"url\":null,\"note\":\"After payment, please open a ticket and say: I have paid.\",\"email_subject\":\"Your PayPal payment details\",\"email_body\":\"Hi zeynab,\\n\\nPlease send $49 via PayPal to: merchant1@example.com.\\nAfter payment, open a ticket and say: I have paid.\\n\\nThanks!\"}', NULL, 'pending', '01K7E7Y8QJ07AJSQTS4EAH9963', '2025-10-13 00:35:43', '2025-10-13 00:35:43', NULL, NULL, NULL, 2, '', NULL, NULL, NULL, NULL),
(30, 21, 'arasto', 'arasto@gmail.com', 'Pro Pack', 49.00, 'new order ', '{\"provider\":\"paypal\",\"gateway_id\":8,\"display\":\"PayPal B\",\"amount\":49,\"email\":\"merchant2@example.com\",\"url\":null,\"note\":\"After payment, please open a ticket and say: I have paid.\",\"email_subject\":\"Your PayPal payment details\",\"email_body\":\"Hi arasto,\\n\\nPlease send $49 via PayPal to: merchant2@example.com.\\nAfter payment, open a ticket and say: I have paid.\\n\\nThanks!\"}', NULL, 'pending', '01K7E85D8TTB6AGJ4AGD8XCG05', '2025-10-13 00:39:37', '2025-10-13 00:39:37', NULL, NULL, NULL, 2, '', NULL, NULL, NULL, NULL),
(31, 22, 'niaz', 'niaz@gmail.com', 'Ultimate', 99.00, NULL, '{\"provider\":\"paypal\",\"gateway_id\":10,\"display\":\"PayPal #10\",\"amount\":99,\"email\":\"maksk@gmail.com\",\"url\":null,\"note\":\"After payment, please open a ticket and say: I have paid.\",\"email_subject\":\"Your PayPal payment details\",\"email_body\":\"Hi niaz,\\n\\nPlease send $99 via PayPal to: maksk@gmail.com.\\nAfter payment, open a ticket and say: I have paid.\\n\\nThanks!\"}', NULL, 'pending', '01K7E8NFJQGGDS6R7PVTDD2N87', '2025-10-13 00:48:24', '2025-10-13 00:48:24', NULL, NULL, NULL, 3, '', NULL, NULL, NULL, NULL),
(32, 23, 'milad', 'milad@gmail.com', 'Pro Pack', 49.00, 'fck', '{\"provider\":\"paypal\",\"gateway_id\":7,\"display\":\"PayPal A\",\"amount\":49,\"email\":\"merchant1@example.com\",\"url\":null,\"note\":\"After payment, please open a ticket and say: I have paid.\",\"email_subject\":\"Your PayPal payment details\",\"email_body\":\"Hi milad,\\n\\nPlease send $49 via PayPal to: merchant1@example.com.\\nAfter payment, open a ticket and say: I have paid.\\n\\nThanks!\"}', NULL, 'pending', '01K7E93YZDZKK4PGXQ7233F4RR', '2025-10-13 00:56:18', '2025-10-13 00:56:18', NULL, NULL, NULL, 2, '', NULL, NULL, NULL, NULL),
(33, 24, 'zarif', 'zarif@gmail.com', 'Pro Pack', 49.00, NULL, '{\"provider\":\"paypal\",\"gateway_id\":8,\"display\":\"PayPal B\",\"amount\":49,\"email\":\"merchant2@example.com\",\"url\":null,\"note\":\"After payment, please open a ticket and say: I have paid.\",\"email_subject\":\"Your PayPal payment details\",\"email_body\":\"Hi zarif,\\n\\nPlease send $49 via PayPal to: merchant2@example.com.\\nAfter payment, open a ticket and say: I have paid.\\n\\nThanks!\"}', NULL, 'pending', '01K7EB45PQ60TMQ53CB0E5HW63', '2025-10-13 01:31:22', '2025-10-13 01:31:22', NULL, NULL, NULL, 2, '', NULL, NULL, NULL, NULL),
(34, 25, 'kksammsa!@', 'msakjsk@gmail.com', 'Ultimate', 99.00, 'sada', '{\"provider\":\"paypal\",\"gateway_id\":7,\"display\":\"PayPal A\",\"amount\":99,\"email\":\"merchant1@example.com\",\"url\":null,\"note\":\"After payment, please open a ticket and say: I have paid.\",\"email_subject\":\"Your PayPal payment details\",\"email_body\":\"Hi kksammsa!@,\\n\\nPlease send $99 via PayPal to: merchant1@example.com.\\nAfter payment, open a ticket and say: I have paid.\\n\\nThanks!\"}', NULL, 'pending', '01K7ECVE353Q166V9SVZ3SZ2T0', '2025-10-13 02:01:33', '2025-10-13 02:01:33', NULL, NULL, NULL, 3, '', NULL, NULL, NULL, NULL),
(35, 26, 'nima1212', 'nima@gmail.com', 'Pro Pack', 49.00, NULL, '{\"provider\":\"paypal\",\"gateway_id\":8,\"display\":\"PayPal B\",\"amount\":49,\"email\":\"merchant2@example.com\",\"url\":null,\"note\":\"After payment, please open a ticket and say: I have paid.\",\"email_subject\":\"Your PayPal payment details\",\"email_body\":\"Hi nima,\\n\\nPlease send $49 via PayPal to: merchant2@example.com.\\nAfter payment, open a ticket and say: I have paid.\\n\\nThanks!\"}', NULL, 'pending', '01K7EDBBS2YT842N253MWFW1Z6', '2025-10-13 02:10:15', '2025-10-13 02:10:15', NULL, NULL, NULL, 2, '', NULL, NULL, NULL, NULL),
(36, 27, 'arosak', 'arosak@gmail.com', 'Pro Pack', 49.00, '1212', '{\"provider\":\"paypal\",\"gateway_id\":10,\"display\":\"PayPal #10\",\"amount\":49,\"email\":\"maksk@gmail.com\",\"url\":null,\"note\":\"After payment, please open a ticket and say: I have paid.\",\"email_subject\":\"Your PayPal payment details\",\"email_body\":\"Hi arosak,\\n\\nPlease send $49 via PayPal to: maksk@gmail.com.\\nAfter payment, open a ticket and say: I have paid.\\n\\nThanks!\"}', NULL, 'pending', '01K7EDCJQFZG9FHMK6MDX3JYGJ', '2025-10-13 02:10:55', '2025-10-13 02:10:55', NULL, NULL, NULL, 2, '', NULL, NULL, NULL, NULL),
(37, 34, 'hajar', 'hajar@gmail.com', 'Pro Pack', 49.00, 'dadad', '{\"provider\":\"paypal\",\"gateway_id\":8,\"display\":\"PayPal B\",\"amount\":49,\"email\":\"merchant2@example.com\",\"url\":null,\"note\":\"After payment, please open a ticket and say: I have paid.\",\"email_subject\":\"Your PayPal payment details\",\"email_body\":\"Hi hajar,\\n\\nPlease send $49 via PayPal to: merchant2@example.com.\\nAfter payment, open a ticket and say: I have paid.\\n\\nThanks!\"}', NULL, 'pending', '01K7EG89M1BTBJAY46CMFZC0YM', '2025-10-13 03:01:00', '2025-10-13 03:01:00', NULL, NULL, NULL, 2, '', NULL, NULL, NULL, NULL),
(38, 35, 'shad', 'mr.fa@gmail.com', 'Pro Pack', 49.00, NULL, '{\"provider\":\"paypal\",\"gateway_id\":8,\"display\":\"PayPal B\",\"amount\":49,\"email\":\"merchant2@example.com\",\"url\":null,\"note\":\"After payment, please open a ticket and say: I have paid.\",\"email_subject\":\"Your PayPal payment details\",\"email_body\":\"Hi shad,\\n\\nPlease send $49 via PayPal to: merchant2@example.com.\\nAfter payment, open a ticket and say: I have paid.\\n\\nThanks!\"}', NULL, 'pending', '01K7EYSBTE4RDEGY0Q9Z97B23Y', '2025-10-13 07:15:00', '2025-10-13 07:15:00', NULL, NULL, NULL, 2, '', NULL, NULL, NULL, NULL),
(39, 36, 'faridi', 'faridi@gmail.com', 'Pro Pack', 49.00, NULL, '{\"provider\":\"paypal\",\"gateway_id\":8,\"display\":\"PayPal B\",\"amount\":49,\"email\":\"merchant2@example.com\",\"url\":null,\"note\":\"After payment, please open a ticket and say: I have paid.\",\"email_subject\":\"Your PayPal payment details\",\"email_body\":\"Hi faridi,\\n\\nPlease send $49 via PayPal to: merchant2@example.com.\\nAfter payment, open a ticket and say: I have paid.\\n\\nThanks!\"}', NULL, 'pending', '01K7KP2EX1BRA5DBH9PNWF9B7C', '2025-10-15 03:18:53', '2025-10-15 03:18:53', NULL, NULL, NULL, 2, '', NULL, NULL, NULL, NULL),
(40, 37, 'akhtar', 'akhtar@gmail.com', 'Pro Pack', 49.00, 'lokoko', '{\"provider\":\"paypal\",\"gateway_id\":8,\"display\":\"PayPal B\",\"amount\":49,\"email\":\"merchant2@example.com\",\"url\":null,\"note\":\"After payment, please open a ticket and say: I have paid.\",\"email_subject\":\"Your PayPal payment details\",\"email_body\":\"Hi akhtar,\\n\\nPlease send $49 via PayPal to: merchant2@example.com.\\nAfter payment, open a ticket and say: I have paid.\\n\\nThanks!\"}', NULL, 'pending', '01K7KSRS9YPV8SMXH0QQP0GEC2', '2025-10-15 04:23:30', '2025-10-15 04:23:30', NULL, NULL, NULL, 2, '', NULL, NULL, NULL, NULL),
(41, 39, 'zizo', 'zizo@gmail.com', 'Pro Pack', 49.00, 'dada', '{\"provider\":\"paypal\",\"gateway_id\":8,\"display\":\"PayPal B\",\"amount\":49,\"email\":\"merchant2@example.com\",\"url\":null,\"note\":\"After payment, please open a ticket and say: I have paid.\",\"email_subject\":\"Your PayPal payment details\",\"email_body\":\"Hi zizo,\\n\\nPlease send $49 via PayPal to: merchant2@example.com.\\nAfter payment, open a ticket and say: I have paid.\\n\\nThanks!\"}', NULL, 'pending', '01K7RH5HTG9JTNBH709SA3JRXX', '2025-10-17 00:29:23', '2025-10-17 00:29:23', NULL, NULL, NULL, 2, '', NULL, NULL, NULL, NULL),
(42, 40, 'sarina', 'sarina@gmail.com', 'Basic Pack', 25.00, 'sarina', '{\"provider\":\"paypal\",\"gateway_id\":8,\"display\":\"PayPal B\",\"amount\":25,\"email\":\"merchant2@example.com\",\"url\":null,\"note\":\"After payment, please open a ticket and say: I have paid.\",\"email_subject\":\"Your PayPal payment details\",\"email_body\":\"Hi sarina,\\n\\nPlease send $25 via PayPal to: merchant2@example.com.\\nAfter payment, open a ticket and say: I have paid.\\n\\nThanks!\"}', NULL, 'pending', '01K7RH8MFW9S8H9X4VQY14EHDF', '2025-10-17 00:31:04', '2025-10-17 00:31:04', NULL, NULL, NULL, 1, '', NULL, NULL, NULL, NULL),
(43, 41, 'nane', 'nane@gmail.com', 'Pro Pack', 49.00, NULL, '{\"provider\":\"paypal\",\"gateway_id\":8,\"display\":\"PayPal B\",\"amount\":49,\"email\":\"merchant2@example.com\",\"url\":null,\"note\":\"After payment, please open a ticket and say: I have paid.\",\"email_subject\":\"Your PayPal payment details\",\"email_body\":\"Hi nane,\\n\\nPlease send $49 via PayPal to: merchant2@example.com.\\nAfter payment, open a ticket and say: I have paid.\\n\\nThanks!\"}', NULL, 'pending', '01K7RHQHG9GX5QS7DWKAVB8D2E', '2025-10-17 00:39:13', '2025-10-17 00:39:13', NULL, NULL, NULL, 2, '', NULL, NULL, NULL, NULL),
(44, 42, 'velam', 'velam@gmail.com', 'Ultimate', 99.00, NULL, '{\"provider\":\"paypal\",\"gateway_id\":8,\"display\":\"PayPal B\",\"amount\":99,\"email\":\"merchant2@example.com\",\"url\":null,\"note\":\"After payment, please open a ticket and say: I have paid.\",\"email_subject\":\"Your PayPal payment details\",\"email_body\":\"Hi velam,\\n\\nPlease send $99 via PayPal to: merchant2@example.com.\\nAfter payment, open a ticket and say: I have paid.\\n\\nThanks!\"}', NULL, 'pending', '01K7RHYGWJ9VX52WA15BMF0GYM', '2025-10-17 00:43:02', '2025-10-17 00:43:02', NULL, NULL, NULL, 3, '', NULL, NULL, NULL, NULL),
(45, 43, 'vina', 'vina@gmail.com', 'Pro Pack', 49.00, 'ss', '{\"provider\":\"paypal\",\"gateway_id\":8,\"display\":\"PayPal B\",\"amount\":49,\"email\":\"merchant2@example.com\",\"url\":null,\"note\":\"After payment, please open a ticket and say: I have paid.\",\"email_subject\":\"Your PayPal payment details\",\"email_body\":\"Hi vina,\\n\\nPlease send $49 via PayPal to: merchant2@example.com.\\nAfter payment, open a ticket and say: I have paid.\\n\\nThanks!\"}', NULL, 'pending', '01K7RJB56X5H8RQW31ATY80YPC', '2025-10-17 00:49:56', '2025-10-17 00:49:56', NULL, NULL, NULL, 2, '', NULL, NULL, NULL, NULL),
(46, 44, 'marzi', 'marzi@gmail.com', 'Pro Pack', 49.00, 'dadad', '{\"provider\":\"paypal\",\"gateway_id\":8,\"display\":\"PayPal B\",\"amount\":49,\"email\":\"merchant2@example.com\",\"url\":null,\"note\":\"After payment, please open a ticket and say: I have paid.\",\"email_subject\":\"Your PayPal payment details\",\"email_body\":\"Dear marzi,\\n\\nPlease complete your payment using PayPal:\\n\\nPayPal Email: merchant2@example.com\\nPayment URL: \\nAmount: $49\\nService: Pro Pack\\n\\nAfter payment, please click the link below to activate your account:\\nhttp:\\/\\/127.0.0.1:8000\\/app\\/orders\\/summary\\n\\nThank you,\\nThe PaymentACC Team\"}', NULL, 'pending', '01K7RJWF8TBV74VCFYXPGDM0C9', '2025-10-17 00:59:23', '2025-10-17 00:59:23', NULL, NULL, NULL, 2, '', NULL, NULL, NULL, NULL),
(47, 45, 'sasan1', 'miom27780@gmail.com', 'Pro Pack', 49.00, 'dad', '{\"provider\":\"paypal\",\"gateway_id\":8,\"display\":\"PayPal B\",\"amount\":49,\"email\":\"merchant2@example.com\",\"url\":null,\"note\":\"After payment, please open a ticket and say: I have paid.\",\"email_subject\":\"Your PayPal payment details\",\"email_body\":\"Dear sasan1,\\n\\nPlease complete your payment using PayPal:\\n\\nPayPal Email: merchant2@example.com\\nPayment URL: \\nAmount: $49\\nService: Pro Pack\\n\\nAfter payment, please click the link below to activate your account:\\nhttp:\\/\\/127.0.0.1:8000\\/app\\/orders\\/summary\\n\\nThank you,\\nThe PaymentACC Team\"}', NULL, 'pending', '01K7RMD6H9G0PZPV0EAX81SF9G', '2025-10-17 01:26:00', '2025-10-17 01:26:00', NULL, NULL, NULL, 2, '', NULL, NULL, NULL, NULL),
(48, 46, 'miniii', 'cavansh6@gmail.com', 'Pro Pack', 49.00, 'jkjk', '{\"provider\":\"paypal\",\"gateway_id\":8,\"display\":\"PayPal B\",\"amount\":49,\"email\":\"merchant2@example.com\",\"url\":null,\"note\":\"After payment, please open a ticket and say: I have paid.\",\"email_subject\":\"Your PayPal payment details\",\"email_body\":\"Dear miniii,\\n\\nPlease complete your payment using PayPal:\\n\\nPayPal Email: merchant2@example.com\\nPayment URL: \\nAmount: $49\\nService: Pro Pack\\n\\nAfter payment, please click the link below to activate your account:\\nhttp:\\/\\/127.0.0.1:8000\\/app\\/orders\\/summary\\n\\nThank you,\\nThe PaymentACC Team\"}', NULL, 'pending', '01K7RN5S4Z0A6A3TK6RRPJFGAC', '2025-10-17 01:39:25', '2025-10-17 01:39:25', NULL, NULL, NULL, 2, '', NULL, NULL, NULL, NULL),
(49, 47, 'lkmmm', 'alandtrade533@gmail.com', 'Ultimate', 99.00, NULL, '{\"provider\":\"paypal\",\"gateway_id\":8,\"display\":\"PayPal B\",\"amount\":99,\"email\":\"merchant2@example.com\",\"url\":null,\"note\":\"After payment, please open a ticket and say: I have paid.\",\"email_subject\":\"Your PayPal payment details\",\"email_body\":\"Dear lkmmm,\\n\\nPlease complete your payment using PayPal:\\n\\nPayPal Email: merchant2@example.com\\nPayment URL: \\nAmount: $99\\nService: Ultimate\\n\\nAfter payment, please click the link below to activate your account:\\nhttp:\\/\\/127.0.0.1:8000\\/app\\/orders\\/summary\\n\\nThank you,\\nThe PaymentACC Team\"}', NULL, 'pending', '01K7RS90K6G4BWK1SWDVMA03XV', '2025-10-17 02:51:05', '2025-10-17 02:51:05', NULL, NULL, NULL, 3, '', NULL, NULL, NULL, NULL),
(50, 48, 'ctvtv', 'ctv08339@gmail.com', 'Ultimate', 99.00, 'ADA', '{\"provider\":\"paypal\",\"gateway_id\":8,\"display\":\"PayPal B\",\"amount\":99,\"email\":\"merchant2@example.com\",\"url\":null,\"note\":\"After payment, please open a ticket and say: I have paid.\",\"email_subject\":\"Your PayPal payment details\",\"email_body\":\"Dear ctvtv,\\n\\nPlease complete your payment using PayPal:\\n\\nPayPal Email: merchant2@example.com\\nPayment URL: \\nAmount: $99\\nService: Ultimate\\n\\nAfter payment, please click the link below to activate your account:\\nhttp:\\/\\/127.0.0.1:8000\\/app\\/orders\\/summary\\n\\nThank you,\\nThe PaymentACC Team\"}', NULL, 'pending', '01K7XCMN2TKDTHP01HEJV75Z75', '2025-10-18 21:46:27', '2025-10-18 21:46:27', NULL, NULL, NULL, 3, '', NULL, NULL, NULL, NULL),
(51, 49, 'arabvpn542', 'pejamn@gmail.com', 'Basic Pack', 25.00, 'arabvpn542@gmail.com', '{\"provider\":\"paypal\",\"gateway_id\":8,\"display\":\"PayPal B\",\"amount\":25,\"email\":\"merchant2@example.com\",\"url\":null,\"note\":\"After payment, please open a ticket and say: I have paid.\",\"email_subject\":\"Your PayPal payment details\",\"email_body\":\"Dear pejman,\\n\\nPlease complete your payment using PayPal:\\n\\nPayPal Email: merchant2@example.com\\nPayment URL: \\nAmount: $25\\nService: Basic Pack\\n\\nAfter payment, please click the link below to activate your account:\\nhttp:\\/\\/127.0.0.1:8000\\/app\\/orders\\/summary\\n\\nThank you,\\nThe PaymentACC Team\"}', NULL, 'pending', '01K7XM1WWXRHHET8K5A1PRPTH4', '2025-10-18 23:56:01', '2025-10-18 23:56:01', NULL, NULL, NULL, 1, '', NULL, NULL, NULL, NULL),
(52, 50, 'sadadad', 'dadadxa@gmail.com', 'Pro Pack', 49.00, 'dadad', '{\"provider\":\"paypal\",\"gateway_id\":8,\"display\":\"PayPal B\",\"amount\":49,\"email\":\"merchant2@example.com\",\"url\":null,\"note\":\"After payment, please open a ticket and say: I have paid.\",\"email_subject\":\"Your PayPal payment details\",\"email_body\":\"Dear sadadad,\\n\\nPlease complete your payment using PayPal:\\n\\nPayPal Email: merchant2@example.com\\nPayment URL: \\nAmount: $49\\nService: Pro Pack\\n\\nAfter payment, please click the link below to activate your account:\\nhttp:\\/\\/127.0.0.1:8000\\/app\\/orders\\/summary\\n\\nThank you,\\nThe PaymentACC Team\"}', NULL, 'pending', '01K7XMEK7BZMX6C0RZDX2ZJ2KK', '2025-10-19 00:02:58', '2025-10-19 00:02:58', NULL, NULL, NULL, 2, '', NULL, NULL, NULL, NULL),
(53, 51, 'dadada', 'dadadad@gmail.com', 'Basic Pack', 25.00, 'dadad', '{\"provider\":\"paypal\",\"gateway_id\":8,\"display\":\"PayPal B\",\"amount\":25,\"email\":\"merchant2@example.com\",\"url\":null,\"note\":\"After payment, please open a ticket and say: I have paid.\",\"email_subject\":\"Your PayPal payment details\",\"email_body\":\"Dear dadada,\\n\\nPlease complete your payment using PayPal:\\n\\nPayPal Email: merchant2@example.com\\nPayment URL: \\nAmount: $25\\nService: Basic Pack\\n\\nAfter payment, please click the link below to activate your account:\\nhttp:\\/\\/127.0.0.1:8000\\/app\\/orders\\/summary\\n\\nThank you,\\nThe PaymentACC Team\"}', NULL, 'pending', '01K7XMHAJAHE93Y5GTYBXC9A6X', '2025-10-19 00:04:27', '2025-10-19 00:04:27', NULL, NULL, NULL, 1, '', NULL, NULL, NULL, NULL),
(54, 53, 'mkjakmkamskj', 'mansjansman@gmail.com', 'Basic Pack', 25.00, NULL, '{\"provider\":\"paypal\",\"gateway_id\":8,\"display\":\"PayPal B\",\"amount\":25,\"email\":\"merchant2@example.com\",\"url\":null,\"note\":\"After payment, please open a ticket and say: I have paid.\",\"email_subject\":\"Your PayPal payment details\",\"email_body\":\"Dear mkjakmkamskj,\\n\\nPlease complete your payment using PayPal:\\n\\nPayPal Email: merchant2@example.com\\nPayment URL: \\nAmount: $25\\nService: Basic Pack\\n\\nAfter payment, please click the link below to activate your account:\\nhttp:\\/\\/127.0.0.1:8000\\/app\\/orders\\/summary\\n\\nThank you,\\nThe PaymentACC Team\"}', NULL, 'pending', '01K7XNKEB8TGSYFZGRASV8Y8HS', '2025-10-19 00:23:05', '2025-10-19 00:23:05', NULL, NULL, NULL, 1, '', NULL, NULL, NULL, NULL),
(55, 59, 'masinjasnu1', 'KAJSKAJSK@GMAIL.COM', 'Basic Pack', 25.00, NULL, NULL, NULL, 'pending', '01K7XR8ND45W772RCPARW82GCH', '2025-10-19 01:09:37', '2025-10-19 01:09:37', NULL, NULL, NULL, 1, '', NULL, NULL, NULL, NULL),
(56, 60, 'adadadada', 'dadadaxsaxzcxsc@gmail.com', 'Basic Pack', 25.00, NULL, '{\"provider\":\"paygate\",\"amount\":25,\"token\":\"USDC\",\"chain\":\"POLYGON\",\"wallet\":\"0x1948eF4A4Ede38479135029BBa8B8023d766f4Ab\",\"payment_url\":null}', NULL, 'pending', '01K7XS3Q6WJCM68Z9XTVDTFHZW', '2025-10-19 01:24:24', '2025-10-19 01:24:24', NULL, NULL, NULL, 1, '', NULL, NULL, NULL, NULL),
(57, 61, 'pjii', 'lkaslklkl@gmail.com', 'Basic Pack', 25.00, NULL, NULL, NULL, 'pending', '01K7XSAD759SC1TNBN8RJND9Q6', '2025-10-19 01:28:03', '2025-10-19 01:28:03', NULL, NULL, NULL, 1, '', NULL, NULL, NULL, NULL),
(58, 62, 'rizande', 'znajs@gmail.com', 'Pro Pack', 49.00, NULL, '{\"provider\":\"paygate\",\"amount\":49,\"token\":\"USDC\",\"chain\":\"POLYGON\",\"wallet\":\"0x1948eF4A4Ede38479135029BBa8B8023d766f4Ab\",\"payment_url\":\"https:\\/\\/paygate.to\\/polygon\\/0x1948eF4A4Ede38479135029BBa8B8023d766f4Ab?amount=49.00&token=usdc\",\"note\":\"Use Paygate.to to complete your payment.\"}', NULL, 'pending', '01K7XTJ55S3B2VF1RC0QYEHPPE', '2025-10-19 01:49:46', '2025-10-19 01:49:46', NULL, NULL, NULL, 2, '', NULL, NULL, NULL, NULL),
(59, NULL, 'arabiisi', 'arabvpn542@gmail.com', 'Basic Pack', 25.00, NULL, NULL, NULL, 'pending', '01K7XV3B9JE31SGTEPRXDD2Q97', '2025-10-19 01:59:09', '2025-10-19 01:59:09', NULL, NULL, NULL, 1, '', NULL, NULL, NULL, NULL),
(60, NULL, 'arabiisi', 'arabvpn542@gmail.com', 'Basic Pack', 25.00, NULL, NULL, NULL, 'pending', '01K7XV5S13FDRQY7R17TK4RNQK', '2025-10-19 02:00:29', '2025-10-19 02:00:29', NULL, NULL, NULL, 1, '', NULL, NULL, NULL, NULL),
(61, NULL, 'arabsn', 'arabvpn542@gmail.com', 'Basic Pack', 25.00, 'adadad', '{\"provider\":\"paypal\",\"gateway_id\":8,\"display\":\"PayPal B\",\"amount\":25,\"email\":\"merchant2@example.com\",\"url\":null,\"note\":\"After payment, please open a ticket and say: I have paid.\",\"email_subject\":\"Your PayPal payment details\",\"email_body\":\"Dear arabiisi,\\n\\nPlease complete your payment using PayPal:\\n\\nPayPal Email: merchant2@example.com\\nPayment URL: \\nAmount: $25\\nService: Basic Pack\\n\\nAfter payment, please click the link below to activate your account:\\nhttp:\\/\\/127.0.0.1:8000\\/app\\/orders\\/summary\\n\\nThank you,\\nThe PaymentACC Team\"}', NULL, 'pending', '01K7XVJTAQZKMGS0E9AYB697XE', '2025-10-19 02:07:36', '2025-10-19 02:07:36', NULL, NULL, NULL, 1, '', NULL, NULL, NULL, NULL),
(62, NULL, 'mehmoasom', 'arabvpn542@gmail.com', 'Basic Pack', 25.00, 'jjijij', '{\"provider\":\"paypal\",\"gateway_id\":8,\"display\":\"PayPal B\",\"amount\":25,\"email\":\"merchant2@example.com\",\"url\":null,\"note\":\"After payment, please open a ticket and say: I have paid.\",\"email_subject\":\"Your PayPal payment details\",\"email_body\":\"Dear arabiisi,\\n\\nPlease complete your payment using PayPal:\\n\\nPayPal Email: merchant2@example.com\\nPayment URL: \\nAmount: $25\\nService: Basic Pack\\n\\nAfter payment, please click the link below to activate your account:\\nhttp:\\/\\/127.0.0.1:8000\\/app\\/orders\\/summary\\n\\nThank you,\\nThe PaymentACC Team\"}', NULL, 'pending', '01K7XVWQ7KFT5V9ARGNQGFRXWD', '2025-10-19 02:13:00', '2025-10-19 02:13:00', NULL, NULL, NULL, 1, '', NULL, NULL, NULL, NULL),
(63, 66, 'oxmkasmk', 'adsadadada@gmail.com', 'Basic Pack', 25.00, NULL, '{\"provider\":\"paygate\",\"wallet\":\"0x1948eF4A4Ede38479135029BBa8B8023d766f4Ab\",\"address_in\":\"sF5IcfnuG8HjhmSDEO5giO9D%2BUlRZQwTpH3KHMF2FeT2T8gJu8psxFhijCEfUy6G8qUK%2BhkCF0s3nJnIn%2BHuLg%3D%3D\",\"payment_url\":\"https:\\/\\/checkout.paygate.to\\/process-payment.php?address=sF5IcfnuG8HjhmSDEO5giO9D%2BUlRZQwTpH3KHMF2FeT2T8gJu8psxFhijCEfUy6G8qUK%2BhkCF0s3nJnIn%2BHuLg%3D%3D&amount=25.00&provider=moonpay&email=adsadadada%40gmail.com&currency=USD\"}', NULL, 'pending', '01K7XX89TR809EGEWKB1DF0Y02', '2025-10-19 02:36:48', '2025-10-19 02:36:48', NULL, NULL, NULL, 1, '', NULL, NULL, NULL, NULL),
(64, 66, 'oxmkasmk', 'adsadadada@gmail.com', 'Basic Pack', 25.00, NULL, '{\"provider\":\"paygate\",\"wallet\":\"0x1948eF4A4Ede38479135029BBa8B8023d766f4Ab\",\"address_in\":\"nUetvYZq0GPzLWAdbhJunC%2BoDHxCOK0rrBwp%2BM1dOlGXNUwGLlh7qdC8SQ86y0aMQesXSp3bz7yM%2Fi7cyZt38Q%3D%3D\",\"payment_url\":\"https:\\/\\/checkout.paygate.to\\/process-payment.php?address=nUetvYZq0GPzLWAdbhJunC%2BoDHxCOK0rrBwp%2BM1dOlGXNUwGLlh7qdC8SQ86y0aMQesXSp3bz7yM%2Fi7cyZt38Q%3D%3D&amount=25.00&provider=moonpay&email=adsadadada%40gmail.com&currency=USD\"}', NULL, 'pending', '01K7XX8E1H4ZVMZ64ZTK36Z028', '2025-10-19 02:36:53', '2025-10-19 02:36:53', NULL, NULL, NULL, 1, '', NULL, NULL, NULL, NULL),
(65, 67, 'mdandmanm', 'miajdiajdi@gmail.com', 'Basic Pack', 25.00, NULL, '{\"provider\":\"paygate\",\"wallet\":\"0x1948eF4A4Ede38479135029BBa8B8023d766f4Ab\",\"address_in\":\"nIhnWUTQbyHAxJcGFhCo3pdD28unLitpoCUgZW6qeYhgoohb7cy1XuboczcGhXrHN9Te77bE37%2BSHIt2pirhIw%3D%3D\",\"payment_url\":\"https:\\/\\/checkout.paygate.to\\/process-payment.php?address=nIhnWUTQbyHAxJcGFhCo3pdD28unLitpoCUgZW6qeYhgoohb7cy1XuboczcGhXrHN9Te77bE37%2BSHIt2pirhIw%3D%3D&amount=25.00&provider=moonpay&email=miajdiajdi%40gmail.com&currency=USD\"}', NULL, 'pending', '01K7XXE20F86JZ7RZF3EGY7AZA', '2025-10-19 02:39:57', '2025-10-19 02:39:57', NULL, NULL, NULL, 1, '', NULL, NULL, NULL, NULL),
(66, 68, 'milad', 'miladlaksk@gmail.com', 'Pro Pack', 49.00, NULL, '{\"provider\":\"paygate\",\"wallet\":\"0x1948eF4A4Ede38479135029BBa8B8023d766f4Ab\",\"address_in\":\"VhkjiRVXyWQXefCLaaWpEUbP4Odja%2ByHjkX4kJATtur1Kfosea8OFM5zZUw2qs3YK%2Bhu81CEYIyxbbju2mT%2B2Q%3D%3D\",\"payment_url\":\"https:\\/\\/checkout.paygate.to\\/process-payment.php?address=VhkjiRVXyWQXefCLaaWpEUbP4Odja%2ByHjkX4kJATtur1Kfosea8OFM5zZUw2qs3YK%2Bhu81CEYIyxbbju2mT%2B2Q%3D%3D&amount=49.00&provider=moonpay&email=miladlaksk%40gmail.com&currency=USD\"}', NULL, 'pending', '01K7Y0YTF88Y76Y1XQKGTFPQ55', '2025-10-19 03:41:32', '2025-10-19 03:41:32', NULL, NULL, NULL, 2, '', NULL, NULL, NULL, NULL),
(67, 69, 'unimim', 'unijinn@gmail.com', 'Basic Pack', 25.00, NULL, '{\"provider\":\"paygate\",\"wallet\":\"0x1948eF4A4Ede38479135029BBa8B8023d766f4Ab\",\"address_in\":\"VXBX6TRCuzA2fneBGX57ewRDf7brNJ%2F53xBnWJlZClETeM9s1%2B6nGzHnnWZscCWD0VYzTNLw2dYVru2E%2FeGcVw%3D%3D\",\"payment_url\":\"https:\\/\\/checkout.paygate.to\\/process-payment.php?address=VXBX6TRCuzA2fneBGX57ewRDf7brNJ%2F53xBnWJlZClETeM9s1%2B6nGzHnnWZscCWD0VYzTNLw2dYVru2E%2FeGcVw%3D%3D&amount=25.00&provider=moonpay&email=unijinn%40gmail.com&currency=USD\"}', NULL, 'pending', '01K7YDDV5QHBZQC6DTB0MCTEBP', '2025-10-19 07:19:27', '2025-10-19 07:19:27', NULL, NULL, NULL, 1, '', NULL, NULL, NULL, NULL),
(68, NULL, 'caspertop41', 'caspertop41@gmail.com', 'Basic Pack', 25.00, NULL, '{\"provider\":\"paygate\",\"wallet\":\"0x1948eF4A4Ede38479135029BBa8B8023d766f4Ab\",\"address_in\":\"4msw%2FF5n4kQ45KoOs5N%2F41R7fR34%2BcUWyDekuId%2F1rx3oDZ6OpJJfXXmowLibZa4JM%2FgaApBUgVXAyCggwM%2F7w%3D%3D\",\"payment_url\":\"https:\\/\\/checkout.paygate.to\\/process-payment.php?address=4msw%2FF5n4kQ45KoOs5N%2F41R7fR34%2BcUWyDekuId%2F1rx3oDZ6OpJJfXXmowLibZa4JM%2FgaApBUgVXAyCggwM%2F7w%3D%3D&amount=25.00&provider=moonpay&email=caspertop41%40gmail.com&currency=USD\"}', NULL, 'pending', '01K807S28FVBVGAWGFMBRSZEM8', '2025-10-20 00:19:12', '2025-10-20 00:19:12', NULL, NULL, NULL, 1, '', NULL, NULL, NULL, NULL),
(69, NULL, 'caspertop41', 'caspertop41@gmail.com', 'Basic Pack', 25.00, NULL, NULL, NULL, 'pending', '01K8096PDPGVGR0G6YEC0JGGMG', '2025-10-20 00:44:08', '2025-10-20 00:44:08', NULL, NULL, NULL, 1, '', NULL, NULL, NULL, NULL),
(70, NULL, 'caspertop41', 'caspertop41@gmail.com', 'Ultimate', 99.00, NULL, NULL, NULL, 'pending', '01K8098470GWB8D3YBJW78K4FS', '2025-10-20 00:44:55', '2025-10-20 00:44:55', NULL, NULL, NULL, 3, '', NULL, NULL, NULL, NULL),
(71, NULL, 'caspertop41', 'caspertop41@gmail.com', 'Basic Pack', 25.00, NULL, NULL, NULL, 'pending', '01K809NAWB2WZ8TBGM69J0213J', '2025-10-20 00:52:07', '2025-10-20 00:52:07', NULL, NULL, NULL, 1, '', NULL, NULL, NULL, NULL),
(72, NULL, 'caspertop41', 'caspertop41@gmail.com', 'Basic Pack', 25.00, NULL, '{\"provider\":\"paypal\",\"method\":\"email\",\"display\":\"PayPal B\",\"amount\":25,\"email\":\"merchant2@example.com\",\"url\":null,\"email_subject\":\"Your PayPal Payment Instructions\",\"email_body\":\"Dear caspertop41,\\n\\nPlease complete your payment using PayPal:\\n\\nPayPal Email: merchant2@example.com\\nPayment URL: \\nAmount: $25\\nService: Basic Pack\\n\\nAfter payment, please click the link below to activate your account:\\nhttp:\\/\\/127.0.0.1:8000\\/app\\/orders\\/01K809VNY4Q4B24PXAE1YQZV6G\\/summary\\n\\nThank you,\\nThe PaymentACC Team\"}', NULL, 'pending', '01K809VNY4Q4B24PXAE1YQZV6G', '2025-10-20 00:55:35', '2025-10-20 00:55:35', NULL, NULL, NULL, 1, '', NULL, NULL, NULL, NULL),
(73, NULL, 'caspertop41', 'caspertop41@gmail.com', 'Basic Pack', 25.00, NULL, '{\"provider\":\"paypal\",\"method\":\"email\",\"display\":\"PayPal B\",\"amount\":25,\"email\":\"merchant2@example.com\",\"url\":null,\"email_subject\":\"Your PayPal Payment Instructions\",\"email_body\":\"Dear caspertop41,\\n\\nPlease complete your payment using PayPal:\\n\\nPayPal Email: merchant2@example.com\\nPayment URL: \\nAmount: $25\\nService: Basic Pack\\n\\nAfter payment, please click the link below to activate your account:\\nhttp:\\/\\/127.0.0.1:8000\\/app\\/orders\\/01K80CFFWWAY8MPYB2YS43VMPD\\/summary\\n\\nThank you,\\nThe PaymentACC Team\"}', NULL, 'pending', '01K80CFFWWAY8MPYB2YS43VMPD', '2025-10-20 01:41:22', '2025-10-20 01:41:22', NULL, NULL, NULL, 1, '', NULL, NULL, NULL, NULL),
(74, NULL, 'caspertop41', 'caspertop41@gmail.com', 'Basic Pack', 25.00, NULL, '{\"provider\":\"paygate\",\"wallet\":\"0x1948eF4A4Ede38479135029BBa8B8023d766f4Ab\",\"address_in\":\"1OtOf5fXgistdm2zio%2BsJxgnk5RqPH%2FOVYlheG%2BdPYh5QxHuufTylypMOurspbIxUowxmmY7PhafZCiptaJQnQ%3D%3D\",\"payment_url\":\"https:\\/\\/checkout.paygate.to\\/process-payment.php?address=1OtOf5fXgistdm2zio%2BsJxgnk5RqPH%2FOVYlheG%2BdPYh5QxHuufTylypMOurspbIxUowxmmY7PhafZCiptaJQnQ%3D%3D&amount=25.00&provider=moonpay&email=caspertop41%40gmail.com&currency=USD\"}', NULL, 'pending', '01K80CJP9Z824WQFNYFMP4BB80', '2025-10-20 01:43:06', '2025-10-20 01:43:06', NULL, NULL, NULL, 1, '', NULL, NULL, NULL, NULL),
(75, 72, 'momkas', 'mkamsmkk@gmail.com', 'Pro Pack', 49.00, NULL, '{\"provider\":\"paypal\",\"method\":\"email\",\"display\":\"PayPal B\",\"amount\":49,\"email\":\"merchant2@example.com\",\"url\":null,\"email_subject\":\"Your PayPal Payment Instructions\",\"email_body\":\"Dear momkas,\\n\\nPlease complete your payment using PayPal:\\n\\nPayPal Email: merchant2@example.com\\nPayment URL: \\nAmount: $49\\nService: Pro Pack\\n\\nAfter payment, please click the link below to activate your account:\\nhttp:\\/\\/127.0.0.1:8000\\/app\\/orders\\/01K8598DQCEEFXJYBZGHV3MXCC\\/summary\\n\\nThank you,\\nThe PaymentACC Team\"}', NULL, 'pending', '01K8598DQCEEFXJYBZGHV3MXCC', '2025-10-21 23:21:16', '2025-10-21 23:21:16', NULL, NULL, NULL, 2, '', NULL, NULL, NULL, NULL),
(76, NULL, 'alandtrade', 'alandtrade2@gmail.com', 'Basic Pack', 25.00, NULL, '{\"provider\":\"paypal\",\"method\":\"email\",\"display\":\"PayPal C\",\"amount\":25,\"email\":\"merchant3@example.com\",\"url\":null,\"email_subject\":\"Your PayPal Payment Instructions\",\"email_body\":\"Dear alandtrade,\\n\\nPlease complete your payment using PayPal:\\n\\nPayPal Email: merchant3@example.com\\nPayment URL: \\nAmount: $25\\nService: Basic Pack\\n\\nAfter payment, please click the link below to activate your account:\\nhttp:\\/\\/127.0.0.1:8000\\/app\\/orders\\/01K859DJG5X5KDVJY3FC0VZJSA\\/summary\\n\\nThank you,\\nThe PaymentACC Team\"}', NULL, 'pending', '01K859DJG5X5KDVJY3FC0VZJSA', '2025-10-21 23:24:05', '2025-10-21 23:24:05', NULL, NULL, NULL, 1, '', NULL, NULL, NULL, NULL),
(77, NULL, 'caspertop41', 'caspertop41@gmail.com', 'Basic Pack', 25.00, NULL, '{\"provider\":\"paypal\",\"method\":\"email\",\"display\":\"PayPal C\",\"amount\":25,\"email\":\"merchant3@example.com\",\"url\":null,\"email_subject\":\"Your PayPal Payment Instructions\",\"email_body\":\"Dear caspertop41,\\n\\nPlease complete your payment using PayPal:\\n\\nPayPal Email: merchant3@example.com\\nPayment URL: \\nAmount: $25\\nService: Basic Pack\\n\\nAfter payment, please click the link below to activate your account:\\nhttp:\\/\\/127.0.0.1:8000\\/app\\/orders\\/01K859QKFK6YWYDD8TRP8GAW1M\\/summary\\n\\nThank you,\\nThe PaymentACC Team\"}', NULL, 'pending', '01K859QKFK6YWYDD8TRP8GAW1M', '2025-10-21 23:29:34', '2025-10-21 23:29:34', NULL, NULL, NULL, 1, '', NULL, NULL, NULL, NULL),
(78, NULL, 'caspertop41', 'caspertop41@gmail.com', 'Pro Pack', 49.00, NULL, '{\"provider\":\"paypal\",\"method\":\"email\",\"display\":\"PayPal B\",\"amount\":49,\"email\":\"merchant2@example.com\",\"url\":null,\"email_subject\":\"Your PayPal Payment Instructions\",\"email_body\":\"Dear caspertop41,\\n\\nPlease complete your payment using PayPal:\\n\\nPayPal Email: merchant2@example.com\\nPayment URL: \\nAmount: $49\\nService: Pro Pack\\n\\nAfter payment, please click the link below to activate your account:\\nhttp:\\/\\/127.0.0.1:8000\\/app\\/orders\\/01K859REWEP3WW4N2TE1SKQB6P\\/summary\\n\\nThank you,\\nThe PaymentACC Team\"}', NULL, 'pending', '01K859REWEP3WW4N2TE1SKQB6P', '2025-10-21 23:30:02', '2025-10-21 23:30:02', NULL, NULL, NULL, 2, '', NULL, NULL, NULL, NULL),
(79, NULL, 'caspertop41', 'caspertop41@gmail.com', 'Basic Pack', 25.00, NULL, '{\"provider\":\"paygate\",\"wallet\":\"0x1948eF4A4Ede38479135029BBa8B8023d766f4Ab\",\"address_in\":\"qwlsUslqexVyeiHZsygQBSuHMrDAKSqIRmtxHIEwJB6C0bx0iJxP2xSOk%2BKh9ZxExag3ABcZqgc%2Fgw7cpD4kCw%3D%3D\",\"payment_url\":\"https:\\/\\/checkout.paygate.to\\/process-payment.php?address=qwlsUslqexVyeiHZsygQBSuHMrDAKSqIRmtxHIEwJB6C0bx0iJxP2xSOk%2BKh9ZxExag3ABcZqgc%2Fgw7cpD4kCw%3D%3D&amount=25.00&provider=moonpay&email=caspertop41%40gmail.com&currency=USD\"}', NULL, 'pending', '01K859SF1FGS33NSGFGN6D86QD', '2025-10-21 23:30:35', '2025-10-21 23:30:35', NULL, NULL, NULL, 1, '', NULL, NULL, NULL, NULL),
(80, NULL, 'caspertop41', 'caspertop41@gmail.com', 'Basic Pack', 25.00, NULL, '{\"provider\":\"paypal\",\"method\":\"email\",\"display\":\"PayPal C\",\"amount\":25,\"email\":\"merchant3@example.com\",\"url\":null,\"email_subject\":\"Your PayPal Payment Instructions\",\"email_body\":\"Dear caspertop41,\\n\\nPlease complete your payment using PayPal:\\n\\nPayPal Email: merchant3@example.com\\nPayment URL: \\nAmount: $25\\nService: Basic Pack\\n\\nAfter payment, please click the link below to activate your account:\\nhttp:\\/\\/localhost:8000\\/app\\/orders\\/01K85BX0VSDWBP7JQH6FA1W6QP\\/summary\\n\\nThank you,\\nThe PaymentACC Team\"}', NULL, 'pending', '01K85BX0VSDWBP7JQH6FA1W6QP', '2025-10-22 00:07:29', '2025-10-22 00:07:29', NULL, NULL, NULL, 1, '', NULL, NULL, NULL, NULL),
(81, 76, 'oisoajsk', 'kksjaksjksjk@gmail.com', 'Basic Pack', 25.00, NULL, '{\"provider\":\"paypal\",\"method\":\"email\",\"display\":\"PayPal C\",\"amount\":25,\"email\":\"merchant3@example.com\",\"url\":null,\"email_subject\":\"Your PayPal Payment Instructions\",\"email_body\":\"Dear oisoajsk,\\n\\nPlease complete your payment using PayPal:\\n\\nPayPal Email: merchant3@example.com\\nPayment URL: \\nAmount: $25\\nService: Basic Pack\\n\\nAfter payment, please click the link below to activate your account:\\nhttp:\\/\\/localhost:8000\\/app\\/orders\\/01K85DYYZPVEV6F3YASAH4Y083\\/summary\\n\\nThank you,\\nThe PaymentACC Team\"}', NULL, 'pending', '01K85DYYZPVEV6F3YASAH4Y083', '2025-10-22 00:43:29', '2025-10-22 00:43:29', NULL, NULL, NULL, 1, '', NULL, NULL, NULL, NULL),
(82, 77, 'zarimkd', 'hajshjhjs@gmail.com', 'Basic Pack', 25.00, NULL, '{\"provider\":\"paypal\",\"method\":\"email\",\"display\":\"PayPal B\",\"amount\":25,\"email\":\"merchant2@example.com\",\"url\":null,\"email_subject\":\"Your PayPal Payment Instructions\",\"email_body\":\"Dear zarimkd,\\n\\nPlease complete your payment using PayPal:\\n\\nPayPal Email: merchant2@example.com\\nPayment URL: \\nAmount: $25\\nService: Basic Pack\\n\\nAfter payment, please click the link below to activate your account:\\nhttp:\\/\\/localhost:8000\\/app\\/orders\\/01K85EN99878GCPCGTRKVB2PN1\\/summary\\n\\nThank you,\\nThe PaymentACC Team\"}', NULL, 'pending', '01K85EN99878GCPCGTRKVB2PN1', '2025-10-22 00:55:41', '2025-10-22 00:55:41', NULL, NULL, NULL, 1, '', NULL, NULL, NULL, NULL),
(83, NULL, 'kare mam', 'caspertop41@gmail.com', 'Basic Pack', 25.00, NULL, '{\"provider\":\"paypal\",\"method\":\"email\",\"display\":\"PayPal C\",\"amount\":25,\"email\":\"merchant3@example.com\",\"url\":null,\"email_subject\":\"Your PayPal Payment Instructions\",\"email_body\":\"Dear kare mam,\\n\\nPlease complete your payment using PayPal:\\n\\nPayPal Email: merchant3@example.com\\nPayment URL: \\nAmount: $25\\nService: Basic Pack\\n\\nAfter payment, please click the link below to activate your account:\\nhttp:\\/\\/localhost:8000\\/app\\/orders\\/01K85F3S5WA0S9NP286BRV223S\\/summary\\n\\nThank you,\\nThe PaymentACC Team\"}', NULL, 'pending', '01K85F3S5WA0S9NP286BRV223S', '2025-10-22 01:03:36', '2025-10-22 01:03:36', NULL, NULL, NULL, 1, '', NULL, NULL, NULL, NULL),
(84, NULL, 'raddadam', 'caspertop41@gmail.com', 'Basic Pack', 25.00, NULL, '{\"provider\":\"paypal\",\"method\":\"email\",\"display\":\"PayPal B\",\"amount\":25,\"email\":\"merchant2@example.com\",\"url\":null,\"email_subject\":\"Your PayPal Payment Instructions\",\"email_body\":\"Dear raddadam,\\n\\nPlease complete your payment using PayPal:\\n\\nPayPal Email: merchant2@example.com\\nPayment URL: \\nAmount: $25\\nService: Basic Pack\\n\\nAfter payment, please click the link below to activate your account:\\nhttp:\\/\\/localhost:8000\\/app\\/orders\\/01K85GD93HSKBBSAT9DPSY1HGJ\\/summary\\n\\nThank you,\\nThe PaymentACC Team\"}', NULL, 'pending', '01K85GD93HSKBBSAT9DPSY1HGJ', '2025-10-22 01:26:16', '2025-10-22 01:26:16', NULL, NULL, NULL, 1, '', NULL, NULL, NULL, NULL),
(86, 81, 'omimijiji', 'lkjkjkjkk@gmail.com', 'Basic Pack', 25.00, NULL, '{\"provider\":\"paypal\",\"method\":\"email\",\"display\":\"PayPal C\",\"amount\":25,\"email\":\"merchant3@example.com\",\"url\":null,\"email_subject\":\"Your PayPal Payment Instructions\",\"email_body\":\"Dear omimijiji,\\n\\nPlease complete your payment using PayPal:\\n\\nPayPal Email: merchant3@example.com\\nPayment URL: \\nAmount: $25\\nService: Basic Pack\\n\\nAfter payment, please click the link below to activate your account:\\nhttp:\\/\\/localhost:8000\\/app\\/orders\\/01K865V3QDNQD3PTY45T4ASTRA\\/summary\\n\\nThank you,\\nThe PaymentACC Team\"}', NULL, 'pending', '01K865V3QDNQD3PTY45T4ASTRA', '2025-10-22 07:40:49', '2025-10-22 07:40:49', NULL, NULL, NULL, 1, '', NULL, NULL, NULL, NULL),
(87, 82, 'alandtrade2', 'alandtrade2@gmail.com', 'Basic Pack', 25.00, NULL, '{\"provider\":\"paypal\",\"method\":\"email\",\"display\":\"PayPal B\",\"amount\":25,\"email\":\"merchant2@example.com\",\"url\":null,\"email_subject\":\"Your PayPal Payment Instructions\",\"email_body\":\"Dear alandtrade2,\\n\\nPlease complete your payment using PayPal:\\n\\nPayPal Email: merchant2@example.com\\nPayment URL: \\nAmount: $25\\nService: Basic Pack\\n\\nAfter payment, please click the link below to activate your account:\\nhttp:\\/\\/localhost:8000\\/app\\/orders\\/01K88SY6XVW53NGDQMCMBG6PTE\\/summary\\n\\nThank you,\\nThe PaymentACC Team\"}', NULL, 'pending', '01K88SY6XVW53NGDQMCMBG6PTE', '2025-10-23 08:10:31', '2025-10-23 08:10:31', NULL, NULL, NULL, 1, '', NULL, NULL, NULL, NULL),
(88, 83, 'farid', 'iptvmoon@yahoo.com', 'Basic Pack', 25.00, NULL, '{\"provider\":\"paypal\",\"method\":\"email\",\"display\":\"PayPal C\",\"amount\":25,\"email\":\"merchant3@example.com\",\"url\":null,\"email_subject\":\"Your PayPal Payment Instructions\",\"email_body\":\"Dear farid,\\n\\nPlease complete your payment using PayPal:\\n\\nPayPal Email: merchant3@example.com\\nPayment URL: \\nAmount: $25\\nService: Basic Pack\\n\\nAfter payment, please click the link below to activate your account:\\nhttp:\\/\\/localhost:8000\\/app\\/orders\\/01K89E1MZPH4PDHRBJ224MERRS\\/summary\\n\\nThank you,\\nThe PaymentACC Team\"}', NULL, 'pending', '01K89E1MZPH4PDHRBJ224MERRS', '2025-10-23 14:01:55', '2025-10-23 14:01:55', NULL, NULL, NULL, 1, '', NULL, NULL, NULL, NULL),
(89, 84, 'uhsakjkk', 'alandtrade533121@gmail.com', 'Basic Pack', 25.00, NULL, '{\"provider\":\"paygate\",\"wallet\":\"0x1948eF4A4Ede38479135029BBa8B8023d766f4Ab\",\"address_in\":\"FoQL%2B0vDun0C2dvpy3x903x3FFQQIWL%2BOCLWrb4Pl0kX6nPbF%2FtYEVb%2F4JCQaD8HgVbZK3ZJDz7LIw%2F3abMyuw%3D%3D\",\"payment_url\":\"https:\\/\\/checkout.paygate.to\\/process-payment.php?address=FoQL%2B0vDun0C2dvpy3x903x3FFQQIWL%2BOCLWrb4Pl0kX6nPbF%2FtYEVb%2F4JCQaD8HgVbZK3ZJDz7LIw%2F3abMyuw%3D%3D&amount=25.00&provider=moonpay&email=alandtrade533121%40gmail.com&currency=USD\"}', NULL, 'pending', '01K89E68JM7SJ3XX4Q37SCPQMR', '2025-10-23 14:04:26', '2025-10-23 14:04:26', NULL, NULL, NULL, 1, '', NULL, NULL, NULL, NULL),
(90, 85, 'rahimi', 'lakslkasll@gmail.com', 'Basic Pack', 25.00, NULL, '{\"provider\":\"paypal\",\"method\":\"email\",\"display\":\"PayPal B\",\"amount\":25,\"email\":\"merchant2@example.com\",\"url\":null,\"email_subject\":\"Your PayPal Payment Instructions\",\"email_body\":\"Dear rahimi,\\n\\nPlease complete your payment using PayPal:\\n\\nPayPal Email: merchant2@example.com\\nPayment URL: \\nAmount: $25\\nService: Basic Pack\\n\\nAfter payment, please click the link below to activate your account:\\nhttp:\\/\\/127.0.0.1:8000\\/app\\/orders\\/01KA5ZQK8MHZCJ4GT96TP41A1M\\/summary\\n\\nThank you,\\nThe PaymentACC Team\"}', NULL, 'pending', '01KA5ZQK8MHZCJ4GT96TP41A1M', '2025-11-16 02:25:26', '2025-11-16 02:25:26', NULL, NULL, NULL, 1, '', NULL, NULL, NULL, NULL);
INSERT INTO `orders` (`id`, `user_id`, `name`, `email`, `service`, `amount`, `description`, `payment_instructions`, `response`, `status`, `tracking_code`, `created_at`, `updated_at`, `expire_at`, `send_at`, `gateway_id`, `product_id`, `discount_code`, `delivery_username`, `delivery_password`, `delivery_server`, `delivery_notes`) VALUES
(91, 87, 'zarika', 'azkjsajkjks@gmail.com', 'Basic Pack', 25.00, NULL, '{\"provider\":\"paypal\",\"method\":\"email\",\"display\":\"PayPal C\",\"amount\":25,\"email\":\"merchant3@example.com\",\"url\":null,\"email_subject\":\"Your PayPal Payment Instructions\",\"email_body\":\"Dear zarika,\\n\\nPlease complete your payment using PayPal:\\n\\nPayPal Email: merchant3@example.com\\nPayment URL: \\nAmount: $25\\nService: Basic Pack\\n\\nAfter payment, please click the link below to activate your account:\\nhttp:\\/\\/127.0.0.1:8000\\/app\\/orders\\/01KA65H8FM7QJC0FMTDD3JGE63\\/summary\\n\\nThank you,\\nThe PaymentACC Team\"}', NULL, 'pending', '01KA65H8FM7QJC0FMTDD3JGE63', '2025-11-16 04:06:50', '2025-11-16 04:06:50', NULL, NULL, NULL, 1, '', NULL, NULL, NULL, NULL),
(92, 88, 'oaisolmknfn', 'lsaosji2i@gmail.com', 'Basic Pack', 25.00, NULL, '{\"provider\":\"paypal\",\"method\":\"email\",\"display\":\"PayPal B\",\"amount\":25,\"email\":\"merchant2@example.com\",\"url\":null,\"email_subject\":\"Your PayPal Payment Instructions\",\"email_body\":\"Dear oaisolmknfn,\\n\\nPlease complete your payment using PayPal:\\n\\nPayPal Email: merchant2@example.com\\nPayment URL: \\nAmount: $25\\nService: Basic Pack\\n\\nAfter payment, please click the link below to activate your account:\\nhttp:\\/\\/127.0.0.1:8000\\/app\\/orders\\/01KA675ZGQDQPNK980901YNK4S\\/summary\\n\\nThank you,\\nThe PaymentACC Team\"}', NULL, 'pending', '01KA675ZGQDQPNK980901YNK4S', '2025-11-16 04:35:37', '2025-11-16 04:35:37', NULL, NULL, NULL, 1, '', NULL, NULL, NULL, NULL),
(93, 93, 'aoskamsm', '124243@gmail.com', 'Basic Pack', 25.00, NULL, '{\"provider\":\"paypal\",\"method\":\"email\",\"display\":\"PayPal B\",\"amount\":25,\"email\":\"merchant2@example.com\",\"url\":null,\"email_subject\":\"Your PayPal Payment Instructions\",\"email_body\":\"Dear aoskamsm,\\n\\nPlease complete your payment using PayPal:\\n\\nPayPal Email: merchant2@example.com\\nPayment URL: \\nAmount: $25\\nService: Basic Pack\\n\\nAfter payment, please click the link below to activate your account:\\nhttp:\\/\\/127.0.0.1:8000\\/app\\/order-summary?tracking_code=01KA6ETZP5Y2AZ2NMPX5MRTYXX\\n\\nThank you,\\nThe PaymentACC Team\"}', NULL, 'pending', '01KA6ETZP5Y2AZ2NMPX5MRTYXX', '2025-11-16 06:49:26', '2025-11-16 06:49:26', NULL, NULL, NULL, 1, '', NULL, NULL, NULL, NULL),
(94, 89, 'jasijiskk', 'arabvpn542@gmail.com', 'Basic Pack', 25.00, NULL, '{\"provider\":\"paypal\",\"method\":\"email\",\"display\":\"PayPal B\",\"amount\":25,\"email\":\"merchant2@example.com\",\"url\":null,\"email_subject\":\"Your PayPal Payment Instructions\",\"email_body\":\"Dear jasijiskk,\\n\\nPlease complete your payment using PayPal:\\n\\nPayPal Email: merchant2@example.com\\nPayment URL: \\nAmount: $25\\nService: Basic Pack\\n\\nAfter payment, please click the link below to activate your account:\\nhttp:\\/\\/127.0.0.1:8000\\/app\\/order-summary?tracking_code=01KA9B805X59EAX9QXQJ7Z5VNM\\n\\nThank you,\\nThe PaymentACC Team\"}', NULL, 'pending', '01KA9B805X59EAX9QXQJ7Z5VNM', '2025-11-17 09:44:21', '2025-11-17 09:44:21', NULL, NULL, NULL, 1, '', NULL, NULL, NULL, NULL),
(95, 89, 'jasijiskk', 'arabvpn542@gmail.com', 'Basic Pack', 25.00, NULL, '{\"provider\":\"paypal\",\"method\":\"email\",\"display\":\"PayPal B\",\"amount\":25,\"email\":\"merchant2@example.com\",\"url\":null,\"email_subject\":\"Your PayPal Payment Instructions\",\"email_body\":\"Dear jasijiskk,\\n\\nPlease complete your payment using PayPal:\\n\\nPayPal Email: merchant2@example.com\\nPayment URL: \\nAmount: $25\\nService: Basic Pack\\n\\nAfter payment, please click the link below to activate your account:\\nhttp:\\/\\/127.0.0.1:8000\\/app\\/orders\\/01KA9GXC0EETD4HPH1R2A7CSJC\\/summary\\n\\nThank you,\\nThe PaymentACC Team\"}', NULL, 'pending', '01KA9GXC0EETD4HPH1R2A7CSJC', '2025-11-17 11:23:24', '2025-11-17 11:23:24', NULL, NULL, NULL, 1, '', NULL, NULL, NULL, NULL),
(96, 89, 'jasijiskk', 'arabvpn542@gmail.com', 'Basic Pack', 25.00, NULL, '{\"provider\":\"paypal\",\"method\":\"email\",\"display\":\"PayPal B\",\"amount\":25,\"email\":\"merchant2@example.com\",\"url\":null,\"email_subject\":\"Your PayPal Payment Instructions\",\"email_body\":\"Dear jasijiskk,\\n\\nPlease complete your payment using PayPal:\\n\\nPayPal Email: merchant2@example.com\\nPayment URL: \\nAmount: $25\\nService: Basic Pack\\n\\nAfter payment, please click the link below to activate your account:\\nhttp:\\/\\/127.0.0.1:8000\\/app\\/orders\\/01KA9J3M5JJFBNPF93J2BP1F3F\\/summary\\n\\nThank you,\\nThe PaymentACC Team\"}', NULL, 'completed', '01KA9J3M5JJFBNPF93J2BP1F3F', '2025-11-17 11:44:18', '2025-11-19 05:09:35', NULL, NULL, NULL, 1, '', 'makskasjkh', '12345678', 'http://yahoo.com', 'ddsds'),
(97, 48, 'ctvtv', 'ctv08339@gmail.com', 'Basic Pack', 25.00, NULL, '{\"provider\":\"paypal\",\"method\":\"email\",\"display\":\"PayPal B\",\"amount\":25,\"email\":\"merchant2@example.com\",\"url\":null,\"email_subject\":\"Your PayPal Payment Instructions\",\"email_body\":\"Dear ctvtv,\\n\\nPlease complete your payment using PayPal:\\n\\nPayPal Email: merchant2@example.com\\nPayment URL: \\nAmount: $25\\nService: Basic Pack\\n\\nAfter payment, please click the link below to activate your account:\\nhttp:\\/\\/127.0.0.1:8000\\/app\\/orders\\/01KA9K9MSFGA0PACC3BDGCN6JF\\/summary\\n\\nThank you,\\nThe PaymentACC Team\"}', NULL, 'completed', '01KA9K9MSFGA0PACC3BDGCN6JF', '2025-11-17 12:05:04', '2025-11-19 05:02:32', NULL, NULL, NULL, 1, '', 'iasopok', 'adadadad', 'http://yahoo.com', 'adada'),
(98, 94, 'miom2778', 'miom27780@gmail.com', 'Basic Pack', 25.00, NULL, '{\"provider\":\"paypal\",\"method\":\"email\",\"display\":\"PayPal B\",\"amount\":25,\"email\":\"merchant2@example.com\",\"url\":null,\"email_subject\":\"Your PayPal Payment Instructions\",\"email_body\":\"Dear miom2778,\\n\\nPlease complete your payment using PayPal:\\n\\nPayPal Email: merchant2@example.com\\nPayment URL: \\nAmount: $25\\nService: Basic Pack\\n\\nAfter payment, please click the link below to activate your account:\\nhttp:\\/\\/127.0.0.1:8000\\/app\\/orders\\/01KADVRF0RSVTRZJFP0AQ3Z3QZ\\/summary\\n\\nThank you,\\nThe PaymentACC Team\"}', NULL, 'completed', '01KADVRF0RSVTRZJFP0AQ3Z3QZ', '2025-11-19 03:49:55', '2025-11-19 04:57:24', NULL, NULL, NULL, 1, '', 'iasopok', 'kajskjaskk', 'http://yahoo.com', 'please download '),
(99, 95, 'alandtrade32', 'cavansh6@gmail.com', 'Basic Pack', 25.00, NULL, '{\"provider\":\"paypal\",\"method\":\"email\",\"display\":\"PayPal B\",\"amount\":25,\"email\":\"merchant2@example.com\",\"url\":null,\"email_subject\":\"Your PayPal Payment Instructions\",\"email_body\":\"Dear alandtrade32,\\n\\nPlease complete your payment using PayPal:\\n\\nPayPal Email: merchant2@example.com\\nPayment URL: \\nAmount: $25\\nService: Basic Pack\\n\\nAfter payment, please click the link below to activate your account:\\nhttp:\\/\\/127.0.0.1:8000\\/app\\/orders\\/01KADVT9WSNTFJ1C6MB7DWFYXK\\/summary\\n\\nThank you,\\nThe PaymentACC Team\"}', NULL, 'completed', '01KADVT9WSNTFJ1C6MB7DWFYXK', '2025-11-19 03:50:56', '2025-11-19 04:48:13', NULL, NULL, NULL, 1, '', 'makskasjkh', '12345678', 'https://google.com', 'please download this app '),
(100, 96, 'aosjikask', 'knskansjaj@gmail.com', 'Basic Pack', 25.00, NULL, '{\"provider\":\"paypal\",\"method\":\"email\",\"display\":\"PayPal B\",\"amount\":25,\"email\":\"merchant2@example.com\",\"url\":null,\"email_subject\":\"Your PayPal Payment Instructions\",\"email_body\":\"Dear aosjikask,\\n\\nPlease complete your payment using PayPal:\\n\\nPayPal Email: merchant2@example.com\\nPayment URL: \\nAmount: $25\\nService: Basic Pack\\n\\nAfter payment, please click the link below to activate your account:\\nhttp:\\/\\/127.0.0.1:8000\\/app\\/orders\\/01KAE59CPTEP3SQRG0RRHX4ZVR\\/summary\\n\\nThank you,\\nThe PaymentACC Team\"}', NULL, 'pending', '01KAE59CPTEP3SQRG0RRHX4ZVR', '2025-11-19 06:36:27', '2025-11-19 06:36:27', NULL, NULL, NULL, 1, '', NULL, NULL, NULL, NULL),
(101, 97, 'oamkska', 'akjksjalsl@gmail.com', 'Basic Pack', 25.00, NULL, '{\"provider\":\"paypal\",\"method\":\"email\",\"display\":\"PayPal B\",\"amount\":25,\"email\":\"merchant2@example.com\",\"url\":null,\"email_subject\":\"Your PayPal Payment Instructions\",\"email_body\":\"Dear oamkska,\\n\\nPlease complete your payment using PayPal:\\n\\nPayPal Email: merchant2@example.com\\nPayment URL: \\nAmount: $25\\nService: Basic Pack\\n\\nAfter payment, please click the link below to activate your account:\\nhttp:\\/\\/127.0.0.1:8000\\/app\\/orders\\/01KAGSBFME7DESPFW28ZK5CM2W\\/summary\\n\\nThank you,\\nThe PaymentACC Team\"}', NULL, 'pending', '01KAGSBFME7DESPFW28ZK5CM2W', '2025-11-20 07:05:36', '2025-11-20 07:05:36', NULL, NULL, NULL, 1, '', NULL, NULL, NULL, NULL),
(102, 45, 'sasan1', 'miom27780@gmail.com', 'Basic Pack', 25.00, NULL, '{\"provider\":\"paypal\",\"method\":\"email\",\"display\":\"PayPal B\",\"amount\":25,\"email\":\"merchant2@example.com\",\"url\":null,\"email_subject\":\"Your PayPal Payment Instructions\",\"email_body\":\"Dear sasan1,\\n\\nPlease complete your payment using PayPal:\\n\\nPayPal Email: merchant2@example.com\\nPayment URL: \\nAmount: $25\\nService: Basic Pack\\n\\nAfter payment, please click the link below to activate your account:\\nhttp:\\/\\/127.0.0.1:8000\\/app\\/orders\\/01KAGYJ3GRE9NHF10EJ4B7J51E\\/summary\\n\\nThank you,\\nThe PaymentACC Team\"}', NULL, 'pending', '01KAGYJ3GRE9NHF10EJ4B7J51E', '2025-11-20 08:36:36', '2025-11-20 08:36:36', NULL, NULL, NULL, 1, '', NULL, NULL, NULL, NULL),
(103, 45, 'sasan1', 'miom27780@gmail.com', 'Basic Pack', 25.00, NULL, '{\"provider\":\"paypal\",\"method\":\"email\",\"display\":\"PayPal B\",\"amount\":25,\"email\":\"merchant2@example.com\",\"url\":null,\"email_subject\":\"Your PayPal Payment Instructions\",\"email_body\":\"Dear sasan1,\\n\\nPlease complete your payment using PayPal:\\n\\nPayPal Email: merchant2@example.com\\nPayment URL: \\nAmount: $25\\nService: Basic Pack\\n\\nAfter payment, please click the link below to activate your account:\\nhttp:\\/\\/localhost:8000\\/app\\/orders\\/01KANYVJKPM3S397245P88SJYR\\/summary\\n\\nThank you,\\nThe PaymentACC Team\"}', NULL, 'pending', '01KANYVJKPM3S397245P88SJYR', '2025-11-22 07:17:59', '2025-11-22 07:17:59', NULL, NULL, NULL, 1, '', NULL, NULL, NULL, NULL),
(104, 98, 'ssaiasji', 'dasjajk@gmail.com', 'Basic Pack', 25.00, NULL, NULL, NULL, 'pending', '01KAP65GBJQJQN5Z14X39BG8CV', '2025-11-22 09:25:44', '2025-11-22 09:25:44', NULL, NULL, NULL, 1, '', NULL, NULL, NULL, NULL),
(105, 99, 'amsiani', 'inudnaud@gmail.com', 'Basic Pack', 25.00, NULL, '{\"provider\":\"paygate\",\"wallet\":\"0x1948eF4A4Ede38479135029BBa8B8023d766f4Ab\",\"address_in\":\"UkL%2FB%2BXMcx2uMNJUutuqOpkV%2FCTLk%2B43Ke8ZWWpghiKE4ajkqTJCHEhPTbv7kFA1qeUv9llmhn6oYeivl3Gl4A%3D%3D\",\"payment_url\":\"https:\\/\\/checkout.paygate.to\\/process-payment.php?address=UkL%2FB%2BXMcx2uMNJUutuqOpkV%2FCTLk%2B43Ke8ZWWpghiKE4ajkqTJCHEhPTbv7kFA1qeUv9llmhn6oYeivl3Gl4A%3D%3D&amount=25.00&provider=moonpay&email=inudnaud@gmail.com&currency=USD\"}', NULL, 'pending', '01KAP6K9PB9QMBT75TTYQHR15E', '2025-11-22 09:33:16', '2025-11-22 09:33:16', NULL, NULL, NULL, 1, '', NULL, NULL, NULL, NULL),
(106, 100, '1212ssa', '1221213@gmial.com', 'Basic Pack', 25.00, NULL, '{\"provider\":\"nowpay\",\"payment_id\":\"6076264160\",\"pay_address\":\"TJ9niGxYjWQgdtNza6ud9hMSiKUXHoM5XA\",\"pay_amount\":24.926776,\"pay_currency\":\"usdttrc20\",\"invoice_url\":null,\"status\":\"waiting\"}', NULL, 'pending', '01KAP6Z2SWXZRVNYDM420TN45G', '2025-11-22 09:39:42', '2025-11-22 09:39:43', NULL, NULL, NULL, 1, '', NULL, NULL, NULL, NULL),
(107, 101, 'maismain', 'ilqwkjqkjk@gmail.com', 'Basic Pack', 25.00, NULL, '{\"provider\":\"nowpay\",\"payment_id\":\"5216342623\",\"pay_address\":\"TBMERtzisxhPpbA2JckXkYFGqzj83HPeJN\",\"pay_amount\":24.880971,\"pay_currency\":\"usdttrc20\",\"invoice_url\":null,\"status\":\"waiting\"}', NULL, 'pending', '01KAP7GM8HCV3FDMDFT39CDG77', '2025-11-22 09:49:17', '2025-11-22 09:49:18', NULL, NULL, NULL, 1, '', NULL, NULL, NULL, NULL),
(108, 102, 'oasiao', 'miasnkasm@gmail.com', 'Basic Pack', 25.00, NULL, '{\"provider\":\"nowpay\",\"payment_id\":\"5605059424\",\"pay_address\":\"TJCWGfp9Ubku8LJkuCPzpaVHLc5374vW1x\",\"pay_amount\":24.897564,\"pay_currency\":\"usdttrc20\",\"payment_url\":null,\"status\":\"waiting\"}', NULL, 'pending', '01KAP82VWC7FDSNNZF206J2QZX', '2025-11-22 09:59:15', '2025-11-22 09:59:16', NULL, NULL, NULL, 1, '', NULL, NULL, NULL, NULL),
(109, 45, 'sasan1', 'miom27780@gmail.com', 'Basic Pack', 25.00, NULL, '{\"provider\":\"paypal\",\"amount\":25,\"email\":\"merchant2@example.com\",\"url\":null,\"email_body\":\"Dear sasan1,\\n\\nPlease complete your payment using PayPal:\\n\\nPayPal Email: merchant2@example.com\\nPayment URL: \\nAmount: $25\\nService: Basic Pack\\n\\nAfter payment, please click the link below to activate your account:\\nhttp:\\/\\/127.0.0.1:8000\\/app\\/orders\\/01KAP879E07M18B00TPQ7JPFE0\\/summary\\n\\nThank you,\\nThe PaymentACC Team\"}', NULL, 'pending', '01KAP879E07M18B00TPQ7JPFE0', '2025-11-22 10:01:40', '2025-11-22 10:01:40', NULL, NULL, NULL, 1, '', NULL, NULL, NULL, NULL),
(110, 1, 'Admin', 'admin@example.com', 'Basic Pack', 25.00, NULL, NULL, NULL, 'pending', '01KAP8AZEWN10FHJ40QWA786AN', '2025-11-22 10:03:41', '2025-11-22 10:03:41', NULL, NULL, NULL, 1, '', NULL, NULL, NULL, NULL),
(111, 103, 'ojioajdnk', 'snaknsa@gmail.com', 'Basic Pack', 25.00, NULL, '{\"provider\":\"paygate\",\"wallet\":\"0x1948eF4A4Ede38479135029BBa8B8023d766f4Ab\",\"address_in\":\"nMHEIbLaTsH4oLotDPie1pggkv8Pt7Z%2BIozoUjeP1L0bd%2Bj2gJLVoRVNpQ3A%2F7Y5fUbxcYFUVZ7psDXrZpETbg%3D%3D\",\"payment_url\":\"https:\\/\\/checkout.paygate.to\\/process-payment.php?address=nMHEIbLaTsH4oLotDPie1pggkv8Pt7Z%2BIozoUjeP1L0bd%2Bj2gJLVoRVNpQ3A%2F7Y5fUbxcYFUVZ7psDXrZpETbg%3D%3D&amount=25.00&provider=moonpay&email=snaknsa@gmail.com&currency=USD\"}', NULL, 'pending', '01KAP8RJAXS0CP9XQTJXEMAGGQ', '2025-11-22 10:11:06', '2025-11-22 10:11:06', NULL, NULL, NULL, 1, '', NULL, NULL, NULL, NULL),
(112, 104, 'msai', 'iwknjas@gmail.com', 'Basic Pack', 25.00, NULL, '{\"provider\":\"nowpay\",\"invoice_id\":\"6242742628\",\"invoice_url\":\"https:\\/\\/nowpayments.io\\/payment\\/?iid=6242742628\",\"status\":null}', NULL, 'pending', '01KAP8X1QZMYJF9D3BZJZTP8Q8', '2025-11-22 10:13:33', '2025-11-22 10:13:33', NULL, NULL, NULL, 1, '', NULL, NULL, NULL, NULL),
(113, 89, 'jasijiskk', 'arabvpn542@gmail.com', 'Basic Pack', 25.00, NULL, '{\"provider\":\"nowpay\",\"invoice_id\":\"4566802767\",\"invoice_url\":\"https:\\/\\/nowpayments.io\\/payment\\/?iid=4566802767\",\"status\":null}', NULL, 'pending', '01KAPA5K0RCHPZ1AQ3GA9B22PS', '2025-11-22 10:35:41', '2025-11-22 10:35:42', NULL, NULL, NULL, 1, '', NULL, NULL, NULL, NULL),
(114, 48, 'ctvtv', 'ctv08339@gmail.com', 'Basic Pack', 25.00, NULL, '{\"provider\":\"nowpay\",\"invoice_id\":\"5516620157\",\"invoice_url\":\"https:\\/\\/nowpayments.io\\/payment\\/?iid=5516620157\",\"status\":null}', NULL, 'pending', '01KAPD2CKBY0E78GB3FV0SE716', '2025-11-22 11:26:22', '2025-11-22 11:26:23', NULL, NULL, NULL, 1, '', NULL, NULL, NULL, NULL),
(115, 48, 'ctvtv', 'ctv08339@gmail.com', 'Basic Pack', 25.00, NULL, '{\"provider\":\"paypal\",\"amount\":25,\"email\":\"merchant2@example.com\",\"url\":null,\"email_body\":\"Dear ctvtv,\\n\\nPlease complete your payment using PayPal:\\n\\nPayPal Email: merchant2@example.com\\nPayment URL: \\nAmount: $25\\nService: Basic Pack\\n\\nAfter payment, please click the link below to activate your account:\\nhttp:\\/\\/127.0.0.1:8000\\/app\\/orders\\/01KAPD7CZHYGSMA6K14MHGQHEF\\/summary\\n\\nThank you,\\nThe PaymentACC Team\"}', NULL, 'pending', '01KAPD7CZHYGSMA6K14MHGQHEF', '2025-11-22 11:29:06', '2025-11-22 11:29:06', NULL, NULL, NULL, 1, '', NULL, NULL, NULL, NULL),
(116, 48, 'ctvtv', 'ctv08339@gmail.com', 'Basic Pack', 25.00, NULL, '{\"provider\":\"paypal\",\"amount\":25,\"email\":\"merchant2@example.com\",\"url\":null,\"email_body\":\"Dear ctvtv,\\n\\nPlease complete your payment using PayPal:\\n\\nPayPal Email: merchant2@example.com\\nPayment URL: \\nAmount: $25\\nService: Basic Pack\\n\\nAfter payment, please click the link below to activate your account:\\nhttp:\\/\\/localhost:8000\\/app\\/orders\\/01KAQZCGP932KPAARDXP0H5570\\/summary\\n\\nThank you,\\nThe PaymentACC Team\"}', NULL, 'pending', '01KAQZCGP932KPAARDXP0H5570', '2025-11-23 02:05:43', '2025-11-23 02:05:43', NULL, NULL, NULL, 1, '', NULL, NULL, NULL, NULL),
(117, 89, 'jasijiskk', 'arabvpn542@gmail.com', 'Basic Pack', 25.00, NULL, '{\"provider\":\"paypal\",\"amount\":25,\"email\":\"merchant2@example.com\",\"url\":null,\"email_body\":\"Dear jasijiskk,\\n\\nPlease complete your payment using PayPal:\\n\\nPayPal Email: merchant2@example.com\\nPayment URL: \\nAmount: $25\\nService: Basic Pack\\n\\nAfter payment, please click the link below to activate your account:\\nhttp:\\/\\/127.0.0.1:8000\\/app\\/orders\\/01KAR45KPQQHWZK5PA4XKNFH2H\\/summary\\n\\nThank you,\\nThe PaymentACC Team\"}', NULL, 'pending', '01KAR45KPQQHWZK5PA4XKNFH2H', '2025-11-23 03:29:19', '2025-11-23 03:29:19', NULL, NULL, NULL, 1, '', NULL, NULL, NULL, NULL),
(118, 89, 'jasijiskk', 'arabvpn542@gmail.com', 'Basic Pack', 25.00, NULL, NULL, NULL, 'pending', '01KAR46DJ1GS694CHRWC8W0483', '2025-11-23 03:29:46', '2025-11-23 03:29:46', NULL, NULL, NULL, 1, '', NULL, NULL, NULL, NULL),
(119, 105, 'sasakdjh', 'jdkajdkajdk@gmail.com', 'Basic Pack', 25.00, NULL, NULL, NULL, 'pending', '01KAR47PDV6F264STMJ7AD28RJ', '2025-11-23 03:30:28', '2025-11-23 03:30:28', NULL, NULL, NULL, 1, '', NULL, NULL, NULL, NULL),
(120, 106, 'rahnsaj', 'oamxknjnjx@gmail.com', 'Basic Pack', 25.00, NULL, NULL, NULL, 'pending', '01KAR4AHEN2ZJ7NF3PS08SCDTN', '2025-11-23 03:32:01', '2025-11-23 03:32:01', NULL, NULL, NULL, 1, '', NULL, NULL, NULL, NULL),
(121, 107, 'oasansknjnj', 'oaisoausjhnj2@gmail.com', 'Basic Pack', 25.00, NULL, '{\"provider\":\"paygate\",\"wallet\":\"0x1948eF4A4Ede38479135029BBa8B8023d766f4Ab\",\"address_in\":\"RuGIP2bUyAqaWngFbI933Qb5zxTh8gsa5DrC2%2F7jNYj32UE0a%2FfeZtcE0BcAq4PxzMX9ASrVbC10QqOd2RTN4A%3D%3D\",\"payment_url\":\"https:\\/\\/checkout.paygate.to\\/process-payment.php?address=RuGIP2bUyAqaWngFbI933Qb5zxTh8gsa5DrC2%2F7jNYj32UE0a%2FfeZtcE0BcAq4PxzMX9ASrVbC10QqOd2RTN4A%3D%3D&amount=25.00&provider=moonpay&email=oaisoausjhnj2@gmail.com&currency=USD\"}', NULL, 'pending', '01KAR4ZYP2FPAQF8SXFP7SEH0D', '2025-11-23 03:43:42', '2025-11-23 03:43:42', NULL, NULL, NULL, 1, '', NULL, NULL, NULL, NULL),
(122, 108, 'askanskndjanj', 'oskaosaosj@gmail.com', 'Basic Pack', 25.00, NULL, NULL, NULL, 'pending', '01KAR51NGQK5APRS90B1S9W3YN', '2025-11-23 03:44:39', '2025-11-23 03:44:39', NULL, NULL, NULL, 1, '', NULL, NULL, NULL, NULL),
(123, 109, 'zoorjoskank', 'mkmaksjaksjk@gmail.com', 'Basic Pack', 25.00, NULL, NULL, NULL, 'pending', '01KAR5XNYKP0W4Q3CJXR2QCQVG', '2025-11-23 03:59:57', '2025-11-23 03:59:57', NULL, NULL, NULL, 1, '', NULL, NULL, NULL, NULL),
(124, 110, 'maisiowo', 'misaisj@gmail.com', 'Basic Pack', 25.00, NULL, NULL, NULL, 'pending', '01KAR61QGEWX1XSPPS07WKY27R', '2025-11-23 04:02:09', '2025-11-23 04:02:09', NULL, NULL, NULL, 1, '', NULL, NULL, NULL, NULL),
(125, 111, 'mskajieik', 'kakdnadnjjoo2o@gmail.com', 'Basic Pack', 25.00, NULL, NULL, NULL, 'pending', '01KAR67WAZ43DCA1W7BGZDXEN6', '2025-11-23 04:05:31', '2025-11-23 04:05:31', NULL, NULL, NULL, 1, '', NULL, NULL, NULL, NULL),
(126, 112, 'aisi2njnjb', 'mjansjh@gmail.com', 'Basic Pack', 25.00, NULL, NULL, NULL, 'pending', '01KAR791ZVZRWQ1H0P0539VDTX', '2025-11-23 04:23:38', '2025-11-23 04:23:38', NULL, NULL, NULL, 1, '', NULL, NULL, NULL, NULL),
(127, 113, 'newshas', 'kkjsakjs@gmail.com', 'Basic Pack', 25.00, NULL, '{\"provider\":\"paygate\",\"wallet\":\"0x1948eF4A4Ede38479135029BBa8B8023d766f4Ab\",\"address_in\":\"WbSaAVf4LNVh00VlwRkryWnRe1IhdfsXkbtdH%2BoyIwkrBSLrs3VzLX9yd8JCZB3w18Leq40ql0mpIEFo6znK9A%3D%3D\",\"payment_url\":\"https:\\/\\/checkout.paygate.to\\/process-payment.php?address=WbSaAVf4LNVh00VlwRkryWnRe1IhdfsXkbtdH%2BoyIwkrBSLrs3VzLX9yd8JCZB3w18Leq40ql0mpIEFo6znK9A%3D%3D&amount=25.00&provider=moonpay&email=kkjsakjs@gmail.com&currency=USD\"}', NULL, 'pending', '01KAR7JBWKPG0FPN2ETQA8M6X4', '2025-11-23 04:28:43', '2025-11-23 04:28:43', NULL, NULL, NULL, 1, '', NULL, NULL, NULL, NULL),
(128, 114, 'masinasn', 'misaii2@gmail.com', 'Basic Pack', 25.00, NULL, NULL, NULL, 'pending', '01KAR7KJY24M6AY30MY6YYX3Z3', '2025-11-23 04:29:23', '2025-11-23 04:29:23', NULL, NULL, NULL, 1, '', NULL, NULL, NULL, NULL),
(129, 115, 'oasoasjnj', 'ikxjnjbhxbh@gmail.com', 'Basic Pack', 25.00, NULL, NULL, NULL, 'pending', '01KAR7MWJARWPAD3J8TJW4CDCS', '2025-11-23 04:30:06', '2025-11-23 04:30:06', NULL, NULL, NULL, 1, '', NULL, NULL, NULL, NULL),
(130, 116, 'mianisk', 'miansjjj@gmail.com', 'Basic Pack', 25.00, NULL, '{\"provider\":\"paygate\",\"wallet\":\"0x1948eF4A4Ede38479135029BBa8B8023d766f4Ab\",\"address_in\":\"oNJY%2FKKcF6R%2BTFE4U%2B1%2BhvkgUBUlUAyw9ItffIBh4OobzTtxThqfkiQRTNkGYDISD2InH4nAQNIS4NkoDDb8bQ%3D%3D\",\"payment_url\":\"https:\\/\\/checkout.paygate.to\\/process-payment.php?address=oNJY%2FKKcF6R%2BTFE4U%2B1%2BhvkgUBUlUAyw9ItffIBh4OobzTtxThqfkiQRTNkGYDISD2InH4nAQNIS4NkoDDb8bQ%3D%3D&amount=25.00&provider=moonpay&email=miansjjj@gmail.com&currency=USD\"}', NULL, 'pending', '01KAR82X98P6DM3N8QH4SKFS0S', '2025-11-23 04:37:45', '2025-11-23 04:37:45', NULL, NULL, NULL, 1, '', NULL, NULL, NULL, NULL),
(131, 117, 'okaoskomk', 'makjskk@gmail.com', 'Basic Pack', 25.00, NULL, NULL, NULL, 'pending', '01KAR84F9DZ6VMND025JNSZCMT', '2025-11-23 04:38:36', '2025-11-23 04:38:36', NULL, NULL, NULL, 1, '', NULL, NULL, NULL, NULL),
(132, 46, 'miniii', 'cavansh6@gmail.com', 'Basic Pack', 25.00, NULL, NULL, NULL, 'pending', '01KAR88G9KSJPZV1Z8VJGC0D8N', '2025-11-23 04:40:48', '2025-11-23 04:40:48', NULL, NULL, NULL, 1, '', NULL, NULL, NULL, NULL),
(133, 118, 'zairn', 'znainrinik@gmail.com', 'Basic Pack', 25.00, NULL, '{\"provider\":\"paygate\",\"wallet\":\"0x1948eF4A4Ede38479135029BBa8B8023d766f4Ab\",\"address_in\":\"OVV4b9q97GSNG8NPCgJ7FcEj9plb6Fwi71qbh1XCDRp79nQNcQH3XQqkikCi4Ky7f6RJTQFmcZTZ6uQa0YeL7g%3D%3D\",\"payment_url\":\"https:\\/\\/checkout.paygate.to\\/process-payment.php?address=OVV4b9q97GSNG8NPCgJ7FcEj9plb6Fwi71qbh1XCDRp79nQNcQH3XQqkikCi4Ky7f6RJTQFmcZTZ6uQa0YeL7g%3D%3D&amount=25.00&provider=moonpay&email=znainrinik@gmail.com&currency=USD\"}', NULL, 'pending', '01KAR8CX8EDVKFAHCT4WYHARKN', '2025-11-23 04:43:13', '2025-11-23 04:43:13', NULL, NULL, NULL, 1, '', NULL, NULL, NULL, NULL),
(134, 48, 'ctvtv', 'ctv08339@gmail.com', 'Basic Pack', 25.00, NULL, '{\"provider\":\"paypal\",\"amount\":25,\"email\":\"merchant2@example.com\",\"url\":null,\"email_body\":\"Dear ctvtv,\\n\\nPlease complete your payment using PayPal:\\n\\nPayPal Email: merchant2@example.com\\nPayment URL: \\nAmount: $25\\nService: Basic Pack\\n\\nAfter payment, please click the link below to activate your account:\\nhttp:\\/\\/127.0.0.1:8000\\/app\\/orders\\/01KAR8EQZAQ1HAM1Z3EAJWT2WX\\/summary\\n\\nThank you,\\nThe PaymentACC Team\"}', NULL, 'pending', '01KAR8EQZAQ1HAM1Z3EAJWT2WX', '2025-11-23 04:44:13', '2025-11-23 04:44:13', NULL, NULL, NULL, 1, '', NULL, NULL, NULL, NULL),
(135, 89, 'jasijiskk', 'arabvpn542@gmail.com', 'Basic Pack', 25.00, NULL, NULL, NULL, 'pending', '01KAR8FWY718FRJJF2HRAYXDB0', '2025-11-23 04:44:51', '2025-11-23 04:44:51', NULL, NULL, NULL, 1, '', NULL, NULL, NULL, NULL),
(136, 119, 'moamosiji', 'mosiajis@gmail.com', 'Basic Pack', 25.00, NULL, NULL, NULL, 'pending', '01KAR9C0SQJW3BHW1Z3CSGTTVW', '2025-11-23 05:00:12', '2025-11-23 05:00:12', NULL, NULL, NULL, 1, '', NULL, NULL, NULL, NULL),
(137, 120, 'isanjsnjn', 'isnakmsnm@gmail.com', 'Basic Pack', 25.00, NULL, '{\"provider\":\"paypal\",\"amount\":25,\"email\":\"merchant2@example.com\",\"url\":null,\"email_body\":\"Dear isanjsnjn,\\n\\nPlease complete your payment using PayPal:\\n\\nPayPal Email: merchant2@example.com\\nPayment URL: \\nAmount: $25\\nService: Basic Pack\\n\\nAfter payment, please click the link below to activate your account:\\nhttp:\\/\\/127.0.0.1:8000\\/app\\/orders\\/01KAR9EXETZX1Z42CREASGRDFX\\/summary\\n\\nThank you,\\nThe PaymentACC Team\"}', NULL, 'pending', '01KAR9EXETZX1Z42CREASGRDFX', '2025-11-23 05:01:47', '2025-11-23 05:01:47', NULL, NULL, NULL, 1, '', NULL, NULL, NULL, NULL),
(138, 121, 'sarah', 'sarah@gmail.com', 'Basic Pack', 25.00, NULL, '{\"provider\":\"paygate\",\"wallet\":\"0x1948eF4A4Ede38479135029BBa8B8023d766f4Ab\",\"address_in\":\"Omwm11LhdBU%2BDjLjJ0kVv61%2BvK6PWn6mnQv4DK0qU1Bt8LhXbZzF7%2Bl%2BTHrJWc46BRQ%2BBpBx5TTeNEv55Ozj4g%3D%3D\",\"payment_url\":\"https:\\/\\/checkout.paygate.to\\/process-payment.php?address=Omwm11LhdBU%2BDjLjJ0kVv61%2BvK6PWn6mnQv4DK0qU1Bt8LhXbZzF7%2Bl%2BTHrJWc46BRQ%2BBpBx5TTeNEv55Ozj4g%3D%3D&amount=25.00&provider=moonpay&email=sarah@gmail.com&currency=USD\"}', NULL, 'pending', '01KAR9Y9VCKT5VZ6591PA8ATK2', '2025-11-23 05:10:11', '2025-11-23 05:10:11', NULL, NULL, NULL, 1, '', NULL, NULL, NULL, NULL),
(139, 122, 'iasjiansjnj', 'kkaskasjk@gmail.com', 'Basic Pack', 25.00, NULL, '{\"provider\":\"nowpay\",\"invoice_id\":\"5907636938\",\"invoice_url\":\"https:\\/\\/nowpayments.io\\/payment\\/?iid=5907636938\",\"status\":null}', NULL, 'pending', '01KARB6GWDWBZYD4JRPKV6XEVA', '2025-11-23 05:32:09', '2025-11-23 05:32:10', NULL, NULL, NULL, 1, '', NULL, NULL, NULL, NULL),
(140, 123, 'kmakjskajskajk', 'jijodkadoj@gmail.com', 'Basic Pack', 25.00, NULL, '{\"provider\":\"nowpay\",\"invoice_id\":\"5682315885\",\"invoice_url\":\"https:\\/\\/nowpayments.io\\/payment\\/?iid=5682315885\",\"status\":null}', NULL, 'pending', '01KARB7YQPZKYFVHQGXF59E9WC', '2025-11-23 05:32:56', '2025-11-23 05:32:56', NULL, NULL, NULL, 1, '', NULL, NULL, NULL, NULL),
(141, 124, 'odaodjkn', 'omkdanj@yahoo.com', 'Basic Pack', 25.00, NULL, '{\"provider\":\"paygate\",\"wallet\":\"0x1948eF4A4Ede38479135029BBa8B8023d766f4Ab\",\"address_in\":\"uEP0NSh2JOcSlW8F49PXSqQn3w3vuUHCXFnxAaMJB%2Bi0YN12yRM6XbStpoUwRBMDAphaCgtFifOczzn6cfOmNg%3D%3D\",\"payment_url\":\"https:\\/\\/checkout.paygate.to\\/process-payment.php?address=uEP0NSh2JOcSlW8F49PXSqQn3w3vuUHCXFnxAaMJB%2Bi0YN12yRM6XbStpoUwRBMDAphaCgtFifOczzn6cfOmNg%3D%3D&amount=25.00&provider=moonpay&email=omkdanj@yahoo.com&currency=USD\"}', NULL, 'pending', '01KARB9647EHXH5H0H1GP14DPZ', '2025-11-23 05:33:36', '2025-11-23 05:33:36', NULL, NULL, NULL, 1, '', NULL, NULL, NULL, NULL),
(142, 46, 'miniii', 'cavansh6@gmail.com', 'Basic Pack', 25.00, NULL, '{\"provider\":\"paypal\",\"amount\":25,\"email\":\"merchant2@example.com\",\"url\":null,\"email_body\":\"Dear miniii,\\n\\nPlease complete your payment using PayPal:\\n\\nPayPal Email: merchant2@example.com\\nPayment URL: \\nAmount: $25\\nService: Basic Pack\\n\\nAfter payment, please click the link below to activate your account:\\nhttp:\\/\\/127.0.0.1:8000\\/app\\/orders\\/01KARBB3PNPJX4718F9G9E8KYX\\/summary\\n\\nThank you,\\nThe PaymentACC Team\"}', NULL, 'pending', '01KARBB3PNPJX4718F9G9E8KYX', '2025-11-23 05:34:39', '2025-11-23 05:34:39', NULL, NULL, NULL, 1, '', NULL, NULL, NULL, NULL),
(143, 46, 'miniii', 'cavansh6@gmail.com', 'Basic Pack', 25.00, NULL, '{\"provider\":\"nowpay\",\"invoice_id\":\"5687890790\",\"invoice_url\":\"https:\\/\\/nowpayments.io\\/payment\\/?iid=5687890790\",\"status\":null}', NULL, 'pending', '01KARBC8ZQH9JN274VS1772807', '2025-11-23 05:35:18', '2025-11-23 05:35:18', NULL, NULL, NULL, 1, '', NULL, NULL, NULL, NULL),
(144, 125, 'zaosmjkk', 'oeknkndm@gmail.com', 'Basic Pack', 25.00, NULL, NULL, NULL, 'pending', '01KATKJJB076BHJY9SGKQMR9RM', '2025-11-24 02:37:01', '2025-11-24 02:37:01', NULL, NULL, NULL, 1, '', NULL, NULL, NULL, NULL),
(145, 45, 'sasan1', 'miom27780@gmail.com', 'Basic Pack', 25.00, NULL, '{\"provider\":\"paygate\",\"wallet\":\"0x1948eF4A4Ede38479135029BBa8B8023d766f4Ab\",\"address_in\":\"EpCIIVPvuRzFsK9tt3Squ8bjvja0FLPuUvB7NF4ixV7iyOX%2BhuVdmAEaGJVA7Tf%2Bc%2F5Tq3%2BxmQ4KumiN50t5ow%3D%3D\",\"payment_url\":\"https:\\/\\/checkout.paygate.to\\/process-payment.php?address=EpCIIVPvuRzFsK9tt3Squ8bjvja0FLPuUvB7NF4ixV7iyOX%2BhuVdmAEaGJVA7Tf%2Bc%2F5Tq3%2BxmQ4KumiN50t5ow%3D%3D&amount=25.00&provider=moonpay&email=miom27780@gmail.com&currency=USD\"}', NULL, 'pending', '01KATKMECAMQA0T21W5J3TN3Q6', '2025-11-24 02:38:03', '2025-11-24 02:38:03', NULL, NULL, NULL, 1, '', NULL, NULL, NULL, NULL),
(146, 45, 'sasan1', 'miom27780@gmail.com', 'Basic Pack', 25.00, NULL, '{\"provider\":\"paypal\",\"amount\":25,\"email\":\"merchant2@example.com\",\"url\":null,\"email_body\":\"Dear sasan1,\\n\\nPlease complete your payment using PayPal:\\n\\nPayPal Email: merchant2@example.com\\nPayment URL: \\nAmount: $25\\nService: Basic Pack\\n\\nAfter payment, please click the link below to activate your account:\\nhttp:\\/\\/127.0.0.1:8000\\/app\\/orders\\/01KATKNTV3PNVJKHDM0SMF8VZG\\/summary\\n\\nThank you,\\nThe PaymentACC Team\"}', NULL, 'pending', '01KATKNTV3PNVJKHDM0SMF8VZG', '2025-11-24 02:38:48', '2025-11-24 02:38:48', NULL, NULL, NULL, 1, '', NULL, NULL, NULL, NULL),
(147, 45, 'sasan1', 'miom27780@gmail.com', 'Basic Pack', 25.00, NULL, NULL, NULL, 'pending', '01KATKPH4WKMG4322A1RHS4RGN', '2025-11-24 02:39:11', '2025-11-24 02:39:11', NULL, NULL, NULL, 1, '', NULL, NULL, NULL, NULL),
(148, 126, 'maheoowm', 'mosaosjo@gmail.com', 'Basic Pack', 25.00, NULL, '{\"provider\":\"nowpay\",\"invoice_id\":\"5576854416\",\"invoice_url\":\"https:\\/\\/nowpayments.io\\/payment\\/?iid=5576854416\",\"status\":null}', NULL, 'pending', '01KATMKFAYA2RZV1CF166AVYRX', '2025-11-24 02:55:00', '2025-11-24 02:55:00', NULL, NULL, NULL, 1, '', NULL, NULL, NULL, NULL),
(149, 127, 'oakdmkk', 'kanskaskjm@gmail.com', 'Basic Pack', 25.00, NULL, '{\"provider\":\"paygate\",\"wallet\":\"0x1948eF4A4Ede38479135029BBa8B8023d766f4Ab\",\"address_in\":\"kxMsW3FytDYU0eu1iK4uElrHpbMRh2Yl5Wtckh91fllJBsMNXzipB1ecwezSPUtmgOZ%2BwenYNEq%2FXQ0LgKyo%2Fg%3D%3D\",\"payment_url\":\"https:\\/\\/checkout.paygate.to\\/process-payment.php?address=kxMsW3FytDYU0eu1iK4uElrHpbMRh2Yl5Wtckh91fllJBsMNXzipB1ecwezSPUtmgOZ%2BwenYNEq%2FXQ0LgKyo%2Fg%3D%3D&amount=25.00&provider=moonpay&email=kanskaskjm@gmail.com&currency=USD\"}', NULL, 'pending', '01KATMPM5XJC9AZMGPQVTFBEDZ', '2025-11-24 02:56:43', '2025-11-24 02:56:43', NULL, NULL, NULL, 1, '', NULL, NULL, NULL, NULL),
(150, 128, 'MAKDSNKADNJN', 'Mnkaskahsk@gmail.com', 'Basic Pack', 25.00, NULL, '{\"provider\":\"nowpay\",\"invoice_id\":\"5405946635\",\"invoice_url\":\"https:\\/\\/nowpayments.io\\/payment\\/?iid=5405946635\",\"status\":null}', NULL, 'pending', '01KATNCK3SDTRHJQPRJ7J0J5GT', '2025-11-24 03:08:43', '2025-11-24 03:08:43', NULL, NULL, NULL, 1, '', NULL, NULL, NULL, NULL),
(151, 128, 'MAKDSNKADNJN', 'Mnkaskahsk@gmail.com', 'Basic Pack', 25.00, NULL, '{\"provider\":\"nowpay\",\"invoice_id\":\"4703607601\",\"invoice_url\":\"https:\\/\\/nowpayments.io\\/payment\\/?iid=4703607601\",\"status\":null}', NULL, 'pending', '01KATPSMX1M12MGF7YE386P7G6', '2025-11-24 03:33:19', '2025-11-24 03:33:20', NULL, NULL, NULL, 1, '', NULL, NULL, NULL, NULL),
(152, 128, 'MAKDSNKADNJN', 'Mnkaskahsk@gmail.com', 'Basic Pack', 25.00, NULL, '{\"provider\":\"paypal\",\"amount\":25,\"email\":\"merchant2@example.com\",\"url\":null,\"email_body\":\"Dear MAKDSNKADNJN,\\n\\nPlease complete your payment using PayPal:\\n\\nPayPal Email: merchant2@example.com\\nPayment URL: \\nAmount: $25\\nService: Basic Pack\\n\\nAfter payment, please click the link below to activate your account:\\nhttp:\\/\\/127.0.0.1:8000\\/app\\/orders\\/01KATPSX1HBGCK8T615MV61CH9\\/summary\\n\\nThank you,\\nThe PaymentACC Team\"}', NULL, 'pending', '01KATPSX1HBGCK8T615MV61CH9', '2025-11-24 03:33:27', '2025-11-24 03:33:27', NULL, NULL, NULL, 1, '', NULL, NULL, NULL, NULL),
(153, 128, 'MAKDSNKADNJN', 'Mnkaskahsk@gmail.com', 'Basic Pack', 25.00, NULL, '{\"provider\":\"paygate\",\"wallet\":\"0x1948eF4A4Ede38479135029BBa8B8023d766f4Ab\",\"address_in\":\"p2YCxvYSS4JZinuhnO%2FJ0ZjIrK%2FUALFCKagJd8qf49zBS0zOdIdeTQAXWDgEtpg%2FP0mIlZjt7nXbzzavJoTy9w%3D%3D\",\"payment_url\":\"https:\\/\\/checkout.paygate.to\\/process-payment.php?address=p2YCxvYSS4JZinuhnO%2FJ0ZjIrK%2FUALFCKagJd8qf49zBS0zOdIdeTQAXWDgEtpg%2FP0mIlZjt7nXbzzavJoTy9w%3D%3D&amount=25.00&provider=moonpay&email=Mnkaskahsk@gmail.com&currency=USD\"}', NULL, 'pending', '01KATPT6YQ9RAE7BEC6SCB05G2', '2025-11-24 03:33:38', '2025-11-24 03:33:38', NULL, NULL, NULL, 1, '', NULL, NULL, NULL, NULL),
(154, 129, 'oasoaskm', 'kjwjkds@gmail.com', 'Basic Pack', 25.00, NULL, '{\"provider\":\"nowpay\",\"invoice_id\":\"6293122993\",\"invoice_url\":\"https:\\/\\/nowpayments.io\\/payment\\/?iid=6293122993\",\"status\":null}', NULL, 'pending', '01KATPVPJKAK3JGGAARAQKXZD8', '2025-11-24 03:34:26', '2025-11-24 03:34:27', NULL, NULL, NULL, 1, '', NULL, NULL, NULL, NULL),
(155, 129, 'oasoaskm', 'kjwjkds@gmail.com', 'Basic Pack', 25.00, NULL, '{\"provider\":\"paygate\",\"wallet\":\"0x1948eF4A4Ede38479135029BBa8B8023d766f4Ab\",\"address_in\":\"F3h5gDky2tnDi2cNX69jhND4RW1bBiCushUvlu8mpR54MJSktr93THKuVKo42NIgQYWDvYMQdATN%2BXLpwYGw7w%3D%3D\",\"payment_url\":\"https:\\/\\/checkout.paygate.to\\/process-payment.php?address=F3h5gDky2tnDi2cNX69jhND4RW1bBiCushUvlu8mpR54MJSktr93THKuVKo42NIgQYWDvYMQdATN%2BXLpwYGw7w%3D%3D&amount=25.00&provider=moonpay&email=kjwjkds@gmail.com&currency=USD\"}', NULL, 'pending', '01KATPWMAV7WT2XKWHMVNTQNEV', '2025-11-24 03:34:57', '2025-11-24 03:34:57', NULL, NULL, NULL, 1, '', NULL, NULL, NULL, NULL),
(156, 128, 'MAKDSNKADNJN', 'Mnkaskahsk@gmail.com', 'Basic Pack', 25.00, NULL, '{\"provider\":\"paygate\",\"wallet\":\"0x1948eF4A4Ede38479135029BBa8B8023d766f4Ab\",\"address_in\":\"Zdg0rsHTxkPNx52FqVd3IosWkBvIIncVKyIHsraw6vix9aD%2BziU6OsuxXVz%2F1hVG4IpajkYmoupV1y1lMp1baw%3D%3D\",\"payment_url\":\"https:\\/\\/checkout.paygate.to\\/process-payment.php?address=Zdg0rsHTxkPNx52FqVd3IosWkBvIIncVKyIHsraw6vix9aD%2BziU6OsuxXVz%2F1hVG4IpajkYmoupV1y1lMp1baw%3D%3D&amount=25.00&provider=moonpay&email=Mnkaskahsk@gmail.com&currency=USD\"}', NULL, 'pending', '01KATQQDJGF04GSH2G0WYC9NFJ', '2025-11-24 03:49:35', '2025-11-24 03:49:35', NULL, NULL, NULL, 1, '', NULL, NULL, NULL, NULL),
(157, 128, 'MAKDSNKADNJN', 'Mnkaskahsk@gmail.com', 'Basic Pack', 25.00, NULL, '{\"provider\":\"paygate\",\"wallet\":\"0x1948eF4A4Ede38479135029BBa8B8023d766f4Ab\",\"address_in\":\"7uOox3fHd%2FVAjYFSkBtwxsZpxlvqwtJ%2FMBUchNs8IDSGlciw5SBSmlZ2ZEOn%2FNwiDS3DxEALuQaWPfEs%2FDKiNA%3D%3D\",\"payment_url\":\"https:\\/\\/checkout.paygate.to\\/process-payment.php?address=7uOox3fHd%2FVAjYFSkBtwxsZpxlvqwtJ%2FMBUchNs8IDSGlciw5SBSmlZ2ZEOn%2FNwiDS3DxEALuQaWPfEs%2FDKiNA%3D%3D&amount=25.00&provider=moonpay&email=Mnkaskahsk@gmail.com&currency=USD\"}', NULL, 'pending', '01KATQQWPSXMJ27CQ9Z6Z1WYVG', '2025-11-24 03:49:50', '2025-11-24 03:49:50', NULL, NULL, NULL, 1, '', NULL, NULL, NULL, NULL),
(158, 128, 'MAKDSNKADNJN', 'Mnkaskahsk@gmail.com', 'Pro Pack', 49.00, NULL, '{\"provider\":\"nowpay\",\"invoice_id\":\"6225538800\",\"invoice_url\":\"https:\\/\\/nowpayments.io\\/payment\\/?iid=6225538800\",\"status\":null}', NULL, 'pending', '01KATQTWC8DS9ZKWK60ANWXTKM', '2025-11-24 03:51:28', '2025-11-24 03:51:29', NULL, NULL, NULL, 2, '', NULL, NULL, NULL, NULL),
(159, 128, 'MAKDSNKADNJN', 'Mnkaskahsk@gmail.com', 'Basic Pack', 25.00, NULL, '{\"provider\":\"paygate\",\"wallet\":\"0x1948eF4A4Ede38479135029BBa8B8023d766f4Ab\",\"address_in\":\"6hcoQR%2B7lqYTHCfCH%2BZtn%2BMHhEhk8k35W%2FSQ%2BHKXnnNV6cs%2FPjjJPhRwsBg0OrQgKRsGqY7NQp4md47XSdyfew%3D%3D\",\"payment_url\":\"https:\\/\\/checkout.paygate.to\\/process-payment.php?address=6hcoQR%2B7lqYTHCfCH%2BZtn%2BMHhEhk8k35W%2FSQ%2BHKXnnNV6cs%2FPjjJPhRwsBg0OrQgKRsGqY7NQp4md47XSdyfew%3D%3D&amount=25.00&provider=moonpay&email=Mnkaskahsk@gmail.com&currency=USD\"}', NULL, 'pending', '01KATQVWMY8QT1EY57J3AN70RJ', '2025-11-24 03:52:01', '2025-11-24 03:52:01', NULL, NULL, NULL, 1, '', NULL, NULL, NULL, NULL),
(160, 128, 'MAKDSNKADNJN', 'Mnkaskahsk@gmail.com', 'Basic Pack', 25.00, NULL, '{\"provider\":\"paygate\",\"wallet\":\"0x1948eF4A4Ede38479135029BBa8B8023d766f4Ab\",\"address_in\":\"gkQ5mV3fJL6DCseldgHMXfewcJMNXJtsVx3ogllnNSUE50avS0JG%2FhCdC43fky9OXJmoQYQSjOKZ4ICG32hX7g%3D%3D\",\"payment_url\":\"https:\\/\\/checkout.paygate.to\\/process-payment.php?address=gkQ5mV3fJL6DCseldgHMXfewcJMNXJtsVx3ogllnNSUE50avS0JG%2FhCdC43fky9OXJmoQYQSjOKZ4ICG32hX7g%3D%3D&amount=25.00&provider=moonpay&email=Mnkaskahsk@gmail.com&currency=USD\"}', NULL, 'pending', '01KATQZA73ZG08ANNH9KZ2K7Q0', '2025-11-24 03:53:53', '2025-11-24 03:53:53', NULL, NULL, NULL, 1, '', NULL, NULL, NULL, NULL),
(161, 128, 'MAKDSNKADNJN', 'Mnkaskahsk@gmail.com', 'Basic Pack', 25.00, NULL, '{\"provider\":\"nowpay\",\"invoice_id\":\"6133930906\",\"invoice_url\":\"https:\\/\\/nowpayments.io\\/payment\\/?iid=6133930906\",\"status\":null}', NULL, 'pending', '01KATQZRB4HT9V1A7NMVZ5R3RY', '2025-11-24 03:54:08', '2025-11-24 03:54:08', NULL, NULL, NULL, 1, '', NULL, NULL, NULL, NULL),
(162, 128, 'MAKDSNKADNJN', 'Mnkaskahsk@gmail.com', 'Basic Pack', 25.00, NULL, '{\"provider\":\"paygate\",\"wallet\":\"0x1948eF4A4Ede38479135029BBa8B8023d766f4Ab\",\"address_in\":\"VPz9GkePComQlDvrFuEHGqUexjZSnMgSrgmePAx%2FzP%2BPF44UxZQWvEwTePzJllEnB%2BHcl93w7wLtG4jYCq1mjg%3D%3D\",\"payment_url\":\"https:\\/\\/checkout.paygate.to\\/process-payment.php?address=VPz9GkePComQlDvrFuEHGqUexjZSnMgSrgmePAx%2FzP%2BPF44UxZQWvEwTePzJllEnB%2BHcl93w7wLtG4jYCq1mjg%3D%3D&amount=25.00&provider=moonpay&email=Mnkaskahsk@gmail.com&currency=USD\"}', NULL, 'pending', '01KATR3STDE74A7FZBSH46AAKQ', '2025-11-24 03:56:20', '2025-11-24 03:56:20', NULL, NULL, NULL, 1, '', NULL, NULL, NULL, NULL),
(163, 130, 'mkiaidjaidj', 'mmaksjk@gmail.com', 'Basic Pack', 25.00, NULL, '{\"provider\":\"paygate\",\"wallet\":\"0x1948eF4A4Ede38479135029BBa8B8023d766f4Ab\",\"address_in\":\"5CrUVgyMWLylzmFGvBKqwr37urLWOWdm1i8WZ70%2BSCOErtJENhPJENMPZeAuDrVwFQUWAL%2BoLo0oCk6fr9WTmg%3D%3D\",\"payment_url\":\"https:\\/\\/checkout.paygate.to\\/process-payment.php?address=5CrUVgyMWLylzmFGvBKqwr37urLWOWdm1i8WZ70%2BSCOErtJENhPJENMPZeAuDrVwFQUWAL%2BoLo0oCk6fr9WTmg%3D%3D&amount=25.00&provider=moonpay&email=mmaksjk@gmail.com&currency=USD\"}', NULL, 'pending', '01KATR51BDPVAP27GNG478TVVB', '2025-11-24 03:57:01', '2025-11-24 03:57:01', NULL, NULL, NULL, 1, '', NULL, NULL, NULL, NULL),
(164, 128, 'MAKDSNKADNJN', 'Mnkaskahsk@gmail.com', 'Basic Pack', 25.00, NULL, '{\"provider\":\"paygate\",\"wallet\":\"0x1948eF4A4Ede38479135029BBa8B8023d766f4Ab\",\"address_in\":\"E1ILADC%2FJdjyYjdlX2pGgnaoMCbyXSBoD012E9gIi%2FJiiRxPBEqRgyS4Y9cW0N4gjM2QgsospATh6SmBjtYUPA%3D%3D\",\"payment_url\":\"https:\\/\\/checkout.paygate.to\\/process-payment.php?address=E1ILADC%2FJdjyYjdlX2pGgnaoMCbyXSBoD012E9gIi%2FJiiRxPBEqRgyS4Y9cW0N4gjM2QgsospATh6SmBjtYUPA%3D%3D&amount=25.00&provider=moonpay&email=Mnkaskahsk@gmail.com&currency=USD\"}', NULL, 'pending', '01KATR93RNP0QWNRV5G3VSBPV7', '2025-11-24 03:59:14', '2025-11-24 03:59:14', NULL, NULL, NULL, 1, '', NULL, NULL, NULL, NULL),
(165, 128, 'MAKDSNKADNJN', 'Mnkaskahsk@gmail.com', 'Basic Pack', 25.00, NULL, '{\"provider\":\"paygate\",\"wallet\":\"0x1948eF4A4Ede38479135029BBa8B8023d766f4Ab\",\"address_in\":\"GhQesWYhrvvx%2BNaLD7ZaCRK1KtYOd3ABw0Cag8GiVKME6cUIerGBdzjhMkIKpfyiN7Mel5LINnC8jS09yLNqZg%3D%3D\",\"payment_url\":\"https:\\/\\/checkout.paygate.to\\/process-payment.php?address=GhQesWYhrvvx%2BNaLD7ZaCRK1KtYOd3ABw0Cag8GiVKME6cUIerGBdzjhMkIKpfyiN7Mel5LINnC8jS09yLNqZg%3D%3D&amount=25.00&provider=moonpay&email=Mnkaskahsk@gmail.com&currency=USD\"}', NULL, 'pending', '01KATRBFA39QVX0H78M9NKWYK9', '2025-11-24 04:00:32', '2025-11-24 04:00:32', NULL, NULL, NULL, 1, '', NULL, NULL, NULL, NULL),
(166, 128, 'MAKDSNKADNJN', 'Mnkaskahsk@gmail.com', 'Basic Pack', 25.00, NULL, '{\"provider\":\"paygate\",\"wallet\":\"0x1948eF4A4Ede38479135029BBa8B8023d766f4Ab\",\"address_in\":\"37%2FQOH08PrSVzREx1NmQs6euu7W9jrddx5KIp1AAFa0JmfnxrGQoH9yexY6X5w321kzTez%2BfFa7PFzeFRAn7uQ%3D%3D\",\"payment_url\":\"https:\\/\\/checkout.paygate.to\\/process-payment.php?address=37%2FQOH08PrSVzREx1NmQs6euu7W9jrddx5KIp1AAFa0JmfnxrGQoH9yexY6X5w321kzTez%2BfFa7PFzeFRAn7uQ%3D%3D&amount=25.00&provider=moonpay&email=Mnkaskahsk@gmail.com&currency=USD\"}', NULL, 'pending', '01KATRG1X651J6BWX6P186WH4X', '2025-11-24 04:03:02', '2025-11-24 04:03:02', NULL, NULL, NULL, 1, '', NULL, NULL, NULL, NULL),
(167, 128, 'MAKDSNKADNJN', 'Mnkaskahsk@gmail.com', 'Basic Pack', 25.00, NULL, '{\"provider\":\"paygate\",\"wallet\":\"0x1948eF4A4Ede38479135029BBa8B8023d766f4Ab\",\"address_in\":\"eixa55TXs2EuIMwO46JALyxdsadm6xr8sBIgGfHu6GBsMBi5eElF6GtU%2Fqa94HlaBeG7KhJpMSo%2F6KqJli25fQ%3D%3D\",\"payment_url\":\"https:\\/\\/checkout.paygate.to\\/process-payment.php?address=eixa55TXs2EuIMwO46JALyxdsadm6xr8sBIgGfHu6GBsMBi5eElF6GtU%2Fqa94HlaBeG7KhJpMSo%2F6KqJli25fQ%3D%3D&amount=25.00&provider=moonpay&email=Mnkaskahsk@gmail.com&currency=USD\"}', NULL, 'pending', '01KATRQXKY5SPTP7Q2X8R7PPH0', '2025-11-24 04:07:20', '2025-11-24 04:07:20', NULL, NULL, NULL, 1, '', NULL, NULL, NULL, NULL),
(168, 128, 'MAKDSNKADNJN', 'Mnkaskahsk@gmail.com', 'Basic Pack', 25.00, NULL, '{\"provider\":\"paygate\",\"wallet\":\"0x1948eF4A4Ede38479135029BBa8B8023d766f4Ab\",\"address_in\":\"2D6jRzFqYDE07caKji%2Fmr8n%2Bl8KoJypeXu%2F0LvtqEsMPvG0ivli3LmAwQdsFQ8zkQtFSTRbsFHrVRvwZAsAl6Q%3D%3D\",\"payment_url\":\"https:\\/\\/checkout.paygate.to\\/process-payment.php?address=2D6jRzFqYDE07caKji%2Fmr8n%2Bl8KoJypeXu%2F0LvtqEsMPvG0ivli3LmAwQdsFQ8zkQtFSTRbsFHrVRvwZAsAl6Q%3D%3D&amount=25.00&provider=moonpay&email=Mnkaskahsk@gmail.com&currency=USD\"}', NULL, 'pending', '01KATRSDMTDC56KRNDCNSA3B7R', '2025-11-24 04:08:09', '2025-11-24 04:08:09', NULL, NULL, NULL, 1, '', NULL, NULL, NULL, NULL),
(169, 46, 'miniii', 'cavansh6@gmail.com', 'Basic Pack', 25.00, NULL, '{\"provider\":\"paypal\",\"amount\":25,\"email\":\"merchant2@example.com\",\"url\":null,\"email_body\":\"Dear miniii,\\n\\nPlease complete your payment using PayPal:\\n\\nPayPal Email: merchant2@example.com\\nPayment URL: \\nAmount: $25\\nService: Basic Pack\\n\\nAfter payment, please click the link below to activate your account:\\nhttp:\\/\\/127.0.0.1:8000\\/app\\/orders\\/01KATSG15JXC6CN9QBJZAXA95C\\/summary\\n\\nThank you,\\nThe PaymentACC Team\"}', NULL, 'pending', '01KATSG15JXC6CN9QBJZAXA95C', '2025-11-24 04:20:30', '2025-11-24 04:20:30', NULL, NULL, NULL, 1, '', NULL, NULL, NULL, NULL),
(170, 46, 'miniii', 'cavansh6@gmail.com', 'Basic Pack', 25.00, NULL, '{\"provider\":\"paypal\",\"amount\":25,\"email\":\"merchant2@example.com\",\"url\":null,\"email_body\":\"Dear miniii,\\n\\nPlease complete your payment using PayPal:\\n\\nPayPal Email: merchant2@example.com\\nPayment URL: \\nAmount: $25\\nService: Basic Pack\\n\\nAfter payment, please click the link below to activate your account:\\nhttp:\\/\\/127.0.0.1:8000\\/app\\/orders\\/01KATTD84NF8X9G03BJT92GJWH\\/summary\\n\\nThank you,\\nThe PaymentACC Team\"}', NULL, 'pending', '01KATTD84NF8X9G03BJT92GJWH', '2025-11-24 04:36:27', '2025-11-24 04:36:27', NULL, NULL, NULL, 1, '', NULL, NULL, NULL, NULL),
(171, 46, 'miniii', 'cavansh6@gmail.com', 'Basic Pack', 25.00, NULL, '{\"provider\":\"paypal\",\"amount\":25,\"email\":\"merchant2@example.com\",\"url\":null,\"email_body\":\"Dear miniii,\\n\\nPlease complete your payment using PayPal:\\n\\nPayPal Email: merchant2@example.com\\nPayment URL: \\nAmount: $25\\nService: Basic Pack\\n\\nAfter payment, please click the link below to activate your account:\\nhttp:\\/\\/127.0.0.1:8000\\/app\\/orders\\/01KATWCYH9AVFS28ZSTQAE5NM8\\/summary\\n\\nThank you,\\nThe PaymentACC Team\"}', NULL, 'pending', '01KATWCYH9AVFS28ZSTQAE5NM8', '2025-11-24 05:11:14', '2025-11-24 05:11:14', NULL, NULL, NULL, 1, '', NULL, NULL, NULL, NULL),
(173, 46, 'miniii', 'cavansh6@gmail.com', 'Basic Pack', 25.00, NULL, '{\"provider\":\"paypal\",\"amount\":25,\"email\":\"merchant2@example.com\",\"url\":null,\"email_body\":\"Dear miniii,\\n\\nPlease complete your payment using PayPal:\\n\\nPayPal Email: merchant2@example.com\\nPayment URL: \\nAmount: $25\\nService: Basic Pack\\n\\nAfter payment, please click the link below to activate your account:\\nhttp:\\/\\/127.0.0.1:8000\\/app\\/orders\\/01KATXCGYQVRVKP69RXSWV8MFX\\/summary\\n\\nThank you,\\nThe PaymentACC Team\"}', NULL, 'pending', '01KATXCGYQVRVKP69RXSWV8MFX', '2025-11-24 05:28:29', '2025-11-24 05:28:29', NULL, NULL, NULL, 1, '', NULL, NULL, NULL, NULL),
(174, 46, 'miniii', 'cavansh6@gmail.com', 'Basic Pack', 25.00, NULL, '{\"provider\":\"paypal\",\"amount\":25,\"email\":\"merchant2@example.com\",\"url\":null,\"email_body\":\"Dear miniii,\\n\\nPlease complete your payment using PayPal:\\n\\nPayPal Email: merchant2@example.com\\nPayment URL: \\nAmount: $25\\nService: Basic Pack\\n\\nAfter payment, please click the link below to activate your account:\\nhttp:\\/\\/127.0.0.1:8000\\/app\\/orders\\/01KATXKCEFJNQ827YZ8NQTK592\\/summary\\n\\nThank you,\\nThe PaymentACC Team\"}', NULL, 'paid', '01KATXKCEFJNQ827YZ8NQTK592', '2025-11-24 05:32:14', '2025-11-27 00:33:19', NULL, NULL, NULL, 1, '', NULL, NULL, NULL, NULL),
(175, 46, 'miniii', 'cavansh6@gmail.com', 'Basic Pack', 25.00, NULL, '{\"provider\":\"paypal\",\"amount\":25,\"email\":\"merchant2@example.com\",\"url\":null,\"email_body\":\"Dear miniii,\\n\\nPlease complete your payment using PayPal:\\n\\nPayPal Email: merchant2@example.com\\nPayment URL: \\nAmount: $25\\nService: Basic Pack\\n\\nAfter payment, please click the link below to activate your account:\\nhttp:\\/\\/127.0.0.1:8000\\/app\\/orders\\/01KATYAS448GSW7FZ94PE3FBTN\\/summary\\n\\nThank you,\\nThe PaymentACC Team\"}', NULL, 'payment_review', '01KATYAS448GSW7FZ94PE3FBTN', '2025-11-24 05:45:00', '2025-11-24 05:49:53', NULL, NULL, NULL, 1, '', NULL, NULL, NULL, NULL),
(176, 46, 'miniii', 'cavansh6@gmail.com', 'Basic Pack', 25.00, NULL, '{\"provider\":\"paypal\",\"amount\":25,\"email\":\"merchant2@example.com\",\"url\":null,\"email_body\":\"Dear miniii,\\n\\nPlease complete your payment using PayPal:\\n\\nPayPal Email: merchant2@example.com\\nPayment URL: \\nAmount: $25\\nService: Basic Pack\\n\\nAfter payment, please click the link below to activate your account:\\nhttp:\\/\\/127.0.0.1:8000\\/app\\/orders\\/01KATYQMF917S7GV6J4M7GCX3Y\\/summary\\n\\nThank you,\\nThe PaymentACC Team\"}', NULL, 'payment_review', '01KATYQMF917S7GV6J4M7GCX3Y', '2025-11-24 05:52:02', '2025-11-24 05:52:37', NULL, NULL, NULL, 1, '', NULL, NULL, NULL, NULL),
(177, 46, 'miniii', 'cavansh6@gmail.com', 'Basic Pack', 25.00, NULL, '{\"provider\":\"paypal\",\"amount\":25,\"email\":\"merchant2@example.com\",\"url\":null,\"email_body\":\"Dear miniii,\\n\\nPlease complete your payment using PayPal:\\n\\nPayPal Email: merchant2@example.com\\nPayment URL: \\nAmount: $25\\nService: Basic Pack\\n\\nAfter payment, please click the link below to activate your account:\\nhttp:\\/\\/127.0.0.1:8000\\/app\\/orders\\/01KB229STNKF60JZZXCMD83PTY\\/summary\\n\\nThank you,\\nThe PaymentACC Team\"}', NULL, 'pending', '01KB229STNKF60JZZXCMD83PTY', '2025-11-27 00:09:04', '2025-11-27 00:09:04', NULL, NULL, NULL, 1, '', NULL, NULL, NULL, NULL),
(178, 46, 'miniii', 'cavansh6@gmail.com', 'Basic Pack', 25.00, NULL, '{\"provider\":\"paypal\",\"amount\":25,\"email\":\"merchant2@example.com\",\"url\":null,\"email_body\":\"Dear miniii,\\n\\nPlease complete your payment using PayPal:\\n\\nPayPal Email: merchant2@example.com\\nPayment URL: \\nAmount: $25\\nService: Basic Pack\\n\\nAfter payment, please click the link below to activate your account:\\nhttp:\\/\\/127.0.0.1:8000\\/app\\/orders\\/01KB22CKNXFQ1NZBFH7T7PYQDR\\/summary\\n\\nThank you,\\nThe PaymentACC Team\"}', NULL, 'pending', '01KB22CKNXFQ1NZBFH7T7PYQDR', '2025-11-27 00:10:36', '2025-11-27 00:10:36', NULL, NULL, NULL, 1, '', NULL, NULL, NULL, NULL),
(179, 46, 'miniii', 'cavansh6@gmail.com', 'Basic Pack', 25.00, NULL, '{\"provider\":\"nowpay\",\"invoice_id\":\"5257136520\",\"invoice_url\":\"https:\\/\\/nowpayments.io\\/payment\\/?iid=5257136520\",\"status\":null}', NULL, 'pending', '01KB22EH5GCG9MXRHK555KW9ED', '2025-11-27 00:11:39', '2025-11-27 00:11:39', NULL, NULL, NULL, 1, '', NULL, NULL, NULL, NULL),
(180, 46, 'miniii', 'cavansh6@gmail.com', 'Basic Pack', 25.00, NULL, '{\"provider\":\"paygate\",\"wallet\":\"0x1948eF4A4Ede38479135029BBa8B8023d766f4Ab\",\"address_in\":\"cs656MRKms1oA9t7NWdflb%2FZRPY%2FQiMUd7X8BFuruwjYrc4Wgs67nCCHy3HR3QaG9Kyf14x9hBoJyqTZAJ%2F4vA%3D%3D\",\"payment_url\":\"https:\\/\\/checkout.paygate.to\\/process-payment.php?address=cs656MRKms1oA9t7NWdflb%2FZRPY%2FQiMUd7X8BFuruwjYrc4Wgs67nCCHy3HR3QaG9Kyf14x9hBoJyqTZAJ%2F4vA%3D%3D&amount=25.00&provider=moonpay&email=cavansh6@gmail.com&currency=USD\"}', NULL, 'pending', '01KB22FPAZK2ND3P7VDECZD3QK', '2025-11-27 00:12:17', '2025-11-27 00:12:17', NULL, NULL, NULL, 1, '', NULL, NULL, NULL, NULL),
(181, 46, 'miniii', 'cavansh6@gmail.com', 'Basic Pack', 25.00, NULL, '{\"provider\":\"paypal\",\"amount\":25,\"email\":\"merchant2@example.com\",\"url\":null,\"email_body\":\"Dear miniii,\\n\\nPlease complete your payment using PayPal:\\n\\nPayPal Email: merchant2@example.com\\nPayment URL: \\nAmount: $25\\nService: Basic Pack\\n\\nAfter payment, please click the link below to activate your account:\\nhttp:\\/\\/127.0.0.1:8000\\/app\\/orders\\/01KB22HY87SDXBFH3WY2DDRR11\\/summary\\n\\nThank you,\\nThe PaymentACC Team\"}', NULL, 'pending', '01KB22HY87SDXBFH3WY2DDRR11', '2025-11-27 00:13:30', '2025-11-27 00:13:30', NULL, NULL, NULL, 1, '', NULL, NULL, NULL, NULL),
(182, 46, 'miniii', 'cavansh6@gmail.com', 'Basic Pack', 25.00, NULL, '{\"provider\":\"nowpay\",\"invoice_id\":\"4431254019\",\"invoice_url\":\"https:\\/\\/nowpayments.io\\/payment\\/?iid=4431254019\",\"status\":null}', NULL, 'pending', '01KB24SD342SBJJ3W445PPKX2H', '2025-11-27 00:52:32', '2025-11-27 00:52:33', NULL, NULL, NULL, 1, '', NULL, NULL, NULL, NULL);
INSERT INTO `orders` (`id`, `user_id`, `name`, `email`, `service`, `amount`, `description`, `payment_instructions`, `response`, `status`, `tracking_code`, `created_at`, `updated_at`, `expire_at`, `send_at`, `gateway_id`, `product_id`, `discount_code`, `delivery_username`, `delivery_password`, `delivery_server`, `delivery_notes`) VALUES
(183, 89, 'jasijiskk', 'arabvpn542@gmail.com', 'Basic Pack', 25.00, NULL, '{\"provider\":\"paypal\",\"amount\":25,\"email\":\"merchant2@example.com\",\"url\":null,\"email_body\":\"Dear jasijiskk,\\n\\nPlease complete your payment using PayPal:\\n\\nPayPal Email: merchant2@example.com\\nPayment URL: \\nAmount: $25\\nService: Basic Pack\\n\\nAfter payment, please click the link below to activate your account:\\nhttps:\\/\\/centerpay.me\\/app\\/orders\\/01KB2CE2PCKJEZPB6BSATFCHNP\\/summary\\n\\nThank you,\\nThe PaymentACC Team\"}', NULL, 'pending', '01KB2CE2PCKJEZPB6BSATFCHNP', '2025-11-27 15:06:10', '2025-11-27 15:06:10', NULL, NULL, NULL, 1, '', NULL, NULL, NULL, NULL),
(184, 89, 'jasijiskk', 'arabvpn542@gmail.com', 'Basic Pack', 25.00, NULL, '{\"provider\":\"nowpay\",\"invoice_id\":\"4768511008\",\"invoice_url\":\"https:\\/\\/nowpayments.io\\/payment\\/?iid=4768511008\",\"status\":null}', NULL, 'pending', '01KB2CENF54T159WNJPKF9R9YB', '2025-11-27 15:06:29', '2025-11-27 15:06:29', NULL, NULL, NULL, 1, '', NULL, NULL, NULL, NULL),
(185, 89, 'jasijiskk', 'arabvpn542@gmail.com', 'Basic Pack', 25.00, NULL, '{\"provider\":\"nowpay\",\"invoice_id\":\"6051052732\",\"invoice_url\":\"https:\\/\\/nowpayments.io\\/payment\\/?iid=6051052732\",\"status\":null}', NULL, 'pending', '01KB2CW7ZWDFPR7A5JQDE92HKN', '2025-11-27 15:13:54', '2025-11-27 15:13:54', NULL, NULL, NULL, 1, '', NULL, NULL, NULL, NULL),
(186, 89, 'jasijiskk', 'arabvpn542@gmail.com', 'Basic Pack', 25.00, NULL, '{\"provider\":\"nowpay\",\"invoice_id\":\"4885640062\",\"invoice_url\":\"https:\\/\\/nowpayments.io\\/payment\\/?iid=4885640062\",\"status\":null}', NULL, 'pending', '01KB2F5957QNV2Y5HHRVH75F8N', '2025-11-27 15:53:47', '2025-11-27 15:53:47', NULL, NULL, NULL, 1, '', NULL, NULL, NULL, NULL),
(187, 89, 'jasijiskk', 'arabvpn542@gmail.com', 'Basic Pack', 25.00, NULL, '{\"provider\":\"paypal\",\"amount\":25,\"email\":\"merchant2@example.com\",\"url\":null,\"email_body\":\"Dear jasijiskk,\\n\\nPlease complete your payment using PayPal:\\n\\nPayPal Email: merchant2@example.com\\nPayment URL: \\nAmount: $25\\nService: Basic Pack\\n\\nAfter payment, please click the link below to activate your account:\\nhttps:\\/\\/centerpay.me\\/app\\/orders\\/01KB2F60J827WH65XMZAF6TD35\\/summary\\n\\nThank you,\\nThe PaymentACC Team\"}', NULL, 'pending', '01KB2F60J827WH65XMZAF6TD35', '2025-11-27 15:54:11', '2025-11-27 15:54:11', NULL, NULL, NULL, 1, '', NULL, NULL, NULL, NULL),
(188, 1, 'Admin', 'admin@example.com', 'Basic Pack', 25.00, NULL, '{\"provider\":\"paygate\",\"wallet\":\"0x1948eF4A4Ede38479135029BBa8B8023d766f4Ab\",\"address_in\":\"ZhpAs1%2Bh1Czrr3uLHsbvweqKjRnBdjkWUixJ59oQxQUprGCq2N1j5UiNSeRYVpejvAZb8uJ3bYYIVsSicw2kRw%3D%3D\",\"payment_url\":\"https:\\/\\/checkout.paygate.to\\/process-payment.php?address=ZhpAs1%2Bh1Czrr3uLHsbvweqKjRnBdjkWUixJ59oQxQUprGCq2N1j5UiNSeRYVpejvAZb8uJ3bYYIVsSicw2kRw%3D%3D&amount=25.00&provider=moonpay&email=admin@example.com&currency=USD\"}', NULL, 'pending', '01KB2FKZCH3Z6273Y71552M2FD', '2025-11-27 16:01:49', '2025-11-27 16:01:49', NULL, NULL, NULL, 1, '', NULL, NULL, NULL, NULL),
(189, 131, 'Amin', 'Aminaoll@gmail.com', 'Basic Pack', 25.00, NULL, '{\"provider\":\"nowpay\",\"invoice_id\":\"5381990904\",\"invoice_url\":\"https:\\/\\/nowpayments.io\\/payment\\/?iid=5381990904\",\"status\":null}', NULL, 'pending', '01KB2G9X0XT56SVKCAX8V0M0QA', '2025-11-27 16:13:47', '2025-11-27 16:13:47', NULL, NULL, NULL, 1, '', NULL, NULL, NULL, NULL),
(190, 131, 'Amin', 'Aminaoll@gmail.com', 'Basic Pack', 25.00, NULL, '{\"provider\":\"paygate\",\"wallet\":\"0x1948eF4A4Ede38479135029BBa8B8023d766f4Ab\",\"address_in\":\"%2B8VITE3KA5GDA5OPoAPBvsCoOcpsmLLP5jQeedCew3%2F8QegyGAD1qZRir6ugIawK4PbkxVswAyZuR6hPGmcYJQ%3D%3D\",\"payment_url\":\"https:\\/\\/checkout.paygate.to\\/process-payment.php?address=%2B8VITE3KA5GDA5OPoAPBvsCoOcpsmLLP5jQeedCew3%2F8QegyGAD1qZRir6ugIawK4PbkxVswAyZuR6hPGmcYJQ%3D%3D&amount=25.00&provider=moonpay&email=Aminaoll@gmail.com&currency=USD\"}', NULL, 'pending', '01KB2GCAVSG13CKTH93C19YKCC', '2025-11-27 16:15:07', '2025-11-27 16:15:07', NULL, NULL, NULL, 1, '', NULL, NULL, NULL, NULL),
(191, 132, 'neoserver', 'cashniaz9@gmail.com', 'Basic Pack', 25.00, NULL, '{\"provider\":\"nowpay\",\"invoice_id\":\"6146592308\",\"invoice_url\":\"https:\\/\\/nowpayments.io\\/payment\\/?iid=6146592308\",\"status\":null}', NULL, 'pending', '01KB2GKJFGXTVKEKQK064S1DBB', '2025-11-27 16:19:04', '2025-11-27 16:19:04', NULL, NULL, NULL, 1, '', NULL, NULL, NULL, NULL),
(192, 132, 'neoserver', 'cashniaz9@gmail.com', 'Basic Pack', 25.00, NULL, '{\"provider\":\"paygate\",\"wallet\":\"0x1948eF4A4Ede38479135029BBa8B8023d766f4Ab\",\"address_in\":\"i8MVej6PAV8RzB4A4gSLP4QNaXOhCJKJD9oFz2%2Bws7oNYSl2m7A%2F%2FXjfdTCEkKFCQNKvDLY92Xsb5ki0XqerSA%3D%3D\",\"payment_url\":\"https:\\/\\/checkout.paygate.to\\/process-payment.php?address=i8MVej6PAV8RzB4A4gSLP4QNaXOhCJKJD9oFz2%2Bws7oNYSl2m7A%2F%2FXjfdTCEkKFCQNKvDLY92Xsb5ki0XqerSA%3D%3D&amount=25.00&provider=moonpay&email=cashniaz9@gmail.com&currency=USD\"}', NULL, 'pending', '01KB2GN80EQ0ATTCCK9XMF69PM', '2025-11-27 16:19:59', '2025-11-27 16:19:59', NULL, NULL, NULL, 1, '', NULL, NULL, NULL, NULL),
(193, 132, 'neoserver', 'cashniaz9@gmail.com', 'Pro Pack', 49.00, NULL, '{\"provider\":\"nowpay\",\"invoice_id\":\"4963608291\",\"invoice_url\":\"https:\\/\\/nowpayments.io\\/payment\\/?iid=4963608291\",\"status\":null}', NULL, 'pending', '01KB2GPACYWYH9XAQBG7F8S638', '2025-11-27 16:20:34', '2025-11-27 16:20:34', NULL, NULL, NULL, 2, '', NULL, NULL, NULL, NULL),
(194, 133, 'topiptv', 'streamgulf@gmail.com', 'Basic Pack', 25.00, NULL, '{\"provider\":\"nowpay\",\"invoice_id\":\"6081917830\",\"invoice_url\":\"https:\\/\\/nowpayments.io\\/payment\\/?iid=6081917830\",\"status\":null}', NULL, 'pending', '01KB2HG33G4B49Z485QF5DEAX1', '2025-11-27 16:34:38', '2025-11-27 16:34:39', NULL, NULL, NULL, 1, '', NULL, NULL, NULL, NULL),
(195, 133, 'topiptv', 'streamgulf@gmail.com', 'Basic Pack', 25.00, NULL, '{\"provider\":\"paypal\",\"amount\":25,\"email\":\"merchant2@example.com\",\"url\":null,\"email_body\":\"Dear topiptv,\\n\\nPlease complete your payment using PayPal:\\n\\nPayPal Email: merchant2@example.com\\nPayment URL: \\nAmount: $25\\nService: Basic Pack\\n\\nAfter payment, please click the link below to activate your account:\\nhttps:\\/\\/centerpay.me\\/app\\/orders\\/01KB2HGKYVN12NE9KRKT2KY9K8\\/summary\\n\\nThank you,\\nThe PaymentACC Team\"}', NULL, 'pending', '01KB2HGKYVN12NE9KRKT2KY9K8', '2025-11-27 16:34:56', '2025-11-27 16:34:56', NULL, NULL, NULL, 1, '', NULL, NULL, NULL, NULL),
(196, 134, 'Aminas', 'Aminasjj@gmail.com', 'Basic Pack', 25.00, NULL, '{\"provider\":\"paypal\",\"amount\":25,\"email\":\"merchant2@example.com\",\"url\":null,\"email_body\":\"Dear Aminas,\\n\\nPlease complete your payment using PayPal:\\n\\nPayPal Email: merchant2@example.com\\nPayment URL: \\nAmount: $25\\nService: Basic Pack\\n\\nAfter payment, please click the link below to activate your account:\\nhttps:\\/\\/centerpay.me\\/app\\/orders\\/01KB2N6NRFS4GPNQ3CW5A1T679\\/summary\\n\\nThank you,\\nThe PaymentACC Team\"}', NULL, 'pending', '01KB2N6NRFS4GPNQ3CW5A1T679', '2025-11-27 17:39:24', '2025-11-27 17:39:24', NULL, NULL, NULL, 1, '', NULL, NULL, NULL, NULL),
(197, 134, 'Aminas', 'Aminasjj@gmail.com', 'Basic Pack', 25.00, NULL, '{\"provider\":\"nowpay\",\"invoice_id\":\"5129228397\",\"invoice_url\":\"https:\\/\\/nowpayments.io\\/payment\\/?iid=5129228397\",\"status\":null}', NULL, 'pending', '01KB2N83XW1J5SM574CM02HCX1', '2025-11-27 17:40:11', '2025-11-27 17:40:12', NULL, NULL, NULL, 1, '', NULL, NULL, NULL, NULL),
(198, 46, 'miniii', 'cavansh6@gmail.com', 'Basic Pack', 25.00, NULL, '{\"provider\":\"paypal\",\"amount\":25,\"email\":\"merchant2@example.com\",\"url\":null,\"email_body\":\"Dear miniii,\\n\\nPlease complete your payment using PayPal:\\n\\nPayPal Email: merchant2@example.com\\nPayment URL: \\nAmount: $25\\nService: Basic Pack\\n\\nAfter payment, please click the link below to activate your account:\\nhttps:\\/\\/centerpay.me\\/app\\/orders\\/01KB2Z9P7C1TCS92FREYZ673HD\\/summary\\n\\nThank you,\\nThe PaymentACC Team\"}', NULL, 'pending', '01KB2Z9P7C1TCS92FREYZ673HD', '2025-11-27 20:35:49', '2025-11-27 20:35:49', NULL, NULL, NULL, 1, '', NULL, NULL, NULL, NULL),
(199, 133, 'topiptv', 'streamgulf@gmail.com', 'Basic Pack', 25.00, NULL, '{\"provider\":\"paypal\",\"amount\":25,\"email\":\"merchant2@example.com\",\"url\":null,\"email_body\":\"Dear topiptv,\\n\\nPlease complete your payment using PayPal:\\n\\nPayPal Email: merchant2@example.com\\nPayment URL: \\nAmount: $25\\nService: Basic Pack\\n\\nAfter payment, please click the link below to activate your account:\\nhttps:\\/\\/centerpay.me\\/app\\/orders\\/01KB363Z01SA5N0VK33Z0M5R6C\\/summary\\n\\nThank you,\\nThe PaymentACC Team\"}', NULL, 'pending', '01KB363Z01SA5N0VK33Z0M5R6C', '2025-11-27 22:35:01', '2025-11-27 22:35:01', NULL, NULL, NULL, 1, '', NULL, NULL, NULL, NULL),
(200, 133, 'topiptv', 'streamgulf@gmail.com', 'Basic Pack', 25.00, NULL, '{\"provider\":\"paypal\",\"amount\":25,\"email\":\"merchant2@example.com\",\"url\":null,\"email_body\":\"Dear topiptv,\\n\\nPlease complete your payment using PayPal:\\n\\nPayPal Email: merchant2@example.com\\nPayment URL: \\nAmount: $25\\nService: Basic Pack\\n\\nAfter payment, please click the link below to activate your account:\\nhttps:\\/\\/centerpay.me\\/app\\/orders\\/01KB63E3FK1EG0T8498AXSFPX9\\/summary\\n\\nThank you,\\nThe PaymentACC Team\"}', NULL, 'pending', '01KB63E3FK1EG0T8498AXSFPX9', '2025-11-29 01:45:51', '2025-11-29 01:45:51', NULL, NULL, NULL, 1, '', NULL, NULL, NULL, NULL),
(201, 133, 'topiptv', 'streamgulf@gmail.com', 'Ultimate', 99.00, NULL, '{\"provider\":\"nowpay\",\"invoice_id\":\"5827820794\",\"invoice_url\":\"https:\\/\\/nowpayments.io\\/payment\\/?iid=5827820794\",\"status\":null}', NULL, 'pending', '01KB63FMBX2Y26T8YGKFMDPXCP', '2025-11-29 01:46:41', '2025-11-29 01:46:41', NULL, NULL, NULL, 3, '', NULL, NULL, NULL, NULL),
(202, 133, 'topiptv', 'streamgulf@gmail.com', 'Basic Pack', 25.00, NULL, '{\"provider\":\"paypal\",\"amount\":25,\"email\":\"merchant2@example.com\",\"url\":null,\"email_body\":\"Dear topiptv,\\n\\nPlease complete your payment using PayPal:\\n\\nPayPal Email: merchant2@example.com\\nPayment URL: \\nAmount: $25\\nService: Basic Pack\\n\\nAfter payment, please click the link below to activate your account:\\nhttps:\\/\\/centerpay.me\\/app\\/orders\\/01KB63GNWY858N5FNGT65AT01T\\/summary\\n\\nThank you,\\nThe PaymentACC Team\"}', NULL, 'pending', '01KB63GNWY858N5FNGT65AT01T', '2025-11-29 01:47:15', '2025-11-29 01:47:15', NULL, NULL, NULL, 1, '', NULL, NULL, NULL, NULL),
(203, 133, 'topiptv', 'streamgulf@gmail.com', 'Basic Pack', 25.00, NULL, '{\"provider\":\"paygate\",\"wallet\":\"0x1948eF4A4Ede38479135029BBa8B8023d766f4Ab\",\"address_in\":\"b%2BTHAiUnd0pojS8du52UmmOCdJdml2SY0mqatksG7D07P9sBOY1A4VLRE58JARzxeAXB9XQM1zmskBocn8mC8g%3D%3D\",\"payment_url\":\"https:\\/\\/checkout.paygate.to\\/process-payment.php?address=b%2BTHAiUnd0pojS8du52UmmOCdJdml2SY0mqatksG7D07P9sBOY1A4VLRE58JARzxeAXB9XQM1zmskBocn8mC8g%3D%3D&amount=25.00&provider=moonpay&email=streamgulf@gmail.com&currency=USD\"}', NULL, 'pending', '01KB63HCK62Z2QGAVCQJNJXH1W', '2025-11-29 01:47:39', '2025-11-29 01:47:39', NULL, NULL, NULL, 1, '', NULL, NULL, NULL, NULL),
(204, 135, 'carnaval', 'streamgulf26@gmail.com', 'Basic Pack', 25.00, NULL, '{\"provider\":\"paypal\",\"amount\":25,\"email\":\"merchant2@example.com\",\"url\":null,\"email_body\":\"Dear carnaval,\\n\\nPlease complete your payment using PayPal:\\n\\nPayPal Email: merchant2@example.com\\nPayment URL: \\nAmount: $25\\nService: Basic Pack\\n\\nAfter payment, please click the link below to activate your account:\\nhttps:\\/\\/centerpay.me\\/app\\/orders\\/01KBCCJFKBE5DM8FR0QYMH2PNV\\/summary\\n\\nThank you,\\nThe PaymentACC Team\"}', NULL, 'pending', '01KBCCJFKBE5DM8FR0QYMH2PNV', '2025-12-01 12:20:58', '2025-12-01 12:20:58', NULL, NULL, NULL, 1, '', NULL, NULL, NULL, NULL),
(205, 135, 'carnaval', 'streamgulf26@gmail.com', 'Basic Pack', 25.00, NULL, '{\"provider\":\"paypal\",\"amount\":25,\"email\":\"merchant2@example.com\",\"url\":null,\"email_body\":\"Dear carnaval,\\n\\nPlease complete your payment using PayPal:\\n\\nPayPal Email: merchant2@example.com\\nPayment URL: \\nAmount: $25\\nService: Basic Pack\\n\\nAfter payment, please click the link below to activate your account:\\nhttps:\\/\\/centerpay.me\\/app\\/orders\\/01KBCCNK664YY1JV248WM567X9\\/summary\\n\\nThank you,\\nThe PaymentACC Team\"}', NULL, 'pending', '01KBCCNK664YY1JV248WM567X9', '2025-12-01 12:22:40', '2025-12-01 12:22:40', NULL, NULL, NULL, 1, '', NULL, NULL, NULL, NULL),
(206, 48, 'ctvtv', 'ctv08339@gmail.com', 'Basic Pack', 25.00, NULL, '{\"provider\":\"paypal\",\"amount\":25,\"email\":\"merchant2@example.com\",\"url\":null,\"email_body\":\"Dear ctvtv,\\n\\nPlease complete your payment using PayPal:\\n\\nPayPal Email: merchant2@example.com\\nPayment URL: \\nAmount: $25\\nService: Basic Pack\\n\\nAfter payment, please click the link below to activate your account:\\nhttps:\\/\\/centerpay.me\\/app\\/orders\\/01KBCCXF32NW7B3F1BZP7GBAPR\\/summary\\n\\nThank you,\\nThe PaymentACC Team\"}', NULL, 'pending', '01KBCCXF32NW7B3F1BZP7GBAPR', '2025-12-01 12:26:58', '2025-12-01 12:26:58', NULL, NULL, NULL, 1, '', NULL, NULL, NULL, NULL),
(207, 48, 'ctvtv', 'ctv08339@gmail.com', 'Basic Pack', 25.00, NULL, '{\"provider\":\"paypal\",\"amount\":25,\"email\":\"merchant2@example.com\",\"url\":null,\"email_body\":\"Dear ctvtv,\\n\\nPlease complete your payment using PayPal:\\n\\nPayPal Email: merchant2@example.com\\nPayment URL: \\nAmount: $25\\nService: Basic Pack\\n\\nAfter payment, please click the link below to activate your account:\\nhttps:\\/\\/centerpay.me\\/app\\/orders\\/01KBCD3A2908Y6NDXW3NSAFVDG\\/summary\\n\\nThank you,\\nThe PaymentACC Team\"}', NULL, 'pending', '01KBCD3A2908Y6NDXW3NSAFVDG', '2025-12-01 12:30:10', '2025-12-01 12:30:10', NULL, NULL, NULL, 1, '', NULL, NULL, NULL, NULL),
(208, 48, 'ctvtv', 'ctv08339@gmail.com', 'Basic Pack', 25.00, NULL, '{\"provider\":\"paypal\",\"amount\":25,\"email\":\"merchant2@example.com\",\"url\":null,\"email_body\":\"Dear ctvtv,\\n\\nPlease complete your payment using PayPal:\\n\\nPayPal Email: merchant2@example.com\\nPayment URL: \\nAmount: $25\\nService: Basic Pack\\n\\nAfter payment, please click the link below to activate your account:\\nhttps:\\/\\/centerpay.me\\/app\\/orders\\/01KBCE1P4BRDDSXRB0VDCWZSW4\\/summary\\n\\nThank you,\\nThe PaymentACC Team\"}', NULL, 'pending', '01KBCE1P4BRDDSXRB0VDCWZSW4', '2025-12-01 12:46:45', '2025-12-01 12:46:45', NULL, NULL, NULL, 1, '', NULL, NULL, NULL, NULL),
(209, 136, 'ooaksoaj3232', 'streamgulf26@gmaail.com', 'Basic Pack', 25.00, NULL, '{\"provider\":\"paypal\",\"amount\":25,\"email\":\"merchant2@example.com\",\"url\":null,\"email_body\":\"Dear ooaksoaj3232,\\n\\nPlease complete your payment using PayPal:\\n\\nPayPal Email: merchant2@example.com\\nPayment URL: \\nAmount: $25\\nService: Basic Pack\\n\\nAfter payment, please click the link below to activate your account:\\nhttps:\\/\\/centerpay.me\\/app\\/orders\\/01KBCJ3854TT2TJD4MTJYGD9YK\\/summary\\n\\nThank you,\\nThe PaymentACC Team\"}', NULL, 'pending', '01KBCJ3854TT2TJD4MTJYGD9YK', '2025-12-01 13:57:31', '2025-12-01 13:57:31', NULL, NULL, NULL, 1, '', NULL, NULL, NULL, NULL),
(210, 46, 'miniii', 'cavansh6@gmail.com', 'Basic Pack', 25.00, NULL, '{\"provider\":\"paypal\",\"amount\":25,\"email\":\"merchant2@example.com\",\"url\":null,\"email_body\":\"Dear miniii,\\n\\nPlease complete your payment using PayPal:\\n\\nPayPal Email: merchant2@example.com\\nPayment URL: \\nAmount: $25\\nService: Basic Pack\\n\\nAfter payment, please click the link below to activate your account:\\nhttps:\\/\\/centerpay.me\\/app\\/orders\\/01KBCN1QHVE4P8GHVH5PRJE83S\\/summary\\n\\nThank you,\\nThe PaymentACC Team\"}', NULL, 'pending', '01KBCN1QHVE4P8GHVH5PRJE83S', '2025-12-01 14:49:07', '2025-12-01 14:49:07', NULL, NULL, NULL, 1, '', NULL, NULL, NULL, NULL),
(211, 137, 'farid8837', 'jashjhjjahsajhsja@gmail.com', 'Basic Pack', 25.00, NULL, '{\"provider\":\"paypal\",\"amount\":25,\"email\":\"merchant2@example.com\",\"url\":null,\"email_body\":\"Dear farid8837,\\n\\nPlease complete your payment using PayPal:\\n\\nPayPal Email: merchant2@example.com\\nPayment URL: \\nAmount: $25\\nService: Basic Pack\\n\\nAfter payment, please click the link below to activate your account:\\nhttps:\\/\\/centerpay.me\\/app\\/orders\\/01KBCN34RWMM83K1E9S16BZBYF\\/summary\\n\\nThank you,\\nThe PaymentACC Team\"}', NULL, 'pending', '01KBCN34RWMM83K1E9S16BZBYF', '2025-12-01 14:49:53', '2025-12-01 14:49:53', NULL, NULL, NULL, 1, '', NULL, NULL, NULL, NULL),
(212, 82, 'alandtrade2', 'alandtrade2@gmail.com', 'Basic Pack', 25.00, NULL, '{\"provider\":\"paypal\",\"amount\":25,\"email\":\"merchant2@example.com\",\"url\":null,\"email_body\":\"Dear alandtrade2,\\n\\nPlease complete your payment using PayPal:\\n\\nPayPal Email: merchant2@example.com\\nPayment URL: \\nAmount: $25\\nService: Basic Pack\\n\\nAfter payment, please click the link below to activate your account:\\nhttps:\\/\\/centerpay.me\\/app\\/orders\\/01KBCN55Y2HW8MFJ2RH9EEHTMY\\/summary\\n\\nThank you,\\nThe PaymentACC Team\"}', NULL, 'pending', '01KBCN55Y2HW8MFJ2RH9EEHTMY', '2025-12-01 14:51:00', '2025-12-01 14:51:00', NULL, NULL, NULL, 1, '', NULL, NULL, NULL, NULL),
(213, 82, 'alandtrade2', 'alandtrade2@gmail.com', 'Basic Pack', 25.00, NULL, '{\"provider\":\"nowpay\",\"invoice_id\":\"6145202971\",\"invoice_url\":\"https:\\/\\/nowpayments.io\\/payment\\/?iid=6145202971\",\"status\":null}', NULL, 'pending', '01KBCN5PR35RXPSMHPJ0J3JXC2', '2025-12-01 14:51:17', '2025-12-01 14:51:17', NULL, NULL, NULL, 1, '', NULL, NULL, NULL, NULL),
(214, 138, 'poltavalod', 'poltavalod@gmail.com', 'Basic Pack', 25.00, NULL, '{\"provider\":\"paypal\",\"amount\":25,\"email\":\"merchant2@example.com\",\"url\":null,\"email_body\":\"Dear poltavalod,\\n\\nPlease complete your payment using PayPal:\\n\\nPayPal Email: merchant2@example.com\\nPayment URL: \\nAmount: $25\\nService: Basic Pack\\n\\nAfter payment, please click the link below to activate your account:\\nhttps:\\/\\/centerpay.me\\/app\\/orders\\/01KBCP6WWB7WBEX8PNN21YWPSP\\/summary\\n\\nThank you,\\nThe PaymentACC Team\"}', NULL, 'pending', '01KBCP6WWB7WBEX8PNN21YWPSP', '2025-12-01 15:09:24', '2025-12-01 15:09:24', NULL, NULL, NULL, 1, '', NULL, NULL, NULL, NULL),
(215, 139, 'oasmkansjn', 'oasklasjk@gmail.com', 'Basic Pack', 25.00, NULL, '{\"provider\":\"nowpay\",\"invoice_id\":\"6042553856\",\"invoice_url\":\"https:\\/\\/nowpayments.io\\/payment\\/?iid=6042553856\",\"status\":null}', NULL, 'pending', '01KBCPHZ4N523TYXEYHRTDV01P', '2025-12-01 15:15:27', '2025-12-01 15:15:27', NULL, NULL, NULL, 1, '', NULL, NULL, NULL, NULL),
(216, 46, 'miniii', 'cavansh6@gmail.com', 'Basic Pack', 25.00, NULL, '{\"provider\":\"nowpay\",\"invoice_id\":\"5597834935\",\"invoice_url\":\"https:\\/\\/nowpayments.io\\/payment\\/?iid=5597834935\",\"status\":null}', NULL, 'pending', '01KBCPPGBPT9XMAC869TSRDC51', '2025-12-01 15:17:56', '2025-12-01 15:17:56', NULL, NULL, NULL, 1, '', NULL, NULL, NULL, NULL),
(217, 133, 'topiptv', 'streamgulf@gmail.com', 'test btc', 11.00, NULL, '{\"provider\":\"nowpay\",\"invoice_id\":\"4551176546\",\"invoice_url\":\"https:\\/\\/nowpayments.io\\/payment\\/?iid=4551176546\",\"status\":null}', NULL, 'pending', '01KBCWC3TWXRE8D6P0F9G25QE2', '2025-12-01 16:57:07', '2025-12-01 16:57:07', NULL, NULL, NULL, 4, '', NULL, NULL, NULL, NULL),
(218, 133, 'topiptv', 'streamgulf@gmail.com', 'test btc', 15.00, NULL, '{\"provider\":\"nowpay\",\"invoice_id\":\"6017343458\",\"invoice_url\":\"https:\\/\\/nowpayments.io\\/payment\\/?iid=6017343458\",\"status\":null}', NULL, 'success', '01KBCWGZN0RJPPCJPFRPMMNYYS', '2025-12-01 16:59:46', '2025-12-01 17:13:39', NULL, NULL, NULL, 4, '', NULL, NULL, NULL, NULL),
(219, 140, 'test btc', 'dubimoft@gmail.com', 'test btc', 15.00, NULL, '{\"provider\":\"nowpay\",\"invoice_id\":\"5839852276\",\"invoice_url\":\"https:\\/\\/nowpayments.io\\/payment\\/?iid=5839852276\",\"status\":null}', NULL, 'pending', '01KBCXVYRWS19ZPX0J6BAW7C6C', '2025-12-01 17:23:14', '2025-12-01 17:23:15', NULL, NULL, NULL, 4, '', NULL, NULL, NULL, NULL),
(220, 140, 'test btc', 'dubimoft@gmail.com', 'test btc', 15.00, NULL, '{\"provider\":\"nowpay\",\"invoice_id\":\"5419526560\",\"invoice_url\":\"https:\\/\\/nowpayments.io\\/payment\\/?iid=5419526560\",\"status\":null}', NULL, 'pending', '01KBCXWT8HP5PBHD3TP42PRKFD', '2025-12-01 17:23:43', '2025-12-01 17:23:43', NULL, NULL, NULL, 4, '', NULL, NULL, NULL, NULL),
(221, 140, 'test btc', 'dubimoft@gmail.com', 'test btc', 15.00, NULL, '{\"provider\":\"paypal\",\"amount\":15,\"email\":\"merchant2@example.com\",\"url\":null,\"email_body\":\"Dear test btc,\\n\\nPlease complete your payment using PayPal:\\n\\nPayPal Email: merchant2@example.com\\nPayment URL: \\nAmount: $15\\nService: test btc\\n\\nAfter payment, please click the link below to activate your account:\\nhttps:\\/\\/centerpay.me\\/app\\/orders\\/01KBCY01W7SCD1QENGM77E7X3V\\/summary\\n\\nThank you,\\nThe PaymentACC Team\"}', NULL, 'pending', '01KBCY01W7SCD1QENGM77E7X3V', '2025-12-01 17:25:29', '2025-12-01 17:25:29', NULL, NULL, NULL, 4, '', NULL, NULL, NULL, NULL),
(222, 141, 'test btc', 'footballmiomio@gmail.com', 'Basic Pack', 25.00, NULL, '{\"provider\":\"paypal\",\"amount\":25,\"email\":\"merchant2@example.com\",\"url\":null,\"email_body\":\"Dear test btc,\\n\\nPlease complete your payment using PayPal:\\n\\nPayPal Email: merchant2@example.com\\nPayment URL: \\nAmount: $25\\nService: Basic Pack\\n\\nAfter payment, please click the link below to activate your account:\\nhttps:\\/\\/centerpay.me\\/app\\/orders\\/01KBDC0BYCY6RXK9YTECVFA4CX\\/summary\\n\\nThank you,\\nThe PaymentACC Team\"}', NULL, 'pending', '01KBDC0BYCY6RXK9YTECVFA4CX', '2025-12-01 21:30:19', '2025-12-01 21:30:19', NULL, NULL, NULL, 1, '', NULL, NULL, NULL, NULL),
(223, 141, 'test btc', 'footballmiomio@gmail.com', 'Basic Pack', 25.00, NULL, '{\"provider\":\"paypal\",\"amount\":25,\"email\":\"merchant2@example.com\",\"url\":null,\"email_body\":\"Dear test btc,\\n\\nPlease complete your payment using PayPal:\\n\\nPayPal Email: merchant2@example.com\\nPayment URL: \\nAmount: $25\\nService: Basic Pack\\n\\nAfter payment, please click the link below to activate your account:\\nhttps:\\/\\/centerpay.me\\/app\\/orders\\/01KBDC64TGMGNX1NJ9RSF71S7J\\/summary\\n\\nThank you,\\nThe PaymentACC Team\"}', NULL, 'pending', '01KBDC64TGMGNX1NJ9RSF71S7J', '2025-12-01 21:33:28', '2025-12-01 21:33:28', NULL, NULL, NULL, 1, '', NULL, NULL, NULL, NULL),
(224, 142, 'sstvtv9', 'sstvtv9@gmail.com', 'Basic Pack', 25.00, NULL, '{\"provider\":\"paypal\",\"amount\":25,\"email\":\"merchant2@example.com\",\"url\":null,\"email_body\":\"Dear sstvtv9,\\n\\nPlease complete your payment using PayPal:\\n\\nPayPal Email: merchant2@example.com\\nPayment URL: \\nAmount: $25\\nService: Basic Pack\\n\\nAfter payment, please click the link below to activate your account:\\nhttps:\\/\\/centerpay.me\\/app\\/orders\\/01KBDDY1182NRCFRB7G3JK6VFC\\/summary\\n\\nThank you,\\nThe PaymentACC Team\"}', NULL, 'pending', '01KBDDY1182NRCFRB7G3JK6VFC', '2025-12-01 22:04:00', '2025-12-01 22:04:00', NULL, NULL, NULL, 1, '', NULL, NULL, NULL, NULL),
(225, 143, 'btc test', 'tvmaroc236@gmail.com', 'Basic Pack', 25.00, NULL, '{\"provider\":\"paypal\",\"amount\":25,\"email\":\"merchant2@example.com\",\"url\":null,\"email_body\":\"Dear btc test,\\n\\nPlease complete your payment using PayPal:\\n\\nPayPal Email: merchant2@example.com\\nPayment URL: \\nAmount: $25\\nService: Basic Pack\\n\\nAfter payment, please click the link below to activate your account:\\nhttps:\\/\\/centerpay.me\\/app\\/orders\\/01KBDE39MDPVHC8XQKC9BW3917\\/summary\\n\\nThank you,\\nThe PaymentACC Team\"}', NULL, 'pending', '01KBDE39MDPVHC8XQKC9BW3917', '2025-12-01 22:06:52', '2025-12-01 22:06:52', NULL, NULL, NULL, 1, '', NULL, NULL, NULL, NULL),
(226, 144, 'neoserver', 'iptvtrex932@gmail.com', 'Basic Pack', 25.00, NULL, '{\"provider\":\"paypal\",\"amount\":25,\"email\":\"merchant2@example.com\",\"url\":null,\"email_body\":\"Dear neoserver,\\n\\nPlease complete your payment using PayPal:\\n\\nPayPal Email: merchant2@example.com\\nPayment URL: \\nAmount: $25\\nService: Basic Pack\\n\\nAfter payment, please click the link below to activate your account:\\nhttps:\\/\\/centerpay.me\\/app\\/orders\\/01KBF7R5P1YPSJPQV2XT6BA9S9\\/summary\\n\\nThank you,\\nThe PaymentACC Team\"}', NULL, 'pending', '01KBF7R5P1YPSJPQV2XT6BA9S9', '2025-12-02 14:54:25', '2025-12-02 14:54:25', NULL, NULL, NULL, 1, '', NULL, NULL, NULL, NULL),
(227, 144, 'neoserver', 'iptvtrex932@gmail.com', 'Basic Pack', 25.00, NULL, '{\"provider\":\"nowpay\",\"invoice_id\":\"4707513891\",\"invoice_url\":\"https:\\/\\/nowpayments.io\\/payment\\/?iid=4707513891\",\"status\":null}', NULL, 'pending', '01KBF7SFXYX4M63PCETN9KPF6V', '2025-12-02 14:55:08', '2025-12-02 14:55:09', NULL, NULL, NULL, 1, '', NULL, NULL, NULL, NULL),
(228, 144, 'neoserver', 'iptvtrex932@gmail.com', 'Basic Pack', 25.00, NULL, '{\"provider\":\"paygate\",\"wallet\":\"0x1948eF4A4Ede38479135029BBa8B8023d766f4Ab\",\"address_in\":\"zwVrVGQBEmny6ErxaDYgIPEJ03oYc89CGAzGEIfwWqdZOuG3TKYNccBZQKicsHsjTm37IsTjvUn29vi0c12l%2FA%3D%3D\",\"payment_url\":\"https:\\/\\/checkout.paygate.to\\/process-payment.php?address=zwVrVGQBEmny6ErxaDYgIPEJ03oYc89CGAzGEIfwWqdZOuG3TKYNccBZQKicsHsjTm37IsTjvUn29vi0c12l%2FA%3D%3D&amount=25.00&provider=moonpay&email=iptvtrex932@gmail.com&currency=USD\"}', NULL, 'pending', '01KBF7TQBT0Y7SPRJZ3Z8VP6DB', '2025-12-02 14:55:49', '2025-12-02 14:55:49', NULL, NULL, NULL, 1, '', NULL, NULL, NULL, NULL),
(229, 82, 'alandtrade2', 'alandtrade2@gmail.com', 'Basic Pack', 25.00, NULL, '{\"provider\":\"nowpay\",\"invoice_id\":\"6350924969\",\"invoice_url\":\"https:\\/\\/nowpayments.io\\/payment\\/?iid=6350924969\",\"status\":null}', NULL, 'pending', '01KBJ4D2A2WD0193JTSHVG7YEW', '2025-12-03 17:53:39', '2025-12-03 17:53:39', NULL, NULL, NULL, 1, '', NULL, NULL, NULL, NULL),
(230, 82, 'alandtrade2', 'alandtrade2@gmail.com', 'Basic Pack', 25.00, NULL, '{\"provider\":\"paypal\",\"amount\":25,\"email\":\"merchant2@example.com\",\"url\":null,\"email_body\":\"Dear alandtrade2,\\n\\nPlease complete your payment using PayPal:\\n\\nPayPal Email: merchant2@example.com\\nPayment URL: \\nAmount: $25\\nService: Basic Pack\\n\\nAfter payment, please click the link below to activate your account:\\nhttps:\\/\\/centerpay.me\\/app\\/orders\\/01KBJ4FC6CMK4RAABBN6R2EYDD\\/summary\\n\\nThank you,\\nThe PaymentACC Team\"}', NULL, 'payment_review', '01KBJ4FC6CMK4RAABBN6R2EYDD', '2025-12-03 17:54:54', '2025-12-03 18:04:40', NULL, NULL, NULL, 1, '', 'ali', 'kamsksamkasm', 'http://google.com', 'please download this app'),
(231, 133, 'topiptv', 'streamgulf@gmail.com', 'test btc', 15.00, NULL, '{\"provider\":\"nowpay\",\"invoice_id\":\"5057425921\",\"invoice_url\":\"https:\\/\\/nowpayments.io\\/payment\\/?iid=5057425921\",\"status\":null}', NULL, 'pending', '01KBJ4FZ94BRZ78P4MAX3NC1M7', '2025-12-03 17:55:14', '2025-12-03 17:55:14', NULL, NULL, NULL, 4, '', NULL, NULL, NULL, NULL),
(232, 133, 'topiptv', 'streamgulf@gmail.com', 'test btc', 15.00, NULL, '{\"provider\":\"nowpay\",\"invoice_id\":\"5441926936\",\"invoice_url\":\"https:\\/\\/nowpayments.io\\/payment\\/?iid=5441926936\",\"status\":null}', NULL, 'completed', '01KBJ4JSHXE72N1TMAX3JWACYP', '2025-12-03 17:56:46', '2025-12-03 18:23:04', NULL, NULL, NULL, 4, '', 'iuaisuajks', '1231454546', 'http://msn.com', 'please '),
(233, 82, 'alandtrade2', 'alandtrade2@gmail.com', 'Basic Pack', 25.00, NULL, '{\"provider\":\"paypal\",\"amount\":25,\"email\":\"merchant2@example.com\",\"url\":null,\"email_body\":\"Dear alandtrade2,\\n\\nPlease complete your payment using PayPal:\\n\\nPayPal Email: merchant2@example.com\\nPayment URL: \\nAmount: $25\\nService: Basic Pack\\n\\nAfter payment, please click the link below to activate your account:\\nhttps:\\/\\/centerpay.me\\/app\\/orders\\/01KBJ504SC6W5YYWVWE0VNC8SF\\/summary\\n\\nThank you,\\nThe PaymentACC Team\"}', NULL, 'completed', '01KBJ504SC6W5YYWVWE0VNC8SF', '2025-12-03 18:04:04', '2025-12-03 18:05:27', NULL, NULL, NULL, 1, '', 'mijaisjiadajd', 'mijaisjiadajd2', 'http://msn.com', 'please go to this page '),
(234, 82, 'alandtrade2', 'alandtrade2@gmail.com', 'Basic Pack', 25.00, NULL, '{\"provider\":\"paypal\",\"amount\":25,\"email\":\"merchant2@example.com\",\"url\":null,\"email_body\":\"Dear alandtrade2,\\n\\nPlease complete your payment using PayPal:\\n\\nPayPal Email: merchant2@example.com\\nPayment URL: \\nAmount: $25\\nService: Basic Pack\\n\\nAfter payment, please click the link below to activate your account:\\nhttps:\\/\\/centerpay.me\\/app\\/orders\\/01KBJ5BKBASNKTMM0BB6Y5X3TW\\/summary\\n\\nThank you,\\nThe PaymentACC Team\"}', NULL, 'completed', '01KBJ5BKBASNKTMM0BB6Y5X3TW', '2025-12-03 18:10:19', '2025-12-03 18:11:18', NULL, NULL, NULL, 1, '', 'aland', 'ladnakskasjkj', 'http://msn.com', 'please download this app '),
(235, 82, 'alandtrade2', 'alandtrade2@gmail.com', 'Basic Pack', 25.00, NULL, '{\"provider\":\"paypal\",\"amount\":25,\"email\":\"merchant2@example.com\",\"url\":null,\"email_body\":\"Dear alandtrade2,\\n\\nPlease complete your payment using PayPal:\\n\\nPayPal Email: merchant2@example.com\\nPayment URL: \\nAmount: $25\\nService: Basic Pack\\n\\nAfter payment, please click the link below to activate your account:\\nhttps:\\/\\/centerpay.me\\/app\\/orders\\/01KBJ5YNWXWXPGJT6TCCQQQ66N\\/summary\\n\\nThank you,\\nThe PaymentACC Team\"}', NULL, 'pending', '01KBJ5YNWXWXPGJT6TCCQQQ66N', '2025-12-03 18:20:44', '2025-12-03 18:20:44', NULL, NULL, NULL, 1, '', NULL, NULL, NULL, NULL),
(236, 82, 'alandtrade2', 'alandtrade2@gmail.com', 'Basic Pack', 25.00, NULL, '{\"provider\":\"paypal\",\"amount\":25,\"email\":\"merchant2@example.com\",\"url\":null,\"email_body\":\"Dear alandtrade2,\\n\\nPlease complete your payment using PayPal:\\n\\nPayPal Email: merchant2@example.com\\nPayment URL: \\nAmount: $25\\nService: Basic Pack\\n\\nAfter payment, please click the link below to activate your account:\\nhttps:\\/\\/centerpay.me\\/app\\/orders\\/01KBJ6VP8EYYQXGBTRRE15N00W\\/summary\\n\\nThank you,\\nThe PaymentACC Team\"}', NULL, 'pending', '01KBJ6VP8EYYQXGBTRRE15N00W', '2025-12-03 18:36:35', '2025-12-03 18:36:35', NULL, NULL, NULL, 1, '', NULL, NULL, NULL, NULL),
(237, 82, 'alandtrade2', 'alandtrade2@gmail.com', 'Basic Pack', 25.00, NULL, '{\"provider\":\"paypal\",\"amount\":25,\"email\":\"merchant2@example.com\",\"url\":null,\"email_body\":\"Dear alandtrade2,\\n\\nPlease complete your payment using PayPal:\\n\\nPayPal Email: merchant2@example.com\\nPayment URL: \\nAmount: $25\\nService: Basic Pack\\n\\nAfter payment, please click the link below to activate your account:\\nhttps:\\/\\/centerpay.me\\/app\\/orders\\/01KBJ7630YG2HKDYDM75C46RE6\\/summary\\n\\nThank you,\\nThe PaymentACC Team\"}', NULL, 'pending', '01KBJ7630YG2HKDYDM75C46RE6', '2025-12-03 18:42:16', '2025-12-03 18:42:16', NULL, NULL, NULL, 1, '', NULL, NULL, NULL, NULL),
(238, 82, 'alandtrade2', 'alandtrade2@gmail.com', 'Basic Pack', 25.00, NULL, '{\"provider\":\"paypal\",\"amount\":25,\"email\":\"merchant2@example.com\",\"url\":null,\"email_body\":\"Dear alandtrade2,\\n\\nPlease complete your payment using PayPal:\\n\\nPayPal Email: merchant2@example.com\\nPayment URL: \\nAmount: $25\\nService: Basic Pack\\n\\nAfter payment, please click the link below to activate your account:\\nhttps:\\/\\/centerpay.me\\/app\\/orders\\/01KBJ7C7AG1VH0R6K8BYVCZ11Y\\/summary\\n\\nThank you,\\nThe PaymentACC Team\"}', NULL, 'pending', '01KBJ7C7AG1VH0R6K8BYVCZ11Y', '2025-12-03 18:45:37', '2025-12-03 18:45:37', NULL, NULL, NULL, 1, '', NULL, NULL, NULL, NULL),
(239, 82, 'alandtrade2', 'alandtrade2@gmail.com', 'Basic Pack', 25.00, NULL, '{\"provider\":\"paypal\",\"amount\":25,\"email\":\"merchant2@example.com\",\"url\":null,\"email_body\":\"Dear alandtrade2,\\n\\nPlease complete your payment using PayPal:\\n\\nPayPal Email: merchant2@example.com\\nPayment URL: \\nAmount: $25\\nService: Basic Pack\\n\\nAfter payment, please click the link below to activate your account:\\nhttps:\\/\\/centerpay.me\\/app\\/orders\\/01KBJ7SH2HYXF6TP74Q5HX5927\\/summary\\n\\nThank you,\\nThe PaymentACC Team\"}', NULL, 'pending', '01KBJ7SH2HYXF6TP74Q5HX5927', '2025-12-03 18:52:53', '2025-12-03 18:52:53', NULL, NULL, NULL, 1, '', NULL, NULL, NULL, NULL),
(240, 82, 'alandtrade2', 'alandtrade2@gmail.com', 'Basic Pack', 25.00, NULL, '{\"provider\":\"paypal\",\"amount\":25,\"email\":\"merchant2@example.com\",\"url\":null,\"email_body\":\"Dear alandtrade2,\\n\\nPlease complete your payment using PayPal:\\n\\nPayPal Email: merchant2@example.com\\nPayment URL: \\nAmount: $25\\nService: Basic Pack\\n\\nAfter payment, please click the link below to activate your account:\\nhttps:\\/\\/centerpay.me\\/app\\/orders\\/01KBJ8TD6H7RSTF37GDVVZ2QAY\\/summary\\n\\nThank you,\\nThe PaymentACC Team\"}', NULL, 'pending', '01KBJ8TD6H7RSTF37GDVVZ2QAY', '2025-12-03 19:10:50', '2025-12-03 19:10:50', NULL, NULL, NULL, 1, '', NULL, NULL, NULL, NULL),
(241, 82, 'alandtrade2', 'alandtrade2@gmail.com', 'Basic Pack', 25.00, NULL, '{\"provider\":\"paypal\",\"amount\":25,\"email\":\"merchant2@example.com\",\"url\":null,\"email_body\":\"Dear alandtrade2,\\n\\nPlease complete your payment using PayPal:\\n\\nPayPal Email: merchant2@example.com\\nPayment URL: \\nAmount: $25\\nService: Basic Pack\\n\\nAfter payment, please click the link below to activate your account:\\nhttps:\\/\\/centerpay.me\\/app\\/orders\\/01KBJ8VE6A0M1NWKKEF6SX7ZGN\\/summary\\n\\nThank you,\\nThe PaymentACC Team\"}', NULL, 'pending', '01KBJ8VE6A0M1NWKKEF6SX7ZGN', '2025-12-03 19:11:24', '2025-12-03 19:11:24', NULL, NULL, NULL, 1, '', NULL, NULL, NULL, NULL),
(242, 82, 'alandtrade2', 'alandtrade2@gmail.com', 'Basic Pack', 25.00, NULL, '{\"provider\":\"paypal\",\"amount\":25,\"email\":\"merchant2@example.com\",\"url\":null,\"email_body\":\"Dear alandtrade2,\\n\\nPlease complete your payment using PayPal:\\n\\nPayPal Email: merchant2@example.com\\nPayment URL: \\nAmount: $25\\nService: Basic Pack\\n\\nAfter payment, please click the link below to activate your account:\\nhttps:\\/\\/centerpay.me\\/app\\/orders\\/01KBJ8WPH1JB2X3QR232DD71FB\\/summary\\n\\nThank you,\\nThe PaymentACC Team\"}', NULL, 'payment_review', '01KBJ8WPH1JB2X3QR232DD71FB', '2025-12-03 19:12:05', '2025-12-03 22:50:37', NULL, NULL, NULL, 1, '', NULL, NULL, NULL, NULL),
(243, 82, 'alandtrade2', 'alandtrade2@gmail.com', 'Basic Pack', 25.00, NULL, '{\"provider\":\"paypal\",\"amount\":25,\"email\":\"merchant2@example.com\",\"url\":null,\"email_body\":\"Dear alandtrade2,\\n\\nPlease complete your payment using PayPal:\\n\\nPayPal Email: merchant2@example.com\\nPayment URL: \\nAmount: $25\\nService: Basic Pack\\n\\nAfter payment, please click the link below to activate your account:\\nhttps:\\/\\/centerpay.me\\/app\\/orders\\/01KBJ9K4YC5WNNCEKNZAJ09HC3\\/summary\\n\\nThank you,\\nThe PaymentACC Team\"}', NULL, 'payment_review', '01KBJ9K4YC5WNNCEKNZAJ09HC3', '2025-12-03 19:24:21', '2025-12-03 19:43:33', NULL, NULL, NULL, 1, '', NULL, NULL, NULL, NULL),
(244, 145, 'sao', 'hotiptv50@gmail.com', 'Basic Pack', 25.00, NULL, '{\"provider\":\"paypal\",\"amount\":25,\"email\":\"merchant2@example.com\",\"url\":null,\"email_body\":\"Dear sao,\\n\\nPlease complete your payment using PayPal:\\n\\nPayPal Email: merchant2@example.com\\nPayment URL: \\nAmount: $25\\nService: Basic Pack\\n\\nAfter payment, please click the link below to activate your account:\\nhttps:\\/\\/centerpay.me\\/app\\/orders\\/01KBJJX7RBVFXWWR91F0WFM02W\\/summary\\n\\nThank you,\\nThe PaymentACC Team\"}', NULL, 'pending', '01KBJJX7RBVFXWWR91F0WFM02W', '2025-12-03 22:07:09', '2025-12-03 22:07:09', NULL, NULL, NULL, 1, '', NULL, NULL, NULL, NULL),
(245, 145, 'sao', 'hotiptv50@gmail.com', 'Basic Pack', 25.00, NULL, '{\"provider\":\"paypal\",\"amount\":25,\"email\":\"merchant2@example.com\",\"url\":null,\"email_body\":\"Dear sao,\\n\\nPlease complete your payment using PayPal:\\n\\nPayPal Email: merchant2@example.com\\nPayment URL: \\nAmount: $25\\nService: Basic Pack\\n\\nAfter payment, please click the link below to activate your account:\\nhttps:\\/\\/centerpay.me\\/app\\/orders\\/01KBJJZ7R04RY7K455948698RF\\/summary\\n\\nThank you,\\nThe PaymentACC Team\"}', NULL, 'pending', '01KBJJZ7R04RY7K455948698RF', '2025-12-03 22:08:14', '2025-12-03 22:08:14', NULL, NULL, NULL, 1, '', NULL, NULL, NULL, NULL),
(246, 146, 'firt', 'firsttv64@gmail.com', 'Basic Pack', 25.00, NULL, '{\"provider\":\"paypal\",\"amount\":25,\"email\":\"merchant2@example.com\",\"url\":null,\"email_body\":\"Dear firt,\\n\\nPlease complete your payment using PayPal:\\n\\nPayPal Email: merchant2@example.com\\nPayment URL: \\nAmount: $25\\nService: Basic Pack\\n\\nAfter payment, please click the link below to activate your account:\\nhttps:\\/\\/centerpay.me\\/app\\/orders\\/01KBJK2EN2JWXZ5P8BB2C5J1FX\\/summary\\n\\nThank you,\\nThe PaymentACC Team\"}', NULL, 'pending', '01KBJK2EN2JWXZ5P8BB2C5J1FX', '2025-12-03 22:10:00', '2025-12-03 22:10:00', NULL, NULL, NULL, 1, '', NULL, NULL, NULL, NULL),
(247, 147, 'amin', 'fazelimohammadamin@gmial.com', 'Basic Pack', 25.00, NULL, '{\"provider\":\"paypal\",\"amount\":25,\"email\":\"merchant2@example.com\",\"url\":null,\"email_body\":\"Dear amin,\\n\\nPlease complete your payment using PayPal:\\n\\nPayPal Email: merchant2@example.com\\nPayment URL: \\nAmount: $25\\nService: Basic Pack\\n\\nAfter payment, please click the link below to activate your account:\\nhttp:\\/\\/centerpay.me\\/app\\/orders\\/01KBJMCRA3ZX3Q8Q8D4Z675ZP7\\/summary\\n\\nThank you,\\nThe PaymentACC Team\"}', NULL, 'pending', '01KBJMCRA3ZX3Q8Q8D4Z675ZP7', '2025-12-03 22:33:06', '2025-12-03 22:33:06', NULL, NULL, NULL, 1, '', NULL, NULL, NULL, NULL),
(248, 148, 'amin', 'fazelimohammadamin@gmail.com', 'Basic Pack', 25.00, NULL, '{\"provider\":\"paypal\",\"amount\":25,\"email\":\"merchant2@example.com\",\"url\":null,\"email_body\":\"Dear amin,\\n\\nPlease complete your payment using PayPal:\\n\\nPayPal Email: merchant2@example.com\\nPayment URL: \\nAmount: $25\\nService: Basic Pack\\n\\nAfter payment, please click the link below to activate your account:\\nhttp:\\/\\/centerpay.me\\/app\\/orders\\/01KBJMRF9YMNTZXH4BZ7ZFZ8ZH\\/summary\\n\\nThank you,\\nThe PaymentACC Team\"}', NULL, 'payment_review', '01KBJMRF9YMNTZXH4BZ7ZFZ8ZH', '2025-12-03 22:39:30', '2025-12-03 22:40:49', NULL, NULL, NULL, 1, '', NULL, NULL, NULL, NULL),
(249, 149, 'red', 'redmovie962@gmail.com', 'Basic Pack', 25.00, NULL, '{\"provider\":\"nowpay\",\"invoice_id\":\"6329682480\",\"invoice_url\":\"https:\\/\\/nowpayments.io\\/payment\\/?iid=6329682480\",\"status\":null}', NULL, 'pending', '01KBJNG1Y2GYBXV6QV5VJC5J00', '2025-12-03 22:52:22', '2025-12-03 22:52:23', NULL, NULL, NULL, 1, '', NULL, NULL, NULL, NULL),
(250, 149, 'red', 'redmovie962@gmail.com', 'Basic Pack', 25.00, NULL, '{\"provider\":\"nowpay\",\"invoice_id\":\"4619634023\",\"invoice_url\":\"https:\\/\\/nowpayments.io\\/payment\\/?iid=4619634023\",\"status\":null}', NULL, 'pending', '01KBJNJEK1Z68981JQ73EWJFQJ', '2025-12-03 22:53:41', '2025-12-03 22:53:41', NULL, NULL, NULL, 1, '', NULL, NULL, NULL, NULL),
(251, 149, 'red', 'redmovie962@gmail.com', 'test btc', 15.00, NULL, '{\"provider\":\"nowpay\",\"invoice_id\":\"6212713664\",\"invoice_url\":\"https:\\/\\/nowpayments.io\\/payment\\/?iid=6212713664\",\"status\":null}', NULL, 'pending', '01KBJNKJSESE1C53WE50Y7PG95', '2025-12-03 22:54:18', '2025-12-03 22:54:18', NULL, NULL, NULL, 4, '', NULL, NULL, NULL, NULL),
(252, 82, 'alandtrade2', 'alandtrade2@gmail.com', 'Basic Pack', 25.00, NULL, '{\"provider\":\"nowpay\",\"invoice_id\":\"6273438875\",\"invoice_url\":\"https:\\/\\/nowpayments.io\\/payment\\/?iid=6273438875\",\"status\":null}', NULL, 'pending', '01KBJQ0CDK34PJ6HHKTMAT9ZGN', '2025-12-03 23:18:46', '2025-12-03 23:18:46', NULL, NULL, NULL, 1, '', NULL, NULL, NULL, NULL),
(253, 150, 'hossein', 'iranian.web.programmer@gmail.com', 'test btc', 5.00, NULL, '{\"provider\":\"nowpay\",\"invoice_id\":\"5319940403\",\"invoice_url\":\"https:\\/\\/nowpayments.io\\/payment\\/?iid=5319940403\",\"status\":null}', NULL, 'pending', '01KBQ9MJRSHYGXVGR2DT5ATPJK', '2025-12-05 18:01:20', '2025-12-05 18:01:20', NULL, NULL, NULL, 4, '', NULL, NULL, NULL, NULL),
(254, 150, 'hossein', 'iranian.web.programmer@gmail.com', 'test btc', 5.00, NULL, '{\"provider\":\"nowpay\",\"invoice_id\":\"4425167416\",\"invoice_url\":\"https:\\/\\/nowpayments.io\\/payment\\/?iid=4425167416\",\"status\":null}', NULL, 'pending', '01KBQ9RJXEHY1REX7QTDQWP96B', '2025-12-05 18:03:31', '2025-12-05 18:03:32', NULL, NULL, NULL, 4, '', NULL, NULL, NULL, NULL),
(255, 150, 'hossein', 'iranian.web.programmer@gmail.com', 'test btc', 5.00, NULL, '{\"provider\":\"nowpay\",\"invoice_id\":\"4758042699\",\"invoice_url\":\"https:\\/\\/nowpayments.io\\/payment\\/?iid=4758042699\",\"status\":null}', NULL, 'pending', '01KBQ9TCR2PTVNG00P5XS621S4', '2025-12-05 18:04:30', '2025-12-05 18:04:31', NULL, NULL, NULL, 4, '', NULL, NULL, NULL, NULL),
(256, 150, 'hossein', 'iranian.web.programmer@gmail.com', 'test btc', 6.00, NULL, '{\"provider\":\"nowpay\",\"invoice_id\":\"4438541464\",\"invoice_url\":\"https:\\/\\/nowpayments.io\\/payment\\/?iid=4438541464\",\"status\":null}', NULL, 'pending', '01KBQ9X0F4P88V9B3AK8NQJNFC', '2025-12-05 18:05:56', '2025-12-05 18:05:56', NULL, NULL, NULL, 4, '', NULL, NULL, NULL, NULL),
(257, 150, 'hossein', 'iranian.web.programmer@gmail.com', 'test btc', 10.00, NULL, '{\"provider\":\"nowpay\",\"invoice_id\":\"4373336949\",\"invoice_url\":\"https:\\/\\/nowpayments.io\\/payment\\/?iid=4373336949\",\"status\":null}', NULL, 'pending', '01KBQ9Z3VSZM5ECEHHZKANWM3V', '2025-12-05 18:07:05', '2025-12-05 18:07:05', NULL, NULL, NULL, 4, '', NULL, NULL, NULL, NULL),
(258, 150, 'hossein', 'iranian.web.programmer@gmail.com', 'test btc', 15.00, NULL, '{\"provider\":\"nowpay\",\"invoice_id\":\"4776826958\",\"invoice_url\":\"https:\\/\\/nowpayments.io\\/payment\\/?iid=4776826958\",\"status\":null}', NULL, 'pending', '01KBQA055R3FS0QQK2E153VHW9', '2025-12-05 18:07:39', '2025-12-05 18:07:39', NULL, NULL, NULL, 4, '', NULL, NULL, NULL, NULL),
(259, 150, 'hossein', 'iranian.web.programmer@gmail.com', 'Basic Pack', 25.00, NULL, '{\"provider\":\"nowpay\",\"invoice_id\":\"5511574171\",\"invoice_url\":\"https:\\/\\/nowpayments.io\\/payment\\/?iid=5511574171\",\"status\":null}', '{\"actually_paid\":0,\"actually_paid_at_fiat\":0,\"fee\":{\"currency\":\"btc\",\"depositFee\":0,\"serviceFee\":0,\"withdrawalFee\":0},\"invoice_id\":5511574171,\"order_description\":\"Basic Pack\",\"order_id\":\"259\",\"outcome_amount\":0.0002271,\"outcome_currency\":\"btc\",\"parent_payment_id\":null,\"pay_address\":\"TPkvEup7LFMB86Xgya4dTwBukYwk2WxL14\",\"pay_amount\":24.900382,\"pay_currency\":\"usdttrc20\",\"payin_extra_id\":null,\"payment_extra_ids\":null,\"payment_id\":4407081491,\"payment_status\":\"waiting\",\"price_amount\":25,\"price_currency\":\"usd\",\"purchase_id\":\"4944011319\",\"updated_at\":1764940427388}', 'waiting', '01KBQA8ZDAXKP4R3WTDJYWRRVS', '2025-12-05 18:12:28', '2025-12-05 18:59:44', NULL, NULL, NULL, 1, '', NULL, NULL, NULL, NULL),
(260, 150, 'hossein', 'iranian.web.programmer@gmail.com', 'Basic Pack', 25.00, NULL, '{\"provider\":\"nowpay\",\"invoice_id\":\"4549801241\",\"invoice_url\":\"https:\\/\\/nowpayments.io\\/payment\\/?iid=4549801241\",\"status\":null}', '{\"actually_paid\":25,\"actually_paid_at_fiat\":0,\"fee\":{\"currency\":\"btc\",\"depositFee\":3.3e-5,\"serviceFee\":0,\"withdrawalFee\":5.0e-6},\"invoice_id\":4549801241,\"order_description\":\"Basic Pack\",\"order_id\":\"260\",\"outcome_amount\":0.0002315,\"outcome_currency\":\"btc\",\"parent_payment_id\":null,\"pay_address\":\"TL3Szc2w6C9UTZXif1c4364BXn5JoHzpFi\",\"pay_amount\":25.050685,\"pay_currency\":\"usdttrc20\",\"payin_extra_id\":null,\"payment_extra_ids\":null,\"payment_id\":6343069071,\"payment_status\":\"confirmed\",\"price_amount\":25,\"price_currency\":\"usd\",\"purchase_id\":\"4652438566\",\"updated_at\":1764945934471}', 'success', '01KBQFF75NHY22KPZXZRGM7570', '2025-12-05 19:43:16', '2025-12-05 19:54:32', NULL, NULL, NULL, 1, '', NULL, NULL, NULL, NULL),
(261, 151, 'mooon', 'nomadiptv787@gmail.com', 'test', 15.00, NULL, '{\"provider\":\"paypal\",\"amount\":15,\"email\":\"merchant2@example.com\",\"url\":null,\"email_body\":\"Dear mooon,\\n\\nPlease complete your payment using PayPal:\\n\\nPayPal Email: merchant2@example.com\\nPayment URL: \\nAmount: $15\\nService: test\\n\\nAfter payment, please click the link below to activate your account:\\nhttps:\\/\\/centerpay.me\\/app\\/orders\\/01KBR0SP2ZEFRJR8WJV203M5JM\\/summary\\n\\nThank you,\\nThe PaymentACC Team\"}', NULL, 'payment_review', '01KBR0SP2ZEFRJR8WJV203M5JM', '2025-12-06 00:46:05', '2025-12-06 00:59:06', NULL, NULL, NULL, NULL, '', NULL, NULL, NULL, NULL),
(262, 151, 'mooon', 'nomadiptv787@gmail.com', 'test', 15.00, NULL, '{\"provider\":\"nowpay\",\"invoice_id\":\"4431431047\",\"invoice_url\":\"https:\\/\\/nowpayments.io\\/payment\\/?iid=4431431047\",\"status\":null}', '{\"actually_paid\":52.384413,\"actually_paid_at_fiat\":0,\"fee\":{\"currency\":\"btc\",\"depositFee\":1.0e-6,\"serviceFee\":0,\"withdrawalFee\":4.0e-6},\"invoice_id\":4431431047,\"order_description\":\"test\",\"order_id\":\"262\",\"outcome_amount\":0.0001619,\"outcome_currency\":\"btc\",\"parent_payment_id\":null,\"pay_address\":\"TNDvxbpBiXbaEVTzkaASpK4hSTszPXQ5gQ\",\"pay_amount\":52.384413,\"pay_currency\":\"trx\",\"payin_extra_id\":null,\"payment_extra_ids\":null,\"payment_id\":5028734163,\"payment_status\":\"confirmed\",\"price_amount\":15,\"price_currency\":\"usd\",\"purchase_id\":\"4405942769\",\"updated_at\":1764964356657}', 'success', '01KBR0VYPYPASA27Y9FV4QJV80', '2025-12-06 00:47:19', '2025-12-06 00:52:19', NULL, NULL, NULL, NULL, '', NULL, NULL, NULL, NULL),
(263, 152, 'mmli', 'iptvbunney1@gmail.com', '1 Month Account', 16.00, NULL, '{\"provider\":\"paypal\",\"amount\":16,\"email\":\"merchant2@example.com\",\"url\":null,\"email_body\":\"Dear mmli,\\n\\nPlease complete your payment using PayPal:\\n\\nPayPal Email: merchant2@example.com\\nPayment URL: \\nAmount: $16\\nService: 1 Month Account\\n\\nAfter payment, please click the link below to activate your account:\\nhttps:\\/\\/centerpay.me\\/app\\/orders\\/01KC4VPD7ZA3DTWV59F0GZRRTK\\/summary\\n\\nThank you,\\nThe PaymentACC Team\"}', NULL, 'pending', '01KC4VPD7ZA3DTWV59F0GZRRTK', '2025-12-11 00:27:02', '2025-12-11 00:27:02', NULL, NULL, NULL, 1, '', NULL, NULL, NULL, NULL),
(264, 153, 'Anthony Panzarello', 'Apanzarello@yahoo.com', '12 Month Account', 75.00, NULL, '{\"provider\":\"paygate\",\"wallet\":\"0x1948eF4A4Ede38479135029BBa8B8023d766f4Ab\",\"address_in\":\"tpU91jy%2B1aPlcE%2BOcXwlndIH%2FkEbbHHJlEeAsFwg85hlXYypuGkw3nt%2BiB0K2MhGbaeaF0GYwdRT26eBOznQjw%3D%3D\",\"payment_url\":\"https:\\/\\/checkout.paygate.to\\/process-payment.php?address=tpU91jy%2B1aPlcE%2BOcXwlndIH%2FkEbbHHJlEeAsFwg85hlXYypuGkw3nt%2BiB0K2MhGbaeaF0GYwdRT26eBOznQjw%3D%3D&amount=75.00&provider=moonpay&email=Apanzarello@yahoo.com&currency=USD\"}', NULL, 'pending', '01KCA6HXQJD4P0TEYTX8DZNBP9', '2025-12-13 02:13:04', '2025-12-13 02:13:04', NULL, NULL, NULL, 4, '', NULL, NULL, NULL, NULL),
(265, 154, 'Blessed chuks ', 'michealchuksss@gmail.com', '1 Month Account', 16.00, NULL, '{\"provider\":\"paypal\",\"amount\":16,\"email\":\"merchant2@example.com\",\"url\":null,\"email_body\":\"Dear Blessed chuks ,\\n\\nPlease complete your payment using PayPal:\\n\\nPayPal Email: merchant2@example.com\\nPayment URL: \\nAmount: $16\\nService: 1 Month Account\\n\\nAfter payment, please click the link below to activate your account:\\nhttps:\\/\\/centerpay.me\\/app\\/orders\\/01KCDM40H7KVYT44J1E1WJWRQM\\/summary\\n\\nThank you,\\nThe PaymentACC Team\"}', NULL, 'pending', '01KCDM40H7KVYT44J1E1WJWRQM', '2025-12-14 10:07:49', '2025-12-14 10:07:49', NULL, NULL, NULL, 1, '', NULL, NULL, NULL, NULL),
(266, 154, 'Blessed chuks ', 'michealchuksss@gmail.com', '1 Month Account', 16.00, NULL, '{\"provider\":\"paypal\",\"amount\":16,\"email\":\"merchant2@example.com\",\"url\":null,\"email_body\":\"Dear Blessed chuks ,\\n\\nPlease complete your payment using PayPal:\\n\\nPayPal Email: merchant2@example.com\\nPayment URL: \\nAmount: $16\\nService: 1 Month Account\\n\\nAfter payment, please click the link below to activate your account:\\nhttps:\\/\\/centerpay.me\\/app\\/orders\\/01KCEDX1CB3WNA5P7V2BA9MA12\\/summary\\n\\nThank you,\\nThe PaymentACC Team\"}', NULL, 'pending', '01KCEDX1CB3WNA5P7V2BA9MA12', '2025-12-14 17:38:23', '2025-12-14 17:38:23', NULL, NULL, NULL, 1, '', NULL, NULL, NULL, NULL),
(267, 154, 'Blessed chuks ', 'michealchuksss@gmail.com', '1 Month Account', 16.00, NULL, '{\"provider\":\"paygate\",\"wallet\":\"0x1948eF4A4Ede38479135029BBa8B8023d766f4Ab\",\"address_in\":\"PRe2g5zadS3nZ1zYUyiK0l8v%2BEqdGYgLYdyk5VT9SgiEuFKIiPP4rrxcAxyVAvQU7LOxeS%2BEVxG1dUE8WfhoLA%3D%3D\",\"payment_url\":\"https:\\/\\/checkout.paygate.to\\/process-payment.php?address=PRe2g5zadS3nZ1zYUyiK0l8v%2BEqdGYgLYdyk5VT9SgiEuFKIiPP4rrxcAxyVAvQU7LOxeS%2BEVxG1dUE8WfhoLA%3D%3D&amount=16.00&provider=moonpay&email=michealchuksss@gmail.com&currency=USD\"}', NULL, 'pending', '01KCEE3W9XDRHJFA7Y31QHQA31', '2025-12-14 17:42:10', '2025-12-14 17:42:10', NULL, NULL, NULL, 1, '', NULL, NULL, NULL, NULL);
INSERT INTO `orders` (`id`, `user_id`, `name`, `email`, `service`, `amount`, `description`, `payment_instructions`, `response`, `status`, `tracking_code`, `created_at`, `updated_at`, `expire_at`, `send_at`, `gateway_id`, `product_id`, `discount_code`, `delivery_username`, `delivery_password`, `delivery_server`, `delivery_notes`) VALUES
(268, 154, 'Blessed chuks ', 'michealchuksss@gmail.com', '1 Month Account', 16.00, NULL, '{\"provider\":\"paypal\",\"amount\":16,\"email\":\"merchant2@example.com\",\"url\":null,\"email_body\":\"Dear Blessed chuks ,\\n\\nPlease complete your payment using PayPal:\\n\\nPayPal Email: merchant2@example.com\\nPayment URL: \\nAmount: $16\\nService: 1 Month Account\\n\\nAfter payment, please click the link below to activate your account:\\nhttps:\\/\\/centerpay.me\\/app\\/orders\\/01KCEF91YMFP7ZP60VPMDX3RHZ\\/summary\\n\\nThank you,\\nThe PaymentACC Team\"}', NULL, 'pending', '01KCEF91YMFP7ZP60VPMDX3RHZ', '2025-12-14 18:02:26', '2025-12-14 18:02:26', NULL, NULL, NULL, 1, '', NULL, NULL, NULL, NULL),
(269, 154, 'Blessed chuks ', 'michealchuksss@gmail.com', '1 Month Account', 16.00, NULL, '{\"provider\":\"paypal\",\"amount\":16,\"email\":\"balrajsingh@chapar.us\",\"url\":null,\"email_body\":\"Hi Blessed chuks , pay $16 for 1 Month Account. Tracking: 01KCEWEY6PHD7CYNYP245QRKBS.\"}', NULL, 'pending', '01KCEWEY6PHD7CYNYP245QRKBS', '2025-12-14 21:52:50', '2025-12-14 21:52:50', NULL, NULL, 16, 1, '', NULL, NULL, NULL, NULL),
(270, 155, 'Thomas', 'nkosanaforce8@gmail.com', '1 Month Account', 16.00, NULL, '{\"provider\":\"paygate\",\"wallet\":\"0x1948eF4A4Ede38479135029BBa8B8023d766f4Ab\",\"address_in\":\"hRzpAEBC92r1XSxwYyHw5aLgacVpwnqMtgZC4eaBQoaFeTZlGlMHJ%2Fp2VloIoy5LI0FNEMqLyfnG%2BGOMTtZ7nw%3D%3D\",\"payment_url\":\"https:\\/\\/checkout.paygate.to\\/process-payment.php?address=hRzpAEBC92r1XSxwYyHw5aLgacVpwnqMtgZC4eaBQoaFeTZlGlMHJ%2Fp2VloIoy5LI0FNEMqLyfnG%2BGOMTtZ7nw%3D%3D&amount=16.00&provider=moonpay&email=nkosanaforce8@gmail.com&currency=USD\"}', NULL, 'pending', '01KCFFKDRWE1BD8A8A7PNW6AHR', '2025-12-15 03:27:23', '2025-12-15 03:27:23', NULL, NULL, NULL, 1, '', NULL, NULL, NULL, NULL),
(271, 155, 'Thomas', 'nkosanaforce8@gmail.com', '1 Month Account', 16.00, NULL, '{\"provider\":\"paygate\",\"wallet\":\"0x1948eF4A4Ede38479135029BBa8B8023d766f4Ab\",\"address_in\":\"PjnzJNVJayvk7IqzgotUErPqsSy7RwUItLcjwyo2EBwRaUrU49rBzahz4apeSXSshA4xeQdoIZQgG5tuz1GyEA%3D%3D\",\"payment_url\":\"https:\\/\\/checkout.paygate.to\\/process-payment.php?address=PjnzJNVJayvk7IqzgotUErPqsSy7RwUItLcjwyo2EBwRaUrU49rBzahz4apeSXSshA4xeQdoIZQgG5tuz1GyEA%3D%3D&amount=16.00&provider=moonpay&email=nkosanaforce8@gmail.com&currency=USD\"}', NULL, 'pending', '01KCFGWM58XCT1K9WGJRSHZ342', '2025-12-15 03:49:53', '2025-12-15 03:49:53', NULL, NULL, NULL, 1, '', NULL, NULL, NULL, NULL),
(272, 156, 'Jesus Vera', 'geezus918948@gmail.com', '1 Month Account', 16.00, NULL, '{\"provider\":\"paypal\",\"amount\":16,\"email\":\"nasermohammed99@chapar.us\",\"url\":null,\"email_body\":\"Hi Jesus Vera, pay $16 for 1 Month Account. Tracking: 01KCG7E6N2J5YV2HT65PZJHK17.\"}', NULL, 'pending', '01KCG7E6N2J5YV2HT65PZJHK17', '2025-12-15 10:23:55', '2025-12-15 10:23:55', NULL, NULL, NULL, 1, '', NULL, NULL, NULL, NULL),
(273, 157, 'test', 'moneydream676@gmail.com', 'test', 2.00, NULL, '{\"provider\":\"paypal\",\"amount\":2,\"email\":\"biju_addya@chapar.us\",\"url\":null,\"email_body\":\"Hi test, pay $2 for test. Tracking: 01KCGTRPMWQN6281XRJ702HGKA.\"}', NULL, 'pending', '01KCGTRPMWQN6281XRJ702HGKA', '2025-12-15 16:01:42', '2025-12-15 16:01:42', NULL, NULL, NULL, NULL, '', NULL, NULL, NULL, NULL),
(274, 157, 'test', 'moneydream676@gmail.com', 'test', 2.00, NULL, '{\"provider\":\"paypal\",\"amount\":2,\"email\":\"bui_hanh@xoomail.us\",\"url\":null,\"email_body\":\"Hi test, pay $2 for test. Tracking: 01KCGV2Q42SC3J6BFC04ZGYSBP.\"}', NULL, 'payment_review', '01KCGV2Q42SC3J6BFC04ZGYSBP', '2025-12-15 16:07:10', '2025-12-15 16:23:15', NULL, NULL, 19, NULL, '', NULL, NULL, NULL, NULL),
(275, 155, 'Thomas', 'nkosanaforce8@gmail.com', '1 Month Account', 16.00, NULL, '{\"provider\":\"paygate\",\"wallet\":\"0x1948eF4A4Ede38479135029BBa8B8023d766f4Ab\",\"address_in\":\"9vGl5Kw6Q5FelovPPaeH7vbdiw7ATmOQ1K0y8Aj2r4vHOCb6oP2wOqk6hz%2FEYx2Kb2Kfyv6EhK0zjE6vA7MQig%3D%3D\",\"payment_url\":\"https:\\/\\/checkout.paygate.to\\/process-payment.php?address=9vGl5Kw6Q5FelovPPaeH7vbdiw7ATmOQ1K0y8Aj2r4vHOCb6oP2wOqk6hz%2FEYx2Kb2Kfyv6EhK0zjE6vA7MQig%3D%3D&amount=16.00&provider=moonpay&email=nkosanaforce8@gmail.com&currency=USD\"}', NULL, 'pending', '01KCH7STGCQFBN7ZGWBRCC6HYK', '2025-12-15 19:49:33', '2025-12-15 19:49:33', NULL, NULL, NULL, 1, '', NULL, NULL, NULL, NULL),
(276, 133, 'topiptv', 'streamgulf@gmail.com', '1 Month Account', 16.00, NULL, '{\"provider\":\"paygate\",\"wallet\":\"0x1948eF4A4Ede38479135029BBa8B8023d766f4Ab\",\"address_in\":\"j9%2BhqkUPGh2Ajyntv9xWGxht1JpAeaU5MmzcWft4NXPVm2AcXOGI%2F%2BODagidCtc3rvx6X6%2BW26ABAwtS0GC6Bg%3D%3D\",\"payment_url\":\"https:\\/\\/checkout.paygate.to\\/process-payment.php?address=j9%2BhqkUPGh2Ajyntv9xWGxht1JpAeaU5MmzcWft4NXPVm2AcXOGI%2F%2BODagidCtc3rvx6X6%2BW26ABAwtS0GC6Bg%3D%3D&amount=16.00&provider=moonpay&email=streamgulf@gmail.com&currency=USD\"}', NULL, 'pending', '01KCHTYP5N0VP4PVV86D2M4Y0S', '2025-12-16 01:24:15', '2025-12-16 01:24:15', NULL, NULL, NULL, 1, '', NULL, NULL, NULL, NULL),
(277, 1, 'Admin', 'admin@example.com', '1 Month Account', 16.00, NULL, '{\"provider\":\"card2crypto\",\"wallet\":\"0x1948eF4A4Ede38479135029BBa8B8023d766f4Ab\",\"address_in\":\"ORxW7bjp1CNk19n1c0%2Bl%2FEty%2BkNz%2FGXBeK%2BoYwrauw%2FQnyruovj2AFqbdkIf3toSgRPWdYxRNx2dafC3jo5IBQ%3D%3D\",\"payment_url\":\"https:\\/\\/pay.card2crypto.org\\/pay.php?address=ORxW7bjp1CNk19n1c0%2Bl%2FEty%2BkNz%2FGXBeK%2BoYwrauw%2FQnyruovj2AFqbdkIf3toSgRPWdYxRNx2dafC3jo5IBQ%3D%3D&amount=16.00&email=admin@example.com&currency=USD&domain=pay.card2crypto.org\"}', NULL, 'pending', '01KCKNNQF6RR88ZBMV4ECVWDVZ', '2025-12-16 18:30:27', '2025-12-16 18:30:27', NULL, NULL, NULL, 1, '', NULL, NULL, NULL, NULL),
(278, 158, 'Mon12', 'Streamgolf26@gmail.com', '1 Month Account', 16.00, NULL, '{\"provider\":\"card2crypto\",\"wallet\":\"0x2f29BD2edCBb269514b43f1BaEd92DBF23167fB5\",\"address_in\":\"tfWMNi%2Bls6Yb3yEBz3411B5yz8MIUbQxSeq3PPt2TuGPz5YXkvlui66Zk%2BIuvwQYc1sCknWVdIL6N9NPyZI6bw%3D%3D\",\"payment_url\":\"https:\\/\\/pay.card2crypto.org\\/pay.php?address=tfWMNi%2Bls6Yb3yEBz3411B5yz8MIUbQxSeq3PPt2TuGPz5YXkvlui66Zk%2BIuvwQYc1sCknWVdIL6N9NPyZI6bw%3D%3D&amount=16.00&email=Streamgolf26@gmail.com&currency=USD&domain=pay.card2crypto.org\"}', NULL, 'pending', '01KCKR95HM4CQZWCHQ5RQ0A9NZ', '2025-12-16 19:16:01', '2025-12-16 19:16:01', NULL, NULL, NULL, 1, '', NULL, NULL, NULL, NULL),
(279, 158, 'Mon12', 'Streamgolf26@gmail.com', '1 Month Account', 16.00, NULL, '{\"provider\":\"card2crypto\",\"wallet\":\"0x2f29BD2edCBb269514b43f1BaEd92DBF23167fB5\",\"address_in\":\"FEypmnM%2Bqi8ix7lME3mJZu28RciM1YCsaGs2IO1CiIWFk5ZxGwfi6FBLtYlthYzZhVV9jUixjdXmAup4Dn2QuA%3D%3D\",\"payment_url\":\"https:\\/\\/pay.card2crypto.org\\/pay.php?address=FEypmnM%2Bqi8ix7lME3mJZu28RciM1YCsaGs2IO1CiIWFk5ZxGwfi6FBLtYlthYzZhVV9jUixjdXmAup4Dn2QuA%3D%3D&amount=16.00&email=Streamgolf26@gmail.com&currency=USD&domain=pay.card2crypto.org\"}', NULL, 'pending', '01KCKRBZ9B8Q4N453NDE2VV92K', '2025-12-16 19:17:33', '2025-12-16 19:17:33', NULL, NULL, NULL, 1, '', NULL, NULL, NULL, NULL),
(280, 158, 'Mon12', 'Streamgolf26@gmail.com', '1 Month Account', 16.00, NULL, '{\"provider\":\"card2crypto\",\"wallet\":\"0x2f29BD2edCBb269514b43f1BaEd92DBF23167fB5\",\"address_in\":\"eYU2jEUSaqrlchJyrrQAnYNJa2%2BI%2FIcfHjI%2BjHd5SW010tbWERqHUxTLCzFYk5eqf7dgb0n5W5Mrek8k73l%2Brg%3D%3D\",\"payment_url\":\"https:\\/\\/pay.card2crypto.org\\/pay.php?address=eYU2jEUSaqrlchJyrrQAnYNJa2%2BI%2FIcfHjI%2BjHd5SW010tbWERqHUxTLCzFYk5eqf7dgb0n5W5Mrek8k73l%2Brg%3D%3D&amount=16.00&email=Streamgolf26@gmail.com&currency=USD&domain=pay.card2crypto.org\"}', NULL, 'pending', '01KCKRDXEY467990RXBY4T8D5H', '2025-12-16 19:18:37', '2025-12-16 19:18:37', NULL, NULL, NULL, 1, '', NULL, NULL, NULL, NULL),
(281, 158, 'Mon12', 'Streamgolf26@gmail.com', '1 Month Account', 16.00, NULL, '{\"provider\":\"card2crypto\",\"wallet\":\"0x2f29BD2edCBb269514b43f1BaEd92DBF23167fB5\",\"address_in\":\"Pnyxc4xBCd9DcGW3XS5mIPd5kz0sFaN8cuKDgQSNFgDd1qTGqOiu%2F2wphE64aGKXJGnT4PMA4iQVjWqwFEQFZg%3D%3D\",\"payment_url\":\"https:\\/\\/pay.card2crypto.org\\/pay.php?address=Pnyxc4xBCd9DcGW3XS5mIPd5kz0sFaN8cuKDgQSNFgDd1qTGqOiu%2F2wphE64aGKXJGnT4PMA4iQVjWqwFEQFZg%3D%3D&amount=16.00&email=Streamgolf26@gmail.com&currency=USD&domain=pay.card2crypto.org\"}', NULL, 'pending', '01KCKRJ2SR0SNZPTDJGTA865G3', '2025-12-16 19:20:53', '2025-12-16 19:20:53', NULL, NULL, NULL, 1, '', NULL, NULL, NULL, NULL),
(282, 1, 'Admin', 'admin@example.com', 'test', 2.00, NULL, '{\"provider\":\"card2crypto\",\"wallet\":\"0x2f29BD2edCBb269514b43f1BaEd92DBF23167fB5\",\"address_in\":\"9A1sASJLvhD84W7IyV3c%2B6Tn6dEkVUzJs83urALqA6xNZdzujrfuTKq26EGluOoo6yC40rSdF9uDT%2Fp6KY9McA%3D%3D\",\"payment_url\":\"https:\\/\\/pay.card2crypto.org\\/pay.php?address=9A1sASJLvhD84W7IyV3c%2B6Tn6dEkVUzJs83urALqA6xNZdzujrfuTKq26EGluOoo6yC40rSdF9uDT%2Fp6KY9McA%3D%3D&amount=2.00&email=admin@example.com&currency=USD&domain=pay.card2crypto.org\"}', NULL, 'pending', '01KCKXWARRMG2N88524VJQ8P72', '2025-12-16 20:53:52', '2025-12-16 20:53:52', NULL, NULL, NULL, NULL, '', NULL, NULL, NULL, NULL),
(283, 133, 'topiptv', 'streamgulf@gmail.com', 'test', 2.00, NULL, '{\"provider\":\"card2crypto\",\"wallet\":\"0x2f29BD2edCBb269514b43f1BaEd92DBF23167fB5\",\"address_in\":\"gbGqVvTcFmfWj3He6%2FLwsLY2NxLY9zvhcIna6%2FUEKU8U%2BGHnVPep0xWOf4pw5CwAXvHnb03MiY9kqPVv8d%2FW0g%3D%3D\",\"payment_url\":\"https:\\/\\/pay.card2crypto.org\\/pay.php?address=gbGqVvTcFmfWj3He6%2FLwsLY2NxLY9zvhcIna6%2FUEKU8U%2BGHnVPep0xWOf4pw5CwAXvHnb03MiY9kqPVv8d%2FW0g%3D%3D&amount=2.00&email=streamgulf@gmail.com&currency=USD&domain=pay.card2crypto.org\"}', NULL, 'pending', '01KCKY2Q33B6GZ18Q4ZQ3HGRJF', '2025-12-16 20:57:21', '2025-12-16 20:57:21', NULL, NULL, NULL, NULL, '', NULL, NULL, NULL, NULL),
(284, 133, 'topiptv', 'streamgulf@gmail.com', 'test', 2.00, NULL, '{\"provider\":\"card2crypto\",\"wallet\":\"0x2f29BD2edCBb269514b43f1BaEd92DBF23167fB5\",\"address_in\":\"h8tZpe2ZiZzW4wzVPzldlaj1bAI2NKYh6%2B5t1mFY0tuda0uExtuzL2X6wZhX0udT7ZVfLM0d4YWkRcR4iQn1rQ%3D%3D\",\"payment_url\":\"https:\\/\\/pay.card2crypto.org\\/pay.php?address=h8tZpe2ZiZzW4wzVPzldlaj1bAI2NKYh6%2B5t1mFY0tuda0uExtuzL2X6wZhX0udT7ZVfLM0d4YWkRcR4iQn1rQ%3D%3D&amount=2.00&email=streamgulf@gmail.com&currency=USD&domain=pay.card2crypto.org\"}', NULL, 'pending', '01KCKY4S65Z4JHFDJH3SSKD0AQ', '2025-12-16 20:58:29', '2025-12-16 20:58:29', NULL, NULL, NULL, NULL, '', NULL, NULL, NULL, NULL),
(285, 133, 'topiptv', 'streamgulf@gmail.com', '1 Month Account', 16.00, NULL, '{\"provider\":\"card2crypto\",\"wallet\":\"0x2f29BD2edCBb269514b43f1BaEd92DBF23167fB5\",\"address_in\":\"1BhwKzqlG74aUrWim%2BfaGinCLlGMHmPMKLSASO5TeMMH8i7G9LvG7ewt%2BiuK9BPVCpD7m%2Fbe%2FNFOhmf56QtPiw%3D%3D\",\"payment_url\":\"https:\\/\\/pay.card2crypto.org\\/pay.php?address=1BhwKzqlG74aUrWim%2BfaGinCLlGMHmPMKLSASO5TeMMH8i7G9LvG7ewt%2BiuK9BPVCpD7m%2Fbe%2FNFOhmf56QtPiw%3D%3D&amount=16.00&email=streamgulf@gmail.com&currency=USD&domain=pay.card2crypto.org\"}', NULL, 'pending', '01KCKY68DYNSKH10TJP6BZMXT7', '2025-12-16 20:59:17', '2025-12-16 20:59:17', NULL, NULL, NULL, 1, '', NULL, NULL, NULL, NULL),
(286, 133, 'topiptv', 'streamgulf@gmail.com', '12 Month Account', 75.00, NULL, '{\"provider\":\"card2crypto\",\"wallet\":\"0x2f29BD2edCBb269514b43f1BaEd92DBF23167fB5\",\"address_in\":\"YivYgri%2FaxTy2h7HLIXydTj2hRUWZfNwgWPeuIKz6NqGsx3IiyGOrmB8%2FSg6GxrehX%2FDRxq2lxWKzPI%2FfqaaGQ%3D%3D\",\"payment_url\":\"https:\\/\\/pay.card2crypto.org\\/pay.php?address=YivYgri%2FaxTy2h7HLIXydTj2hRUWZfNwgWPeuIKz6NqGsx3IiyGOrmB8%2FSg6GxrehX%2FDRxq2lxWKzPI%2FfqaaGQ%3D%3D&amount=75.00&email=streamgulf@gmail.com&currency=USD&domain=pay.card2crypto.org\"}', NULL, 'pending', '01KCKY8SVW625VSSEA79DC142C', '2025-12-16 21:00:41', '2025-12-16 21:00:41', NULL, NULL, NULL, 4, '', NULL, NULL, NULL, NULL),
(287, 133, 'topiptv', 'streamgulf@gmail.com', '12 Month Account', 75.00, NULL, '{\"provider\":\"card2crypto\",\"wallet\":\"0x2f29BD2edCBb269514b43f1BaEd92DBF23167fB5\",\"address_in\":\"vFo4nZmU6iFIlZtpEbVgoaD35ou5RLywgMef46AGEwokyOx6iCgu09EOtBlJBFl%2BTSW8ikY55giVuuCTBo7PwQ%3D%3D\",\"payment_url\":\"https:\\/\\/pay.card2crypto.org\\/pay.php?address=vFo4nZmU6iFIlZtpEbVgoaD35ou5RLywgMef46AGEwokyOx6iCgu09EOtBlJBFl%2BTSW8ikY55giVuuCTBo7PwQ%3D%3D&amount=75.00&email=streamgulf@gmail.com&currency=USD&domain=pay.card2crypto.org\"}', NULL, 'pending', '01KCKYA0BJCZ99M34MBFQABSNB', '2025-12-16 21:01:21', '2025-12-16 21:01:21', NULL, NULL, NULL, 4, '', NULL, NULL, NULL, NULL),
(288, 157, 'test', 'moneydream676@gmail.com', '12 Month Account', 75.00, NULL, '{\"provider\":\"card2crypto\",\"wallet\":\"0x2f29BD2edCBb269514b43f1BaEd92DBF23167fB5\",\"address_in\":\"lGtcAayM0G6yo2AAd7yssa%2FmuUDfjIFgUhweQfZft9SDhwd5v9eSdI33lSfNfhVNuUbJdD8xbeajl3O8ZCrC9g%3D%3D\",\"payment_url\":\"https:\\/\\/pay.card2crypto.org\\/pay.php?address=lGtcAayM0G6yo2AAd7yssa%2FmuUDfjIFgUhweQfZft9SDhwd5v9eSdI33lSfNfhVNuUbJdD8xbeajl3O8ZCrC9g%3D%3D&amount=75.00&email=moneydream676@gmail.com&currency=USD&domain=pay.card2crypto.org\"}', NULL, 'pending', '01KCKYET37MZ3NKFTJA5PKRE0X', '2025-12-16 21:03:58', '2025-12-16 21:03:58', NULL, NULL, NULL, 4, '', NULL, NULL, NULL, NULL),
(289, 157, 'test', 'moneydream676@gmail.com', '12 Month Account', 75.00, NULL, '{\"provider\":\"card2crypto\",\"wallet\":\"0x2f29BD2edCBb269514b43f1BaEd92DBF23167fB5\",\"address_in\":\"NvvsmVjefD5Fg6YH6kQFy76NXidwV8LZ0JiqqT2yvVeCPMmPnE84Rh9ehifNW9n1fJlaR%2BcVEDNcjhbhSwmxVQ%3D%3D\",\"payment_url\":\"https:\\/\\/pay.card2crypto.org\\/pay.php?address=NvvsmVjefD5Fg6YH6kQFy76NXidwV8LZ0JiqqT2yvVeCPMmPnE84Rh9ehifNW9n1fJlaR%2BcVEDNcjhbhSwmxVQ%3D%3D&amount=75.00&email=moneydream676@gmail.com&currency=USD&domain=pay.card2crypto.org\"}', NULL, 'pending', '01KCKYG7BVS18XX8PE9S49KH7P', '2025-12-16 21:04:44', '2025-12-16 21:04:44', NULL, NULL, NULL, 4, '', NULL, NULL, NULL, NULL),
(290, 157, 'test', 'moneydream676@gmail.com', '6 Month Account', 56.00, NULL, '{\"provider\":\"card2crypto\",\"wallet\":\"0x2f29BD2edCBb269514b43f1BaEd92DBF23167fB5\",\"address_in\":\"niqrhROfHchgApqOCRzAHTk35j6ce%2BMpaxh7HyAS2cliBjVQ1wSy18VH3UJa4SsZArXcPtKqgzbQqlJadjZm%2BQ%3D%3D\",\"payment_url\":\"https:\\/\\/pay.card2crypto.org\\/pay.php?address=niqrhROfHchgApqOCRzAHTk35j6ce%2BMpaxh7HyAS2cliBjVQ1wSy18VH3UJa4SsZArXcPtKqgzbQqlJadjZm%2BQ%3D%3D&amount=56.00&email=moneydream676@gmail.com&currency=USD&domain=pay.card2crypto.org\"}', NULL, 'pending', '01KCKYPG2QB9RMTQ4C3TCQ3QG6', '2025-12-16 21:08:09', '2025-12-16 21:08:09', NULL, NULL, NULL, 3, '', NULL, NULL, NULL, NULL),
(291, 157, 'test', 'moneydream676@gmail.com', '3 Month Account', 32.00, NULL, '{\"provider\":\"card2crypto\",\"wallet\":\"0x2f29BD2edCBb269514b43f1BaEd92DBF23167fB5\",\"address_in\":\"IWFFufiwXxFYXC0jlygsu%2FCt2OsviMk2RegeAEGoHimmtglOEZccDDoEhboYIkjPEp3F0yNkr%2F%2BktDwUAj%2BujQ%3D%3D\",\"payment_url\":\"https:\\/\\/pay.card2crypto.org\\/pay.php?address=IWFFufiwXxFYXC0jlygsu%2FCt2OsviMk2RegeAEGoHimmtglOEZccDDoEhboYIkjPEp3F0yNkr%2F%2BktDwUAj%2BujQ%3D%3D&amount=32.00&email=moneydream676@gmail.com&currency=USD&domain=pay.card2crypto.org\"}', NULL, 'pending', '01KCKYZGSKPKJA2FASDV8VZFRW', '2025-12-16 21:13:05', '2025-12-16 21:13:05', NULL, NULL, NULL, 2, '', NULL, NULL, NULL, NULL),
(292, 157, 'test', 'moneydream676@gmail.com', '1 Month Account', 16.00, NULL, '{\"provider\":\"card2crypto\",\"wallet\":\"0x2f29BD2edCBb269514b43f1BaEd92DBF23167fB5\",\"address_in\":\"jbIdJH3sdxHoEOHKADE8NNP9ZUFkt%2Fx%2BEzdLB8YUDDVfBZzQxf4k6iHVag3omGQI%2BNaC4nlgujK2tf1XMnHLCw%3D%3D\",\"payment_url\":\"https:\\/\\/pay.card2crypto.org\\/pay.php?address=jbIdJH3sdxHoEOHKADE8NNP9ZUFkt%2Fx%2BEzdLB8YUDDVfBZzQxf4k6iHVag3omGQI%2BNaC4nlgujK2tf1XMnHLCw%3D%3D&amount=16.00&email=moneydream676@gmail.com&currency=USD&domain=pay.card2crypto.org\"}', NULL, 'pending', '01KCP9BXZN51J7XMVR6XNZH8Q6', '2025-12-17 18:53:06', '2025-12-17 18:53:06', NULL, NULL, NULL, 1, '', NULL, NULL, NULL, NULL),
(293, 159, 'jeyson', 'jeysonmomoa@gmail.com', '1 Month Account', 16.00, NULL, '{\"provider\":\"card2crypto\",\"wallet\":\"0x2f29BD2edCBb269514b43f1BaEd92DBF23167fB5\",\"address_in\":\"xAJYWZNhT0WoJgjax%2BNCe0CJV0VjPzOXKuRtklz%2F1vqI0eZPgaLaiaMdL7yklklUkwD%2BUsGml5B7P7sE6K5Twg%3D%3D\",\"payment_url\":\"https:\\/\\/pay.card2crypto.org\\/pay.php?address=xAJYWZNhT0WoJgjax%2BNCe0CJV0VjPzOXKuRtklz%2F1vqI0eZPgaLaiaMdL7yklklUkwD%2BUsGml5B7P7sE6K5Twg%3D%3D&amount=16.00&email=jeysonmomoa@gmail.com&currency=USD&domain=pay.card2crypto.org\"}', NULL, 'pending', '01KCSJVMF289RCQDXB47BT0KCV', '2025-12-19 01:36:42', '2025-12-19 01:36:42', NULL, NULL, NULL, 1, '', NULL, NULL, NULL, NULL),
(294, 160, 'Scharel ', 'mboungouscharel@gmail.com', '12 Month Account', 75.00, NULL, '{\"provider\":\"paypal\",\"amount\":75,\"email\":\"dang_vinh@xoomail.us\",\"url\":null,\"email_body\":\"Hi Scharel , pay $75 for 12 Month Account. Tracking: 01KCWCPKX8BWG28P04M11S5MZK.\"}', NULL, 'pending', '01KCWCPKX8BWG28P04M11S5MZK', '2025-12-20 03:46:46', '2025-12-20 03:46:46', NULL, NULL, 20, 4, '', NULL, NULL, NULL, NULL),
(295, 158, 'Mon12', 'Streamgolf26@gmail.com', '1 Month Account (50%)', 8.00, NULL, '{\"provider\":\"paypal\",\"amount\":8,\"email\":\"franklindjmgresty928@protonmail.com\",\"url\":null,\"email_body\":\"Hi Mon12, pay $8 for 1 Month Account (50%). Tracking: 01KCXY485JWH4VAD2V0YZMY6VK.\"}', NULL, 'pending', '01KCXY485JWH4VAD2V0YZMY6VK', '2025-12-20 18:10:33', '2025-12-20 18:10:33', NULL, NULL, 22, NULL, '', NULL, NULL, NULL, NULL),
(296, 161, 'Marion ', 'axelmarion@hotmail.fr', '12 Month Account (30%)', 55.00, NULL, '{\"provider\":\"card2crypto\",\"wallet\":\"0x2f29BD2edCBb269514b43f1BaEd92DBF23167fB5\",\"address_in\":\"YGGjGEZVVvnJhGbjN%2BRu0e%2BhVej3GOu5J20oIEDoPqqA6MqjVB9%2FUpnJ5irsszHU%2F5TX8OcYA91pDiSO8HFoSg%3D%3D\",\"payment_url\":\"https:\\/\\/pay.card2crypto.org\\/pay.php?address=YGGjGEZVVvnJhGbjN%2BRu0e%2BhVej3GOu5J20oIEDoPqqA6MqjVB9%2FUpnJ5irsszHU%2F5TX8OcYA91pDiSO8HFoSg%3D%3D&amount=55.00&email=axelmarion@hotmail.fr&currency=USD&domain=pay.card2crypto.org\"}', NULL, 'pending', '01KCYE09GQCCQNXRNAGX72Z7SF', '2025-12-20 22:48:03', '2025-12-20 22:48:03', NULL, NULL, NULL, NULL, '', NULL, NULL, NULL, NULL),
(297, 162, 'Antonio Chanza ', 'Tonychanza@gmail.com', '1 Month Account (50%)', 8.00, NULL, '{\"provider\":\"card2crypto\",\"wallet\":\"0x2f29BD2edCBb269514b43f1BaEd92DBF23167fB5\",\"address_in\":\"yevFU14FqWDUciQgNURUTzab09XnZhVn3vB8Sxpybf%2F1YXLZbYmz7xw5HLdqEY6tP0H%2Bw%2BaaKywQMuk1kBUQIQ%3D%3D\",\"payment_url\":\"https:\\/\\/pay.card2crypto.org\\/pay.php?address=yevFU14FqWDUciQgNURUTzab09XnZhVn3vB8Sxpybf%2F1YXLZbYmz7xw5HLdqEY6tP0H%2Bw%2BaaKywQMuk1kBUQIQ%3D%3D&amount=8.00&email=Tonychanza@gmail.com&currency=USD&domain=pay.card2crypto.org\"}', NULL, 'pending', '01KD10RHQPYG3RPS5G1GX3QFSC', '2025-12-21 22:54:21', '2025-12-21 22:54:21', NULL, NULL, NULL, NULL, '', NULL, NULL, NULL, NULL),
(298, 163, 'Yacouba Zongo', 'yacoouzongo7@gmail.com', '12 Month Account', 75.00, NULL, '{\"provider\":\"card2crypto\",\"wallet\":\"0x2f29BD2edCBb269514b43f1BaEd92DBF23167fB5\",\"address_in\":\"4vR1zAc25iY%2BEs6Tl7sABzo0vRFick560xkwsnvmiyBmb8ppxi1WLMAqHNGR%2By3U%2BDy6H8JjQ9pGtV%2FtwHajzw%3D%3D\",\"payment_url\":\"https:\\/\\/pay.card2crypto.org\\/pay.php?address=4vR1zAc25iY%2BEs6Tl7sABzo0vRFick560xkwsnvmiyBmb8ppxi1WLMAqHNGR%2By3U%2BDy6H8JjQ9pGtV%2FtwHajzw%3D%3D&amount=75.00&email=yacoouzongo7@gmail.com&currency=USD&domain=pay.card2crypto.org\"}', NULL, 'pending', '01KD319106JF3G78FEAYE1S3AA', '2025-12-22 17:41:50', '2025-12-22 17:41:50', NULL, NULL, NULL, 4, '', NULL, NULL, NULL, NULL),
(299, 163, 'Yacouba Zongo', 'yacoouzongo7@gmail.com', '12 Month Account (30%)', 55.00, NULL, '{\"provider\":\"card2crypto\",\"wallet\":\"0x2f29BD2edCBb269514b43f1BaEd92DBF23167fB5\",\"address_in\":\"CrfjPn4gX58liSP4ugCKEy8KDutGTT4gKVyipYBeTEU2MHS1ohyHZ0XfjAhjVHwCWoH4HSevlJS1eMY8eFfBVw%3D%3D\",\"payment_url\":\"https:\\/\\/pay.card2crypto.org\\/pay.php?address=CrfjPn4gX58liSP4ugCKEy8KDutGTT4gKVyipYBeTEU2MHS1ohyHZ0XfjAhjVHwCWoH4HSevlJS1eMY8eFfBVw%3D%3D&amount=55.00&email=yacoouzongo7@gmail.com&currency=USD&domain=pay.card2crypto.org\"}', NULL, 'pending', '01KD31GY7Q66NTJV1SDCMB3PGT', '2025-12-22 17:46:10', '2025-12-22 17:46:10', NULL, NULL, NULL, NULL, '', NULL, NULL, NULL, NULL),
(300, 164, 'Boitumelo ', 'Slelokhumalo60@gmail.com', '1 Month Account', 16.00, NULL, '{\"provider\":\"paypal\",\"amount\":16,\"email\":\"saruarjahan@xoomail.us\",\"url\":null,\"email_body\":\"Hi Boitumelo , pay $16 for 1 Month Account. Tracking: 01KD39KH61RWK211ZQTTGXEFHN.\"}', NULL, 'pending', '01KD39KH61RWK211ZQTTGXEFHN', '2025-12-22 20:07:21', '2025-12-22 20:07:21', NULL, NULL, 23, 1, '', NULL, NULL, NULL, NULL),
(301, 165, 'Sayou lama kromah', 'Sbreazy90@gmail.com', '12 Month Account (30%)', 55.00, NULL, '{\"provider\":\"card2crypto\",\"wallet\":\"0x2f29BD2edCBb269514b43f1BaEd92DBF23167fB5\",\"address_in\":\"%2Fgb3CVHpaSKlZyDKrr2m85xkZUokjbzimtInCDXqMXYB0oeTAIS1gm0gpH8S2XBl7DiwEPcc7FsYv%2B9Vn5867w%3D%3D\",\"payment_url\":\"https:\\/\\/pay.card2crypto.org\\/pay.php?address=%2Fgb3CVHpaSKlZyDKrr2m85xkZUokjbzimtInCDXqMXYB0oeTAIS1gm0gpH8S2XBl7DiwEPcc7FsYv%2B9Vn5867w%3D%3D&amount=55.00&email=Sbreazy90@gmail.com&currency=USD&domain=pay.card2crypto.org\"}', NULL, 'pending', '01KD3WVAG8S9RKM3PX1YA9NWJ7', '2025-12-23 01:43:41', '2025-12-23 01:43:41', NULL, NULL, NULL, NULL, '', NULL, NULL, NULL, NULL),
(302, 166, 'Delanoyer ', 'Gaditanotio@hotmail.com', '12 Month Account', 75.00, NULL, '{\"provider\":\"card2crypto\",\"wallet\":\"0x2f29BD2edCBb269514b43f1BaEd92DBF23167fB5\",\"address_in\":\"UgVTsEAkZfQqLUnqph50doreMgsotOZfZOpdedg6riiJ%2BxNlFJZp82CaNF6e%2Fg4veFswgH1zumevVzJNB52cjg%3D%3D\",\"payment_url\":\"https:\\/\\/pay.card2crypto.org\\/pay.php?address=UgVTsEAkZfQqLUnqph50doreMgsotOZfZOpdedg6riiJ%2BxNlFJZp82CaNF6e%2Fg4veFswgH1zumevVzJNB52cjg%3D%3D&amount=75.00&email=Gaditanotio@hotmail.com&currency=USD&domain=pay.card2crypto.org\"}', NULL, 'pending', '01KD5TENFYFJ8GFT1C1CXX0DKZ', '2025-12-23 19:40:18', '2025-12-23 19:40:18', NULL, NULL, NULL, 4, '', NULL, NULL, NULL, NULL),
(303, 166, 'Delanoyer ', 'Gaditanotio@hotmail.com', '12 Month Account', 75.00, NULL, '{\"provider\":\"card2crypto\",\"wallet\":\"0x2f29BD2edCBb269514b43f1BaEd92DBF23167fB5\",\"address_in\":\"Mxv2tygy%2FwiQm6nw2no5j8CQxoGNx2B0d%2F5lMdfB0MwkZ%2BfmP97GUq4EEf9aOtowiposXbv2MRqa1%2FFyMq6MKQ%3D%3D\",\"payment_url\":\"https:\\/\\/pay.card2crypto.org\\/pay.php?address=Mxv2tygy%2FwiQm6nw2no5j8CQxoGNx2B0d%2F5lMdfB0MwkZ%2BfmP97GUq4EEf9aOtowiposXbv2MRqa1%2FFyMq6MKQ%3D%3D&amount=75.00&email=Gaditanotio@hotmail.com&currency=USD&domain=pay.card2crypto.org\"}', NULL, 'pending', '01KD5TJ9QDXF2BK99DRAHVQVZH', '2025-12-23 19:42:17', '2025-12-23 19:42:17', NULL, NULL, NULL, 4, '', NULL, NULL, NULL, NULL),
(304, 166, 'Delanoyer ', 'Gaditanotio@hotmail.com', '12 Month Account', 75.00, NULL, '{\"provider\":\"card2crypto\",\"wallet\":\"0x2f29BD2edCBb269514b43f1BaEd92DBF23167fB5\",\"address_in\":\"Voua%2FhX2zj6ecJFlLklmvCaPXLKNl%2BcyQTmNO5uHxaAmQeEzZK8sxeN2D5UiAscsTMBB0z8M25dP0Xx8X0hGwg%3D%3D\",\"payment_url\":\"https:\\/\\/pay.card2crypto.org\\/pay.php?address=Voua%2FhX2zj6ecJFlLklmvCaPXLKNl%2BcyQTmNO5uHxaAmQeEzZK8sxeN2D5UiAscsTMBB0z8M25dP0Xx8X0hGwg%3D%3D&amount=75.00&email=Gaditanotio@hotmail.com&currency=USD&domain=pay.card2crypto.org\"}', NULL, 'pending', '01KD5TT6Z6QZ7CGXQ7WSKFADX7', '2025-12-23 19:46:37', '2025-12-23 19:46:37', NULL, NULL, NULL, 4, '', NULL, NULL, NULL, NULL),
(305, 166, 'Delanoyer ', 'Gaditanotio@hotmail.com', '12 Month Account', 75.00, NULL, '{\"provider\":\"card2crypto\",\"wallet\":\"0x2f29BD2edCBb269514b43f1BaEd92DBF23167fB5\",\"address_in\":\"1DJwYiK0QVGWGGiOgWGd8wV8pcZdyDoLoqjQBxelO%2BiMqXMY8oxhb77VhgbLqfPN04iUPwj3%2Fykl0P5I%2FoKERA%3D%3D\",\"payment_url\":\"https:\\/\\/pay.card2crypto.org\\/pay.php?address=1DJwYiK0QVGWGGiOgWGd8wV8pcZdyDoLoqjQBxelO%2BiMqXMY8oxhb77VhgbLqfPN04iUPwj3%2Fykl0P5I%2FoKERA%3D%3D&amount=75.00&email=Gaditanotio@hotmail.com&currency=USD&domain=pay.card2crypto.org\"}', NULL, 'pending', '01KD5TWH4K2MP34H4WDDMYTP89', '2025-12-23 19:47:52', '2025-12-23 19:47:52', NULL, NULL, NULL, 4, '', NULL, NULL, NULL, NULL),
(308, 1, 'Admin', 'admin@example.com', '1 Month Account', 14.40, NULL, '{\"provider\":\"paypal\",\"amount\":14.4,\"email\":\"balrajsingh@chapar.us\",\"url\":null,\"email_body\":\"Hi Admin, pay $14.4 for 1 Month Account. Tracking: 01KD6AS5PXWP3NXS94WCSCN3T9.\"}', NULL, 'pending', '01KD6AS5PXWP3NXS94WCSCN3T9', '2025-12-24 00:25:37', '2025-12-24 00:25:37', NULL, NULL, 16, 1, 'disc', NULL, NULL, NULL, NULL),
(309, 167, 'ffrghhy', 'mahdinoo35@gmail.com', '3 Month Account (50%)', 16.00, NULL, '{\"provider\":\"card2crypto\",\"wallet\":\"0x2f29BD2edCBb269514b43f1BaEd92DBF23167fB5\",\"address_in\":\"nS0HxxGSOxRlrx4to%2B%2FZLMy8cDBztCjE2%2BA3j8VH8XJeDXdu4zACXxNucg%2FmOev%2FiNZm786pmPAKYUeIjZ780Q%3D%3D\",\"payment_url\":\"https:\\/\\/pay.card2crypto.org\\/pay.php?address=nS0HxxGSOxRlrx4to%2B%2FZLMy8cDBztCjE2%2BA3j8VH8XJeDXdu4zACXxNucg%2FmOev%2FiNZm786pmPAKYUeIjZ780Q%3D%3D&amount=16.00&email=mahdinoo35@gmail.com&currency=USD&domain=pay.card2crypto.org\"}', NULL, 'pending', '01KD75VCQ5ZE5TYQ49TFTT3MJP', '2025-12-24 08:18:44', '2025-12-24 08:18:44', NULL, NULL, NULL, NULL, NULL, NULL, NULL, NULL, NULL),
(310, 157, 'test', 'moneydream676@gmail.com', '1 Month Account', 16.00, NULL, '{\"provider\":\"nowpay\",\"invoice_id\":\"5960256422\",\"invoice_url\":\"https:\\/\\/nowpayments.io\\/payment\\/?iid=5960256422\",\"status\":null}', '{\"actually_paid\":0,\"actually_paid_at_fiat\":0,\"created_at\":\"2025-12-24T20:24:08.690Z\",\"fee\":{\"currency\":\"btc\",\"depositFee\":0,\"serviceFee\":0,\"withdrawalFee\":0},\"invoice_id\":5960256422,\"order_description\":\"1 Month Account\",\"order_id\":\"310\",\"outcome_amount\":0.0001375,\"outcome_currency\":\"btc\",\"parent_payment_id\":null,\"pay_address\":\"TVWcVh7dnXp39JnBPgYekoxERQigdYiQ94\",\"pay_amount\":15.962859,\"pay_currency\":\"usdttrc20\",\"payin_extra_id\":null,\"payment_extra_ids\":null,\"payment_id\":5581622000,\"payment_status\":\"expired\",\"price_amount\":16,\"price_currency\":\"usd\",\"purchase_id\":\"4818116421\",\"updated_at\":\"2025-12-31T20:24:10.219Z\"}', 'expired', '01KD90ATEAFFS6ZPF1P2EM8J70', '2025-12-25 01:20:45', '2026-01-01 01:23:23', NULL, NULL, NULL, 1, NULL, NULL, NULL, NULL, NULL),
(311, 1, 'Admin', 'admin@example.com', '1 Month Account', 16.00, NULL, '{\"provider\":\"paypal\",\"amount\":\"16.00\",\"email\":\"saruarjahan@xoomail.us\",\"url\":null,\"email_body\":\"Hi Admin, pay $16.00 for 1 Month Account. Tracking: 01KD91C9FM87FEZJMWYE52AZ4Z.\"}', NULL, 'pending', '01KD91C9FM87FEZJMWYE52AZ4Z', '2025-12-25 01:39:01', '2025-12-25 01:39:01', NULL, NULL, 23, 1, 'shamel-2026', NULL, NULL, NULL, NULL),
(312, 157, 'test', 'moneydream676@gmail.com', '1 Month Account', 16.00, NULL, '{\"provider\":\"nowpay\",\"invoice_id\":\"5524638057\",\"invoice_url\":\"https:\\/\\/nowpayments.io\\/payment\\/?iid=5524638057\",\"status\":null}', NULL, 'pending', '01KD91F6JFXQ4190DZS6GQDJZV', '2025-12-25 01:40:37', '2025-12-25 01:40:37', NULL, NULL, NULL, 1, 'shamel-2026', NULL, NULL, NULL, NULL),
(313, 157, 'test', 'moneydream676@gmail.com', '1 Month Account', 16.00, NULL, '{\"provider\":\"nowpay\",\"invoice_id\":\"4631454713\",\"invoice_url\":\"https:\\/\\/nowpayments.io\\/payment\\/?iid=4631454713\",\"status\":null}', NULL, 'pending', '01KD91H2AND0K9R4B38ACQ0NMW', '2025-12-25 01:41:38', '2025-12-25 01:41:38', NULL, NULL, NULL, 1, 'shamel-2026', NULL, NULL, NULL, NULL),
(314, 157, 'test', 'moneydream676@gmail.com', '1 Month Account', 16.00, NULL, '{\"provider\":\"paypal\",\"amount\":\"16.00\",\"email\":\"bui_hanh@xoomail.us\",\"url\":null,\"email_body\":\"Hi test, pay $16.00 for 1 Month Account. Tracking: 01KD91H8TZP3ZKX7B9XEMJXEZ9.\"}', NULL, 'pending', '01KD91H8TZP3ZKX7B9XEMJXEZ9', '2025-12-25 01:41:45', '2025-12-25 01:41:45', NULL, NULL, 19, 1, 'shamel-2026', NULL, NULL, NULL, NULL),
(315, 168, 'Rhyan', 'Nevaehdunn0@gmail.com', '12 Month Account', 52.50, NULL, '{\"provider\":\"card2crypto\",\"wallet\":\"0x2f29BD2edCBb269514b43f1BaEd92DBF23167fB5\",\"address_in\":\"FR9Mey%2F3LsjZsqVkEaOvw4H6JLkZkN0gC7I%2BrOjDnciVsn87uheUVXsX%2FDZv0PCvrokFS8R%2FRqrsOMS8L9Mprg%3D%3D\",\"payment_url\":\"https:\\/\\/pay.card2crypto.org\\/pay.php?address=FR9Mey%2F3LsjZsqVkEaOvw4H6JLkZkN0gC7I%2BrOjDnciVsn87uheUVXsX%2FDZv0PCvrokFS8R%2FRqrsOMS8L9Mprg%3D%3D&amount=52.50&email=Nevaehdunn0@gmail.com&currency=USD&domain=pay.card2crypto.org\"}', NULL, 'pending', '01KD9GC3PE6MJ2TS0GDZQX15BM', '2025-12-25 06:01:06', '2025-12-25 06:01:06', NULL, NULL, NULL, 4, 'shamel-2026', NULL, NULL, NULL, NULL),
(316, 168, 'Rhyan', 'Nevaehdunn0@gmail.com', '12 Month Account', 52.50, NULL, '{\"provider\":\"card2crypto\",\"wallet\":\"0x2f29BD2edCBb269514b43f1BaEd92DBF23167fB5\",\"address_in\":\"tUU5Zq5k%2BLEVdd9l7%2B2TDJJohzOFj%2Bemnl8Xj%2BMvblZkYRNZvlCo%2FjPktuFXg4Vfm%2F3XWu6PWbLWlQpuL2ZTVA%3D%3D\",\"payment_url\":\"https:\\/\\/pay.card2crypto.org\\/pay.php?address=tUU5Zq5k%2BLEVdd9l7%2B2TDJJohzOFj%2Bemnl8Xj%2BMvblZkYRNZvlCo%2FjPktuFXg4Vfm%2F3XWu6PWbLWlQpuL2ZTVA%3D%3D&amount=52.50&email=Nevaehdunn0@gmail.com&currency=USD&domain=pay.card2crypto.org\"}', NULL, 'pending', '01KD9HC3TW68VV1KNMWNJZSCE3', '2025-12-25 06:18:35', '2025-12-25 06:18:35', NULL, NULL, NULL, 4, 'shamel-2026', NULL, NULL, NULL, NULL),
(317, 169, 'Tchenda mulopo JONATHAN ', 'jonathanmulopo@gmail.com', '12 Month Account', 52.50, NULL, '{\"provider\":\"card2crypto\",\"wallet\":\"0x2f29BD2edCBb269514b43f1BaEd92DBF23167fB5\",\"address_in\":\"xTLq%2B3HjPd0FgLnhsXvOePSaQcUqIssHkklVSzUO1VNf3GZNdBgP3Dybs8gy2H%2FqJxiY86rKJhxdye0wPxGeIA%3D%3D\",\"payment_url\":\"https:\\/\\/pay.card2crypto.org\\/pay.php?address=xTLq%2B3HjPd0FgLnhsXvOePSaQcUqIssHkklVSzUO1VNf3GZNdBgP3Dybs8gy2H%2FqJxiY86rKJhxdye0wPxGeIA%3D%3D&amount=52.50&email=jonathanmulopo@gmail.com&currency=USD&domain=pay.card2crypto.org\"}', NULL, 'pending', '01KDBG5JA9SK33EMFQXWGJ4EPR', '2025-12-26 00:36:01', '2025-12-26 00:36:01', NULL, NULL, NULL, 4, 'shamel-2026', NULL, NULL, NULL, NULL),
(318, 169, 'Tchenda mulopo JONATHAN ', 'jonathanmulopo@gmail.com', '12 Month Account', 52.50, NULL, '{\"provider\":\"card2crypto\",\"wallet\":\"0x2f29BD2edCBb269514b43f1BaEd92DBF23167fB5\",\"address_in\":\"qjhI8x3I2GyNXnmk9WIoX0sZbDc%2BJkEMEozmAbAm8oSnOb8FpfSKKs43Rh2w5mMKPTt8br6xaNiLtUJjnhvN5Q%3D%3D\",\"payment_url\":\"https:\\/\\/pay.card2crypto.org\\/pay.php?address=qjhI8x3I2GyNXnmk9WIoX0sZbDc%2BJkEMEozmAbAm8oSnOb8FpfSKKs43Rh2w5mMKPTt8br6xaNiLtUJjnhvN5Q%3D%3D&amount=52.50&email=jonathanmulopo@gmail.com&currency=USD&domain=pay.card2crypto.org\"}', NULL, 'pending', '01KDBGTA6BMZPNJWYF2GXSBJ14', '2025-12-26 00:47:21', '2025-12-26 00:47:21', NULL, NULL, NULL, 4, 'shamel-2026', NULL, NULL, NULL, NULL),
(319, 169, 'Tchenda mulopo JONATHAN ', 'jonathanmulopo@gmail.com', '12 Month Account', 52.50, NULL, '{\"provider\":\"card2crypto\",\"wallet\":\"0x2f29BD2edCBb269514b43f1BaEd92DBF23167fB5\",\"address_in\":\"Z7A4WbCDhjIrNIVwDYKUJFTgd%2FAg5Y4ILQ%2FRhFmrWSJud0dqhaHFxk%2FbxkfawozEh6cWOncOLzffAtJ9UandBg%3D%3D\",\"payment_url\":\"https:\\/\\/pay.card2crypto.org\\/pay.php?address=Z7A4WbCDhjIrNIVwDYKUJFTgd%2FAg5Y4ILQ%2FRhFmrWSJud0dqhaHFxk%2FbxkfawozEh6cWOncOLzffAtJ9UandBg%3D%3D&amount=52.50&email=jonathanmulopo@gmail.com&currency=USD&domain=pay.card2crypto.org\"}', NULL, 'pending', '01KDBHEAVM89JTPJWWWCAEBPQV', '2025-12-26 00:58:17', '2025-12-26 00:58:17', NULL, NULL, NULL, 4, 'shamel-2026', NULL, NULL, NULL, NULL),
(320, 1, 'Admin', 'admin@example.com', '1 Month Account', 11.20, NULL, '{\"provider\":\"card2crypto\",\"wallet\":\"0x2f29BD2edCBb269514b43f1BaEd92DBF23167fB5\",\"address_in\":\"TOJzpgirmaKSKQT%2FpAGwsUOIyp%2B39vzT7AxQxM295SisOvOyE42chVYKhnzGPoNslhQpF9z8Lzhq08Og2y1BeA%3D%3D\",\"payment_url\":\"https:\\/\\/pay.card2crypto.org\\/pay.php?address=TOJzpgirmaKSKQT%2FpAGwsUOIyp%2B39vzT7AxQxM295SisOvOyE42chVYKhnzGPoNslhQpF9z8Lzhq08Og2y1BeA%3D%3D&amount=11.20&email=admin@example.com&currency=USD&domain=pay.card2crypto.org\"}', NULL, 'pending', '01KDBPA8KHA90WTBAWTC5EEVSW', '2025-12-26 02:23:26', '2025-12-26 02:23:26', NULL, NULL, NULL, 1, 'shamel-2026', NULL, NULL, NULL, NULL),
(321, 157, 'test', 'moneydream676@gmail.com', '1 Month Account', 11.20, NULL, '{\"provider\":\"card2crypto\",\"wallet\":\"0x2f29BD2edCBb269514b43f1BaEd92DBF23167fB5\",\"address_in\":\"1zx4hSbdp6PHnUOVqc%2FME1ytykQ4I5C7BI1hzWHTin2G5TwqGhNEVJNgLY52cXXFgWrwgV4SLpa6u8a1awHHSw%3D%3D\",\"payment_url\":\"https:\\/\\/pay.card2crypto.org\\/pay.php?address=1zx4hSbdp6PHnUOVqc%2FME1ytykQ4I5C7BI1hzWHTin2G5TwqGhNEVJNgLY52cXXFgWrwgV4SLpa6u8a1awHHSw%3D%3D&amount=11.20&email=moneydream676@gmail.com&currency=USD&domain=pay.card2crypto.org\"}', NULL, 'pending', '01KDBPP75X8GR6Q4Z3KM374HJR', '2025-12-26 02:29:58', '2025-12-26 02:29:58', NULL, NULL, NULL, 1, 'shamel-2026', NULL, NULL, NULL, NULL),
(322, 157, 'test', 'moneydream676@gmail.com', '3 Month Account', 22.40, NULL, '{\"provider\":\"card2crypto\",\"wallet\":\"0x2f29BD2edCBb269514b43f1BaEd92DBF23167fB5\",\"address_in\":\"umCEWRRCExOA8MPsMTrRD7CWdetylHs2DYfBYsoB%2FBv9IVtHjGZsDSySoKIV%2F3fupwJ5L%2FrWDrG6OJ8pmwAWwA%3D%3D\",\"payment_url\":\"https:\\/\\/pay.card2crypto.org\\/pay.php?address=umCEWRRCExOA8MPsMTrRD7CWdetylHs2DYfBYsoB%2FBv9IVtHjGZsDSySoKIV%2F3fupwJ5L%2FrWDrG6OJ8pmwAWwA%3D%3D&amount=22.40&email=moneydream676@gmail.com&currency=USD&domain=pay.card2crypto.org\"}', NULL, 'pending', '01KDBPT37EAVB423Z8SEDQ4X9Y', '2025-12-26 02:32:05', '2025-12-26 02:32:05', NULL, NULL, NULL, 2, 'shamel-2026', NULL, NULL, NULL, NULL),
(323, 157, 'test', 'moneydream676@gmail.com', '1 Month Account', 11.20, NULL, '{\"provider\":\"card2crypto\",\"wallet\":\"0x2f29BD2edCBb269514b43f1BaEd92DBF23167fB5\",\"address_in\":\"KBkbL%2F%2FF8iRTaAtwEKQlRjA%2FudDx30a2CpH345uLlcyL5%2Fy0qBIechgC9%2B7mmVitTIwp2VK%2FD3lRoKFCkNLi2Q%3D%3D\",\"payment_url\":\"https:\\/\\/pay.card2crypto.org\\/pay.php?address=KBkbL%2F%2FF8iRTaAtwEKQlRjA%2FudDx30a2CpH345uLlcyL5%2Fy0qBIechgC9%2B7mmVitTIwp2VK%2FD3lRoKFCkNLi2Q%3D%3D&amount=11.20&email=moneydream676@gmail.com&currency=USD&domain=pay.card2crypto.org\"}', NULL, 'pending', '01KDBPZN1189H13K3V562R062P', '2025-12-26 02:35:07', '2025-12-26 02:35:07', NULL, NULL, NULL, 1, 'shamel-2026', NULL, NULL, NULL, NULL),
(324, 157, 'test', 'moneydream676@gmail.com', '6 Month Account', 39.20, NULL, '{\"provider\":\"card2crypto\",\"wallet\":\"0x2f29BD2edCBb269514b43f1BaEd92DBF23167fB5\",\"address_in\":\"g0nYSGd6f5NBDk0mHjJh9mm5hODzI46erGjgMBUAWSkBPyhBrfcsqeuDQanWCMHsqoX8RuJmV7SCLXfrZzYshg%3D%3D\",\"payment_url\":\"https:\\/\\/pay.card2crypto.org\\/pay.php?address=g0nYSGd6f5NBDk0mHjJh9mm5hODzI46erGjgMBUAWSkBPyhBrfcsqeuDQanWCMHsqoX8RuJmV7SCLXfrZzYshg%3D%3D&amount=39.20&email=moneydream676@gmail.com&currency=USD&domain=pay.card2crypto.org\"}', NULL, 'pending', '01KDBQ1FW1Q0DP7ZVAMP2SNVFH', '2025-12-26 02:36:07', '2025-12-26 02:36:07', NULL, NULL, NULL, 3, 'shamel-2026', NULL, NULL, NULL, NULL),
(325, 1, 'Admin', 'admin@example.com', '1 Month Account', 11.20, NULL, '{\"provider\":\"card2crypto\",\"wallet\":\"0x2f29BD2edCBb269514b43f1BaEd92DBF23167fB5\",\"address_in\":\"y53xbPf1SvxWC0A3gssnCNeEdgh1aj6qNDH8hWToaxUTgB%2BDhKsj1VUNqLfqd9nQBM827nyZDU3sLhxklVedFA%3D%3D\",\"payment_url\":\"https:\\/\\/pay.card2crypto.org\\/pay.php?address=y53xbPf1SvxWC0A3gssnCNeEdgh1aj6qNDH8hWToaxUTgB%2BDhKsj1VUNqLfqd9nQBM827nyZDU3sLhxklVedFA%3D%3D&amount=11.20&email=admin@example.com&currency=USD&domain=pay.card2crypto.org\"}', NULL, 'pending', '01KDBQ9NR6EGMTRPSJSPZ69H5W', '2025-12-26 02:40:35', '2025-12-26 02:40:35', NULL, NULL, NULL, 1, 'shamel-2026', NULL, NULL, NULL, NULL),
(326, 157, 'test', 'moneydream676@gmail.com', '1 Month Account', 11.20, NULL, '{\"provider\":\"card2crypto\",\"wallet\":\"0x2f29BD2edCBb269514b43f1BaEd92DBF23167fB5\",\"address_in\":\"YWMugc57rWo9gnQWyr6e%2BhIGTCGomd2%2FULGjDBGCaCwV2qpRYL%2Bu3fW0Ec50ya%2FYY%2F3KbQAGGFtR18y2OlVSIQ%3D%3D\",\"payment_url\":\"https:\\/\\/pay.card2crypto.org\\/pay.php?address=YWMugc57rWo9gnQWyr6e%2BhIGTCGomd2%2FULGjDBGCaCwV2qpRYL%2Bu3fW0Ec50ya%2FYY%2F3KbQAGGFtR18y2OlVSIQ%3D%3D&amount=11.20&email=moneydream676@gmail.com&currency=USD&domain=pay.card2crypto.org\"}', NULL, 'pending', '01KDBQC2FTRGWXPHZ0EGHXYCT6', '2025-12-26 02:41:54', '2025-12-26 02:41:54', NULL, NULL, NULL, 1, 'shamel-2026', NULL, NULL, NULL, NULL),
(327, 1, 'Admin', 'admin@example.com', '3 Month Account', 22.40, NULL, '{\"provider\":\"card2crypto\",\"wallet\":\"0x2f29BD2edCBb269514b43f1BaEd92DBF23167fB5\",\"address_in\":\"4xprNzHrGkq0gVdoezyN5fTnko81isuadaFD%2ByUVgfUfaenNLDrCtdOHZ7PqubJzSEvwcuWLiiPLVdBZgCxVhg%3D%3D\",\"payment_url\":\"https:\\/\\/pay.card2crypto.org\\/pay.php?address=4xprNzHrGkq0gVdoezyN5fTnko81isuadaFD%2ByUVgfUfaenNLDrCtdOHZ7PqubJzSEvwcuWLiiPLVdBZgCxVhg%3D%3D&amount=22.40&email=admin@example.com&currency=USD&domain=pay.card2crypto.org\"}', NULL, 'pending', '01KDBQDAFDM8GRA9MRHYVRB7SH', '2025-12-26 02:42:35', '2025-12-26 02:42:35', NULL, NULL, NULL, 2, 'shamel-2026', NULL, NULL, NULL, NULL),
(328, 1, 'Admin', 'admin@example.com', '1 Month Account', 11.20, NULL, '{\"provider\":\"card2crypto\",\"wallet\":\"0x2f29BD2edCBb269514b43f1BaEd92DBF23167fB5\",\"address_in\":\"79kxC1MXOLfs1J3UWTa0lynn0VQb0c395rOijRiSP1ndXuGhyb8HqRl26eZZilAGjAHMCcXWILPwP%2B7Vxjc5xA%3D%3D\",\"payment_url\":\"https:\\/\\/pay.card2crypto.org\\/pay.php?address=79kxC1MXOLfs1J3UWTa0lynn0VQb0c395rOijRiSP1ndXuGhyb8HqRl26eZZilAGjAHMCcXWILPwP%2B7Vxjc5xA%3D%3D&amount=11.20&email=admin@example.com&currency=USD&domain=pay.card2crypto.org\"}', NULL, 'pending', '01KDBQFEEW2Z24DV9KKQYJV406', '2025-12-26 02:43:45', '2025-12-26 02:43:45', NULL, NULL, NULL, 1, 'shamel-2026', NULL, NULL, NULL, NULL),
(329, 157, 'test', 'moneydream676@gmail.com', '1 Month Account', 11.20, NULL, '{\"provider\":\"card2crypto\",\"wallet\":\"0x2f29BD2edCBb269514b43f1BaEd92DBF23167fB5\",\"address_in\":\"2NkrI2bOTgwyr1%2FnxbdioxHLj2g2Kbx95eyHVxpnYwnDe252la6Ti8ZQd3EAaQr3IM6Ak%2B3y4Oia6TDNXeaSgA%3D%3D\",\"payment_url\":\"https:\\/\\/pay.card2crypto.org\\/pay.php?address=2NkrI2bOTgwyr1%2FnxbdioxHLj2g2Kbx95eyHVxpnYwnDe252la6Ti8ZQd3EAaQr3IM6Ak%2B3y4Oia6TDNXeaSgA%3D%3D&amount=11.20&email=moneydream676@gmail.com&currency=USD&domain=pay.card2crypto.org\"}', NULL, 'pending', '01KDBQHR2FHVRW11X3638M3M30', '2025-12-26 02:45:00', '2025-12-26 02:45:00', NULL, NULL, NULL, 1, 'shamel-2026', NULL, NULL, NULL, NULL),
(330, 1, 'Admin', 'admin@example.com', '1 Month Account', 16.00, NULL, '{\"provider\":\"card2crypto\",\"wallet\":\"0x2f29BD2edCBb269514b43f1BaEd92DBF23167fB5\",\"address_in\":\"VPBZMexM4VFHxFLylH%2BlbFeiZIxqxWDwrycQivSEeLmQrZQMl1fMNXHVAReThKJtoDoXSkZL2vkF62cTs%2B%2BS4Q%3D%3D\",\"payment_url\":\"https:\\/\\/pay.card2crypto.org\\/process-payment.php?address=VPBZMexM4VFHxFLylH%2BlbFeiZIxqxWDwrycQivSEeLmQrZQMl1fMNXHVAReThKJtoDoXSkZL2vkF62cTs%2B%2BS4Q%3D%3D&amount=16.00&email=admin@example.com&currency=USD&domain=pay.card2crypto.org&provider=moonpay\"}', NULL, 'pending', '01KDD1CS0YRYP7ZAR440EHYG4W', '2025-12-26 14:56:17', '2025-12-26 14:56:17', NULL, NULL, NULL, 1, NULL, NULL, NULL, NULL, NULL),
(331, 157, 'test', 'moneydream676@gmail.com', '1 Month Account', 16.00, NULL, '{\"provider\":\"card2crypto\",\"wallet\":\"0x2f29BD2edCBb269514b43f1BaEd92DBF23167fB5\",\"address_in\":\"R932P4udRE4IZTGekzuo9t0C6CX38TZbn8gp1UzsFQ85dKfwPbiTJDoFtYdkUNkwMLFolBkJibYPgOLU7wb9IA%3D%3D\",\"payment_url\":\"https:\\/\\/pay.card2crypto.org\\/process-payment.php?address=R932P4udRE4IZTGekzuo9t0C6CX38TZbn8gp1UzsFQ85dKfwPbiTJDoFtYdkUNkwMLFolBkJibYPgOLU7wb9IA%3D%3D&amount=16.00&email=moneydream676@gmail.com&currency=USD&domain=pay.card2crypto.org&provider=moonpay\"}', NULL, 'pending', '01KDD2D38XTR11GBMX9X3DHCG5', '2025-12-26 15:13:56', '2025-12-26 15:13:56', NULL, NULL, NULL, 1, NULL, NULL, NULL, NULL, NULL),
(332, 157, 'test', 'moneydream676@gmail.com', '3 Month Account', 22.40, NULL, '{\"provider\":\"card2crypto\",\"wallet\":\"0x2f29BD2edCBb269514b43f1BaEd92DBF23167fB5\",\"address_in\":\"RCkU9Flc9qM%2Fszrvm9v8gU4itdDXg8ZIf8iflCfHDxyHfMtWmm5WDsPAn79QIWMmmkKAAYWpa4PM6oQXxbbg5A%3D%3D\",\"payment_url\":\"https:\\/\\/pay.card2crypto.org\\/process-payment.php?address=RCkU9Flc9qM%2Fszrvm9v8gU4itdDXg8ZIf8iflCfHDxyHfMtWmm5WDsPAn79QIWMmmkKAAYWpa4PM6oQXxbbg5A%3D%3D&amount=22.40&email=moneydream676@gmail.com&currency=USD&domain=pay.card2crypto.org&provider=moonpay\"}', NULL, 'pending', '01KDD7Z8J9GR7Q8BXV5GYD8MFQ', '2025-12-26 16:51:14', '2025-12-26 16:51:14', NULL, NULL, NULL, 2, 'shamel-2026', NULL, NULL, NULL, NULL),
(333, 148, 'amin', 'fazelimohammadamin@gmail.com', '1 Month Account', 16.00, NULL, '{\"provider\":\"card2crypto\",\"wallet\":\"0x2f29BD2edCBb269514b43f1BaEd92DBF23167fB5\",\"address_in\":\"gMjtFThtaeyzeQtVaNJN5KDZnjqa15aoNgNmpDUjRWyFwN%2Bv5Abls00HjgmsEOUDgONfqAt0JbOx5R5eZUbvCQ%3D%3D\",\"payment_url\":\"https:\\/\\/pay.card2crypto.org\\/process-payment.php?address=gMjtFThtaeyzeQtVaNJN5KDZnjqa15aoNgNmpDUjRWyFwN%2Bv5Abls00HjgmsEOUDgONfqAt0JbOx5R5eZUbvCQ%3D%3D&amount=16.00&email=fazelimohammadamin@gmail.com&currency=USD&domain=pay.card2crypto.org&provider=moonpay\"}', NULL, 'pending', '01KDDSBERHPJYBW7QVHD2EKNR9', '2025-12-26 21:55:00', '2025-12-26 21:55:00', NULL, NULL, NULL, 1, NULL, NULL, NULL, NULL, NULL),
(334, 157, 'test', 'moneydream676@gmail.com', '1 Month Account', 11.20, NULL, '{\"provider\":\"card2crypto\",\"wallet\":\"0x2f29BD2edCBb269514b43f1BaEd92DBF23167fB5\",\"address_in\":\"nXXLayoG6N2%2FWZDLg%2BxRGVwSANwvlSTggliXEvozKp00XJEH3Ocyke%2Brx86rOmg9o26LFZ20Oc3dWjwd1L4WSQ%3D%3D\",\"payment_url\":\"https:\\/\\/pay.card2crypto.org\\/process-payment.php?address=nXXLayoG6N2%2FWZDLg%2BxRGVwSANwvlSTggliXEvozKp00XJEH3Ocyke%2Brx86rOmg9o26LFZ20Oc3dWjwd1L4WSQ%3D%3D&amount=11.20&email=moneydream676@gmail.com&currency=USD&domain=pay.card2crypto.org&provider=moonpay\"}', NULL, 'pending', '01KDDSY6BJEVBHRTEYDT62DT0H', '2025-12-26 22:05:14', '2025-12-26 22:05:14', NULL, NULL, NULL, 1, 'shamel-2026', NULL, NULL, NULL, NULL),
(335, 157, 'test', 'moneydream676@gmail.com', '1 Month Account', 16.00, NULL, '{\"provider\":\"card2crypto\",\"wallet\":\"0x2f29BD2edCBb269514b43f1BaEd92DBF23167fB5\",\"address_in\":\"gQ7%2B%2FWfF1aIfpux0SybWIczaVnvERSSFFKuFbqpK%2BJQN0d7rLbc0K53B%2Fj3XWpPdJpPkPSghOL577b4rssHLTQ%3D%3D\",\"payment_url\":\"https:\\/\\/pay.card2crypto.org\\/process-payment.php?address=gQ7%2B%2FWfF1aIfpux0SybWIczaVnvERSSFFKuFbqpK%2BJQN0d7rLbc0K53B%2Fj3XWpPdJpPkPSghOL577b4rssHLTQ%3D%3D&amount=16.00&email=moneydream676@gmail.com&currency=USD&domain=pay.card2crypto.org&provider=moonpay\"}', NULL, 'pending', '01KDDXGYRCKP126H81ZJDMP8QV', '2025-12-26 23:07:55', '2025-12-26 23:07:55', NULL, NULL, NULL, 1, NULL, NULL, NULL, NULL, NULL),
(336, 1, 'Admin', 'admin@example.com', '1 Month Account', 16.00, NULL, '{\"provider\":\"card2crypto\",\"wallet\":\"0x2f29BD2edCBb269514b43f1BaEd92DBF23167fB5\",\"address_in\":\"IQB3cWsPPwV2pTRGTYV1DsoqqnCKdf2AQ9O38Q0C1CQrExIu118BdbpJKOoIw3fEhX6dG0j0SA65HSUcBnsMsg%3D%3D\",\"payment_url\":\"https:\\/\\/pay.card2crypto.org\\/process-payment.php?address=IQB3cWsPPwV2pTRGTYV1DsoqqnCKdf2AQ9O38Q0C1CQrExIu118BdbpJKOoIw3fEhX6dG0j0SA65HSUcBnsMsg%3D%3D&amount=16.00&email=admin@example.com&currency=USD&domain=pay.card2crypto.org&provider=moonpay\"}', NULL, 'pending', '01KDDXQ3VBAF7G1S2KQ5D3JVQS', '2025-12-26 23:11:16', '2025-12-26 23:11:16', NULL, NULL, NULL, 1, 'disc', NULL, NULL, NULL, NULL),
(337, 170, 'stream', 'farid.music73@yahoo.com', '1 Month Account', 16.00, NULL, '{\"provider\":\"card2crypto\",\"wallet\":\"0x2f29BD2edCBb269514b43f1BaEd92DBF23167fB5\",\"address_in\":\"fnDxS%2FNcTrRONbiupiTOUYbwNnvpYHwEZTArmJvPuiKJOaiLJSGYAE4%2FHLmI141az2EymJAXl8EtQ7jND%2B5r2A%3D%3D\",\"payment_url\":\"https:\\/\\/pay.card2crypto.org\\/process-payment.php?address=fnDxS%2FNcTrRONbiupiTOUYbwNnvpYHwEZTArmJvPuiKJOaiLJSGYAE4%2FHLmI141az2EymJAXl8EtQ7jND%2B5r2A%3D%3D&amount=16.00&email=farid.music73@yahoo.com&currency=USD&domain=pay.card2crypto.org&provider=moonpay\"}', NULL, 'pending', '01KDDY0668T7BPHMXGZDV353A6', '2025-12-26 23:16:14', '2025-12-26 23:16:14', NULL, NULL, NULL, 1, 'disc', NULL, NULL, NULL, NULL),
(338, 170, 'stream', 'farid.music73@yahoo.com', '1 Month Account', 16.00, NULL, '{\"provider\":\"card2crypto\",\"wallet\":\"0x2f29BD2edCBb269514b43f1BaEd92DBF23167fB5\",\"address_in\":\"MZubaBeJZzovfh69qWz6HRAN6iT38BLOV5KXwq76j%2FhxRr5gmUoyO3%2FQVsuKlGrB678AaWur8j301StTcgQjbQ%3D%3D\",\"payment_url\":\"https:\\/\\/pay.card2crypto.org\\/process-payment.php?address=MZubaBeJZzovfh69qWz6HRAN6iT38BLOV5KXwq76j%2FhxRr5gmUoyO3%2FQVsuKlGrB678AaWur8j301StTcgQjbQ%3D%3D&amount=16.00&email=farid.music73@yahoo.com&currency=USD&domain=pay.card2crypto.org&provider=moonpay\"}', NULL, 'pending', '01KDDY6VR3Z1QQK5PGM6S9PDK8', '2025-12-26 23:19:52', '2025-12-26 23:19:52', NULL, NULL, NULL, 1, 'disc', NULL, NULL, NULL, NULL),
(339, 1, 'Admin', 'admin@example.com', '1 Month Account', 16.00, NULL, '{\"provider\":\"card2crypto\",\"wallet\":\"0x2f29BD2edCBb269514b43f1BaEd92DBF23167fB5\",\"address_in\":\"xD3zB992DRKaZGSkz0fWHywGip9a0aHmJr0eIh%2Bx8tsQgVUdevBA3%2F1PBGkgQEps8zYCywljwbXTnTn8%2FRICiw%3D%3D\",\"payment_url\":\"https:\\/\\/pay.card2crypto.org\\/process-payment.php?address=xD3zB992DRKaZGSkz0fWHywGip9a0aHmJr0eIh%2Bx8tsQgVUdevBA3%2F1PBGkgQEps8zYCywljwbXTnTn8%2FRICiw%3D%3D&amount=16.00&email=admin@example.com&currency=USD&domain=pay.card2crypto.org&provider=banxa\"}', NULL, 'pending', '01KDDYN8X8Z849PNNRK3TREMA2', '2025-12-26 23:27:44', '2025-12-26 23:27:44', NULL, NULL, NULL, 1, 'disc', NULL, NULL, NULL, NULL),
(340, 170, 'stream', 'farid.music73@yahoo.com', '1 Month Account', 16.00, NULL, '{\"provider\":\"card2crypto\",\"wallet\":\"0x2f29BD2edCBb269514b43f1BaEd92DBF23167fB5\",\"address_in\":\"%2F3fx281%2BTRuvOfMZnsAjZrsjTKxY0eAsSXXs0ct5MiDn1Kq5w%2BN1nm6nHy2n29H%2B8f2fcbSyuTTLW9Jt%2Bt6hmA%3D%3D\",\"payment_url\":\"https:\\/\\/pay.card2crypto.org\\/process-payment.php?address=%2F3fx281%2BTRuvOfMZnsAjZrsjTKxY0eAsSXXs0ct5MiDn1Kq5w%2BN1nm6nHy2n29H%2B8f2fcbSyuTTLW9Jt%2Bt6hmA%3D%3D&amount=16.00&email=farid.music73@yahoo.com&currency=USD&domain=pay.card2crypto.org&provider=banxa\"}', NULL, 'pending', '01KDDYTXV9GGDGK4VEZZYC19WM', '2025-12-26 23:30:50', '2025-12-26 23:30:50', NULL, NULL, NULL, 1, 'disc', NULL, NULL, NULL, NULL),
(341, 1, 'Admin', 'admin@example.com', '1 Month Account', 16.00, NULL, '{\"provider\":\"card2crypto\",\"wallet\":\"0x2f29BD2edCBb269514b43f1BaEd92DBF23167fB5\",\"address_in\":\"%2BTGqi3N6LzwoLWdh8ZEEXoaH032wf5avvgiBb1WpB2B%2Fb7iDOAIOApV%2BZTNHnfdLnTULJZrGBuhTD9hFOTyEXw%3D%3D\",\"payment_url\":\"https:\\/\\/pay.card2crypto.org\\/process-payment.php?address=%2BTGqi3N6LzwoLWdh8ZEEXoaH032wf5avvgiBb1WpB2B%2Fb7iDOAIOApV%2BZTNHnfdLnTULJZrGBuhTD9hFOTyEXw%3D%3D&amount=16.00&email=admin@example.com&currency=USD&domain=pay.card2crypto.org&provider=banxa\"}', NULL, 'pending', '01KDDYXPYDTTT6DR7CDFDR712G', '2025-12-26 23:32:21', '2025-12-26 23:32:21', NULL, NULL, NULL, 1, 'disc', NULL, NULL, NULL, NULL),
(342, 1, 'Admin', 'admin@example.com', '1 Month Account', 16.00, NULL, '{\"provider\":\"card2crypto\",\"wallet\":\"0x2f29BD2edCBb269514b43f1BaEd92DBF23167fB5\",\"address_in\":\"jrLak1LtLhjJmEe0wS5A25Q91QB3Q8dxVNGePf%2FgQ%2FOUp8e9kF16jJ%2F%2BV8EifakJ1g4RVMJHFL0kybWhQwT2rQ%3D%3D\",\"payment_url\":\"https:\\/\\/pay.card2crypto.org\\/process-payment.php?address=jrLak1LtLhjJmEe0wS5A25Q91QB3Q8dxVNGePf%2FgQ%2FOUp8e9kF16jJ%2F%2BV8EifakJ1g4RVMJHFL0kybWhQwT2rQ%3D%3D&amount=16.00&email=admin@example.com&currency=USD&domain=pay.card2crypto.org&provider=transak\"}', NULL, 'pending', '01KDDZ07W6W2D8T9MS4RWDD9BT', '2025-12-26 23:33:44', '2025-12-26 23:33:44', NULL, NULL, NULL, 1, 'disc', NULL, NULL, NULL, NULL),
(343, 170, 'stream', 'farid.music73@yahoo.com', '1 Month Account', 16.00, NULL, '{\"provider\":\"card2crypto\",\"wallet\":\"0x2f29BD2edCBb269514b43f1BaEd92DBF23167fB5\",\"address_in\":\"G93GimhUkgkFeKnyEf7%2FD%2BQboToOZj9iYXOaJrUYi7cqGvRsrCKj0QhQcfEQMtrUfV43BCoDW9wsQiuSo0nngA%3D%3D\",\"payment_url\":\"https:\\/\\/pay.card2crypto.org\\/process-payment.php?address=G93GimhUkgkFeKnyEf7%2FD%2BQboToOZj9iYXOaJrUYi7cqGvRsrCKj0QhQcfEQMtrUfV43BCoDW9wsQiuSo0nngA%3D%3D&amount=16.00&email=farid.music73@yahoo.com&currency=USD&domain=pay.card2crypto.org&provider=transak\"}', NULL, 'pending', '01KDDZ2C9QF1QK0FDM419JWPVN', '2025-12-26 23:34:54', '2025-12-26 23:34:54', NULL, NULL, NULL, 1, 'disc', NULL, NULL, NULL, NULL),
(344, 170, 'stream', 'farid.music73@yahoo.com', '1 Month Account', 16.00, NULL, '{\"provider\":\"card2crypto\",\"wallet\":\"0x2f29BD2edCBb269514b43f1BaEd92DBF23167fB5\",\"address_in\":\"tpqgrnptTzWnVAfZdAUPKsz9CWndbGpuC5dVh7hmDt%2BxGSasj1%2B1sjvDSuhb3Ex1dF7RD%2F%2FHFz8uQXyq449MtA%3D%3D\",\"payment_url\":\"https:\\/\\/pay.card2crypto.org\\/process-payment.php?address=tpqgrnptTzWnVAfZdAUPKsz9CWndbGpuC5dVh7hmDt%2BxGSasj1%2B1sjvDSuhb3Ex1dF7RD%2F%2FHFz8uQXyq449MtA%3D%3D&amount=16.00&email=farid.music73@yahoo.com&currency=USD&domain=pay.card2crypto.org&provider=transak\"}', NULL, 'pending', '01KDDZ6R52YBB61H05J2X5XT13', '2025-12-26 23:37:17', '2025-12-26 23:37:17', NULL, NULL, NULL, 1, 'disc', NULL, NULL, NULL, NULL),
(345, 1, 'Admin', 'admin@example.com', '1 Month Account', 16.00, NULL, '{\"provider\":\"card2crypto\",\"wallet\":\"0x2f29BD2edCBb269514b43f1BaEd92DBF23167fB5\",\"address_in\":\"zP5sJT%2FTQ8kvIfzUpXcIiNZJZFP2EG%2B2gblj1XQmJaUQ6O4TfZnwNCO75jtTuLs5uErBC%2Bth4vw2bl51moPD4w%3D%3D\",\"payment_url\":\"https:\\/\\/pay.card2crypto.org\\/pay.php?address=zP5sJT%2FTQ8kvIfzUpXcIiNZJZFP2EG%2B2gblj1XQmJaUQ6O4TfZnwNCO75jtTuLs5uErBC%2Bth4vw2bl51moPD4w%3D%3D&amount=16.00&email=admin@example.com&currency=USD&domain=pay.card2crypto.org\"}', NULL, 'pending', '01KDE03KHT464PJWEP24S3VB4H', '2025-12-26 23:53:03', '2025-12-26 23:53:03', NULL, NULL, NULL, 1, 'disc', NULL, NULL, NULL, NULL);
INSERT INTO `orders` (`id`, `user_id`, `name`, `email`, `service`, `amount`, `description`, `payment_instructions`, `response`, `status`, `tracking_code`, `created_at`, `updated_at`, `expire_at`, `send_at`, `gateway_id`, `product_id`, `discount_code`, `delivery_username`, `delivery_password`, `delivery_server`, `delivery_notes`) VALUES
(346, 171, 'hsakou', 'hsakouamine@gmail.com', '1 Month Account', 16.00, NULL, '{\"provider\":\"card2crypto\",\"wallet\":\"0x2f29BD2edCBb269514b43f1BaEd92DBF23167fB5\",\"address_in\":\"gx7LuPhZHfyYW9b7WL2DhUANWMs9FvY3N5q%2BiZd6KJpHcIMvCAQb1UuA%2FEM8wBSfNkBPYcY0VnUKcf9PhiVgJg%3D%3D\",\"payment_url\":\"https:\\/\\/pay.card2crypto.org\\/pay.php?address=gx7LuPhZHfyYW9b7WL2DhUANWMs9FvY3N5q%2BiZd6KJpHcIMvCAQb1UuA%2FEM8wBSfNkBPYcY0VnUKcf9PhiVgJg%3D%3D&amount=16.00&email=hsakouamine@gmail.com&currency=USD&domain=pay.card2crypto.org\"}', NULL, 'pending', '01KDE0WXXKKQZECG1D22WXWP88', '2025-12-27 00:06:52', '2025-12-27 00:06:52', NULL, NULL, NULL, 1, 'disc', NULL, NULL, NULL, NULL),
(347, 171, 'hsakou', 'hsakouamine@gmail.com', '1 Month Account', 16.00, NULL, '{\"provider\":\"card2crypto\",\"wallet\":\"0x2f29BD2edCBb269514b43f1BaEd92DBF23167fB5\",\"address_in\":\"WcdvrbTl7nEIvbL1yz9szUoTP6NuyflbmOb1jcvKPOIDc5jpHjO5%2BUHx7oey4%2FzZMQL6XNVTIjJ8r%2Fq%2FyR5vDA%3D%3D\",\"payment_url\":\"https:\\/\\/pay.card2crypto.org\\/pay.php?address=WcdvrbTl7nEIvbL1yz9szUoTP6NuyflbmOb1jcvKPOIDc5jpHjO5%2BUHx7oey4%2FzZMQL6XNVTIjJ8r%2Fq%2FyR5vDA%3D%3D&amount=16.00&email=hsakouamine@gmail.com&currency=USD&domain=pay.card2crypto.org\"}', NULL, 'pending', '01KDE0ZXH24PZGQ2Y4XMMYMTM1', '2025-12-27 00:08:30', '2025-12-27 00:08:30', NULL, NULL, NULL, 1, 'disc', NULL, NULL, NULL, NULL),
(348, 171, 'hsakou', 'hsakouamine@gmail.com', '1 Month Account', 16.00, NULL, '{\"provider\":\"card2crypto\",\"wallet\":\"0x2f29BD2edCBb269514b43f1BaEd92DBF23167fB5\",\"address_in\":\"ZuJUzhtBmRDqFYJwDUvpoPwo%2B7UYWu9aJX2zIY7AzDrkTuQvDeNubTpYXjVYpNjM8Hqb5WXBWPa8xwN7aGs3Jg%3D%3D\",\"payment_url\":\"https:\\/\\/pay.card2crypto.org\\/pay.php?address=ZuJUzhtBmRDqFYJwDUvpoPwo%2B7UYWu9aJX2zIY7AzDrkTuQvDeNubTpYXjVYpNjM8Hqb5WXBWPa8xwN7aGs3Jg%3D%3D&amount=16.00&email=hsakouamine@gmail.com&currency=USD&domain=pay.card2crypto.org\"}', NULL, 'pending', '01KDE121DN9VCF832W2M0X11KA', '2025-12-27 00:09:40', '2025-12-27 00:09:40', NULL, NULL, NULL, 1, 'disc', NULL, NULL, NULL, NULL),
(349, 171, 'hsakou', 'hsakouamine@gmail.com', '1 Month Account', 16.00, NULL, '{\"provider\":\"paypal\",\"amount\":\"16.00\",\"email\":\"franklindjmgresty928@protonmail.com\",\"url\":null,\"email_body\":\"Hi hsakou, pay $16.00 for 1 Month Account. Tracking: 01KDE1573HVHA8J406516B7623.\"}', NULL, 'pending', '01KDE1573HVHA8J406516B7623', '2025-12-27 00:11:22', '2025-12-27 00:11:22', NULL, NULL, 22, 1, 'disc', NULL, NULL, NULL, NULL),
(350, 170, 'stream', 'farid.music73@yahoo.com', '1 Month Account', 16.00, NULL, '{\"provider\":\"card2crypto\",\"wallet\":\"0x2f29BD2edCBb269514b43f1BaEd92DBF23167fB5\",\"address_in\":\"pv9DCV9vGff86dzP%2Fs9DFOS8sMYHsRZ%2FY73RDJVWBFqVfn6HMjV3k8Ycbmx8KKkcjKf9qC5zdvdJfLP5f3VY9Q%3D%3D\",\"payment_url\":\"https:\\/\\/pay.card2crypto.org\\/pay.php?address=pv9DCV9vGff86dzP%2Fs9DFOS8sMYHsRZ%2FY73RDJVWBFqVfn6HMjV3k8Ycbmx8KKkcjKf9qC5zdvdJfLP5f3VY9Q%3D%3D&amount=16.00&email=farid.music73@yahoo.com&currency=USD&domain=pay.card2crypto.org\"}', NULL, 'pending', '01KDE3WFCNRYN5KFBTNXHJD73P', '2025-12-27 00:59:03', '2025-12-27 00:59:03', NULL, NULL, NULL, 1, NULL, NULL, NULL, NULL, NULL),
(351, 172, 'farid shad', 'mr.fathi1994@gmail.com', '1 Month Account', 16.00, NULL, '{\"provider\":\"paypal\",\"amount\":16,\"email\":\"balrajsingh@chapar.us\",\"url\":null,\"email_body\":\"Hi farid shad, pay $16 for 1 Month Account. Tracking: 01KDFJHSG8ZV72GV0VV61NG9EZ.\"}', NULL, 'pending', '01KDFJHSG8ZV72GV0VV61NG9EZ', '2025-12-27 14:34:34', '2025-12-27 14:34:34', NULL, NULL, 16, 1, NULL, NULL, NULL, NULL, NULL),
(352, 173, 'Elsir ali', 'elsircall@gmail.com', '12 Month Account', 60.00, NULL, '{\"provider\":\"nowpay\",\"invoice_id\":\"5852576139\",\"invoice_url\":\"https:\\/\\/nowpayments.io\\/payment\\/?iid=5852576139\",\"status\":null}', NULL, 'pending', '01KDKTJHWQSZMB3G4NM2CVGHJK', '2025-12-29 06:11:45', '2025-12-29 06:11:46', NULL, NULL, NULL, 4, NULL, NULL, NULL, NULL, NULL),
(353, 173, 'Elsir ali', 'elsircall@gmail.com', '12 Month Account', 60.00, NULL, '{\"provider\":\"card2crypto\",\"wallet\":\"0x2f29BD2edCBb269514b43f1BaEd92DBF23167fB5\",\"address_in\":\"Qc1V72kYFSEusJO69P8XG8PCGEoTYEl5Je5Kl6wxPBRJB1en83hnmtBLkwjVB%2FT66NinJLilTodJd3WjsiQAzA%3D%3D\",\"payment_url\":\"https:\\/\\/pay.card2crypto.org\\/pay.php?address=Qc1V72kYFSEusJO69P8XG8PCGEoTYEl5Je5Kl6wxPBRJB1en83hnmtBLkwjVB%2FT66NinJLilTodJd3WjsiQAzA%3D%3D&amount=60.00&email=elsircall@gmail.com&currency=USD&domain=pay.card2crypto.org\"}', NULL, 'pending', '01KDKTN2K7V4M89GAKQRY1AQYD', '2025-12-29 06:13:10', '2025-12-29 06:13:10', NULL, NULL, NULL, 4, NULL, NULL, NULL, NULL, NULL),
(354, 1, 'Admin', 'admin@example.com', '1 Month Account', 11.00, NULL, '{\"provider\":\"paypal\",\"amount\":11,\"email\":\"saruarjahan@xoomail.us\",\"url\":\"http:\\/\\/paypal.hostsky.shop\"}', NULL, 'pending', '01KDNKJNA4S7WCNBE487QDBQW8', '2025-12-29 22:47:58', '2025-12-29 22:47:58', NULL, NULL, 23, 1, NULL, NULL, NULL, NULL, NULL),
(355, 1, 'Admin', 'admin@example.com', '1 Month Account', 11.00, NULL, '{\"provider\":\"paypal\",\"amount\":11,\"email\":\"bui_hanh@xoomail.us\",\"url\":\"http:\\/\\/paypal.hostsky.shop\"}', NULL, 'pending', '01KDNM21ZXQ09WPD26C11YSY3J', '2025-12-29 22:56:22', '2025-12-29 22:56:22', NULL, NULL, 19, 1, NULL, NULL, NULL, NULL, NULL),
(356, 157, 'test', 'moneydream676@gmail.com', '1 Month Account', 11.00, NULL, '{\"provider\":\"paypal\",\"amount\":11,\"email\":\"franklindjmgresty928@protonmail.com\",\"url\":\"http:\\/\\/paypal.hostsky.shop\"}', NULL, 'pending', '01KDNNTZWBSHZJDFTPF1QKV0Q6', '2025-12-29 23:27:28', '2025-12-29 23:27:28', NULL, NULL, 22, 1, NULL, NULL, NULL, NULL, NULL),
(357, 174, 'omrhsq', 'msdmsdmnm@gmail.com', '1 Month Account', 11.00, NULL, '{\"provider\":\"paypal\",\"amount\":11,\"email\":\"saruarjahan@xoomail.us\",\"url\":\"http:\\/\\/paypal.hostsky.shop\"}', NULL, 'pending', '01KDNP1G4D5XV8AJE9RVH1P682', '2025-12-29 23:31:01', '2025-12-29 23:31:01', NULL, NULL, 23, 1, NULL, NULL, NULL, NULL, NULL),
(358, 157, 'test', 'moneydream676@gmail.com', '1 Month Account', 11.00, NULL, '{\"provider\":\"paypal\",\"amount\":11,\"email\":\"bui_hanh@xoomail.us\",\"url\":\"http:\\/\\/paypal.hostsky.shop\"}', NULL, 'pending', '01KDNQP3DN5J389JGJBWVN3PA4', '2025-12-29 23:59:45', '2025-12-29 23:59:45', NULL, NULL, 19, 1, NULL, NULL, NULL, NULL, NULL),
(359, 175, 'ozgal', 'dfgdfdf@gmail.com', '1 Month Account', 11.00, NULL, '{\"provider\":\"paypal\",\"amount\":11,\"email\":\"balrajsingh@chapar.us\",\"url\":\"http:\\/\\/paypal.hostsky.shop\"}', NULL, 'pending', '01KDNRBH62N87B6HHYARKH1PN7', '2025-12-30 00:11:27', '2025-12-30 00:11:27', NULL, NULL, 16, 1, NULL, NULL, NULL, NULL, NULL),
(360, 175, 'ozgal', 'dfgdfdf@gmail.com', 'test', 4.00, NULL, '{\"provider\":\"paypal\",\"amount\":4,\"email\":\"franklindjmgresty928@protonmail.com\",\"url\":\"http:\\/\\/paypal.hostsky.shop\"}', NULL, 'pending', '01KDNRFQS0WVYW1MG9YR08154Z', '2025-12-30 00:13:45', '2025-12-30 00:13:45', NULL, NULL, 22, NULL, NULL, NULL, NULL, NULL, NULL),
(361, 176, 'Denis', 'dlorimpo7@gmail.co', '12 Month Account', 60.00, NULL, '{\"provider\":\"card2crypto\",\"wallet\":\"0x2f29BD2edCBb269514b43f1BaEd92DBF23167fB5\",\"address_in\":\"2yLdFqwDQSKx4Y%2F6heOrfyA6VgycW5lbFHA7SBt%2Bmo24vS8P7crSm80VarA0gvhP84UzzWbT82mumzKOdsqWqw%3D%3D\",\"payment_url\":\"https:\\/\\/pay.card2crypto.org\\/pay.php?address=2yLdFqwDQSKx4Y%2F6heOrfyA6VgycW5lbFHA7SBt%2Bmo24vS8P7crSm80VarA0gvhP84UzzWbT82mumzKOdsqWqw%3D%3D&amount=60.00&email=dlorimpo7@gmail.co&currency=USD&domain=pay.card2crypto.org\"}', NULL, 'pending', '01KDRJV6SK1CNDCNX99QYHMFHZ', '2025-12-31 02:32:55', '2025-12-31 02:32:55', NULL, NULL, NULL, 4, NULL, NULL, NULL, NULL, NULL),
(362, 177, 'Cheickna Sacko ', 'cheicknasacko66@gmail.com', '12 Month Account', 60.00, NULL, '{\"provider\":\"nowpay\",\"invoice_id\":\"5540815621\",\"invoice_url\":\"https:\\/\\/nowpayments.io\\/payment\\/?iid=5540815621\",\"status\":null}', '{\"actually_paid\":0,\"actually_paid_at_fiat\":0,\"fee\":{\"currency\":\"btc\",\"depositFee\":0,\"serviceFee\":0,\"withdrawalFee\":0},\"invoice_id\":5540815621,\"order_description\":\"12 Month Account\",\"order_id\":\"362\",\"outcome_amount\":0.0006722,\"outcome_currency\":\"btc\",\"parent_payment_id\":null,\"pay_address\":\"37CAF9oWGFz3MGcB4MsiJ1MRuRvisfovDB\",\"pay_amount\":0.00068197,\"pay_currency\":\"btc\",\"payin_extra_id\":null,\"payment_extra_ids\":null,\"payment_id\":5251764986,\"payment_status\":\"waiting\",\"price_amount\":60,\"price_currency\":\"usd\",\"purchase_id\":\"5947248591\",\"updated_at\":1767236368181}', 'waiting', '01KDVQR3RTWH4HQA7YZNY70KH9', '2026-01-01 07:56:17', '2026-01-01 07:58:40', NULL, NULL, NULL, 4, NULL, NULL, NULL, NULL, NULL),
(363, 177, 'Cheickna Sacko ', 'cheicknasacko66@gmail.com', '12 Month Account', 60.00, NULL, '{\"provider\":\"card2crypto\",\"wallet\":\"0x2f29BD2edCBb269514b43f1BaEd92DBF23167fB5\",\"address_in\":\"vF7HYVzPBNQKRYjW9Kv3TnvQaWWg6vOv9Kd8voBsYo0yDvE86RttE4Gj4xIte6jfu8XA5qi5OMKTnSKrxKvHJA%3D%3D\",\"payment_url\":\"https:\\/\\/pay.card2crypto.org\\/pay.php?address=vF7HYVzPBNQKRYjW9Kv3TnvQaWWg6vOv9Kd8voBsYo0yDvE86RttE4Gj4xIte6jfu8XA5qi5OMKTnSKrxKvHJA%3D%3D&amount=60.00&email=cheicknasacko66@gmail.com&currency=USD&domain=pay.card2crypto.org\"}', NULL, 'pending', '01KDVQXGNH3YG375FMX22R8R71', '2026-01-01 07:59:16', '2026-01-01 07:59:16', NULL, NULL, NULL, 4, NULL, NULL, NULL, NULL, NULL);

-- --------------------------------------------------------

--
-- Table structure for table `password_reset_tokens`
--

CREATE TABLE `password_reset_tokens` (
  `email` varchar(255) NOT NULL,
  `token` varchar(255) NOT NULL,
  `created_at` timestamp NULL DEFAULT NULL
) ENGINE=InnoDB DEFAULT CHARSET=utf8mb4 COLLATE=utf8mb4_unicode_ci;

-- --------------------------------------------------------

--
-- Table structure for table `paypal_payment_submissions`
--

CREATE TABLE `paypal_payment_submissions` (
  `id` bigint(20) UNSIGNED NOT NULL,
  `user_id` bigint(20) UNSIGNED NOT NULL,
  `order_id` bigint(20) UNSIGNED NOT NULL,
  `transaction_id` varchar(255) DEFAULT NULL,
  `paypal_email` varchar(255) DEFAULT NULL,
  `screenshot_path` varchar(255) DEFAULT NULL,
  `status` varchar(255) NOT NULL DEFAULT 'pending',
  `created_at` timestamp NULL DEFAULT NULL,
  `updated_at` timestamp NULL DEFAULT NULL
) ENGINE=InnoDB DEFAULT CHARSET=utf8mb4 COLLATE=utf8mb4_unicode_ci;

--
-- Dumping data for table `paypal_payment_submissions`
--

INSERT INTO `paypal_payment_submissions` (`id`, `user_id`, `order_id`, `transaction_id`, `paypal_email`, `screenshot_path`, `status`, `created_at`, `updated_at`) VALUES
(1, 46, 174, '982938193898', '9829812982@gmail.com', NULL, 'approved', '2025-11-24 05:38:36', '2025-11-27 00:33:19'),
(2, 46, 175, '12090910208', 'sasasas@gmail.com', NULL, 'pending', '2025-11-24 05:49:53', '2025-11-24 05:49:53'),
(3, 46, 176, '19288918298', '91829892182@gmail.com', NULL, 'pending', '2025-11-24 05:52:37', '2025-11-24 05:52:37'),
(4, 82, 230, '918298991829', 'ikljaskajk@gmail.com', NULL, 'approved', '2025-12-03 17:55:36', '2025-12-03 17:59:34'),
(5, 82, 230, 'oisaojkahdjhjhjhj', 'mksanjshajshj2hj@gmail.com', 'paypal_screenshots/N1ufmlQ11siMvIXG69INYWNmZGH3rzsOvNbtsG0w.png', 'pending', '2025-12-03 18:04:40', '2025-12-03 18:04:40'),
(6, 82, 243, '9192829189', 'miasisuiasui@gmail.com', NULL, 'pending', '2025-12-03 19:43:33', '2025-12-03 19:43:33'),
(7, 82, 243, '9182917873873', 'iriauiusiaui@gmail.com', NULL, 'pending', '2025-12-03 19:47:32', '2025-12-03 19:47:32'),
(8, 148, 248, '76876676', 'hgvcjsh@gmail.com', NULL, 'pending', '2025-12-03 22:40:49', '2025-12-03 22:40:49'),
(9, 82, 243, '981928981297', 'isiasi@gmail.com', NULL, 'pending', '2025-12-03 22:48:49', '2025-12-03 22:48:49'),
(10, 82, 242, '82783781738', 'iinjasn@gmail.com', NULL, 'pending', '2025-12-03 22:50:37', '2025-12-03 22:50:37'),
(11, 151, 261, '6654644984564', 'nomadiptv787@gmail.com', NULL, 'pending', '2025-12-06 00:59:06', '2025-12-06 00:59:06'),
(12, 157, 274, '0L707811A2913583W', 'sudhir_thapa@rynok.xyz', NULL, 'pending', '2025-12-15 16:23:15', '2025-12-15 16:23:15');

-- --------------------------------------------------------

--
-- Table structure for table `products`
--

CREATE TABLE `products` (
  `id` bigint(20) UNSIGNED NOT NULL,
  `name` varchar(255) NOT NULL,
  `sku` varchar(255) DEFAULT NULL,
  `price` decimal(10,2) NOT NULL,
  `is_active` tinyint(1) NOT NULL DEFAULT 1,
  `description` text DEFAULT NULL,
  `created_at` timestamp NULL DEFAULT NULL,
  `updated_at` timestamp NULL DEFAULT NULL
) ENGINE=InnoDB DEFAULT CHARSET=utf8mb4 COLLATE=utf8mb4_unicode_ci;

--
-- Dumping data for table `products`
--

INSERT INTO `products` (`id`, `name`, `sku`, `price`, `is_active`, `description`, `created_at`, `updated_at`) VALUES
(1, '1 Month Account', '1 Month', 11.00, 1, 'Entry plan', NULL, '2025-12-28 13:53:33'),
(2, '3 Month Account', '3 Month', 29.00, 1, 'Pro plan', NULL, '2025-12-28 13:54:24'),
(3, '6 Month Account', '6 Month ', 49.00, 1, 'All features', NULL, '2025-12-28 13:54:38'),
(4, '12 Month Account', '1 Year', 60.00, 1, '1year account ', '2025-12-01 16:09:25', '2025-12-28 13:54:56');

-- --------------------------------------------------------

--
-- Table structure for table `requests`
--

CREATE TABLE `requests` (
  `id` bigint(20) UNSIGNED NOT NULL,
  `user_id` bigint(20) UNSIGNED DEFAULT NULL,
  `name` varchar(255) NOT NULL,
  `email` varchar(255) NOT NULL,
  `service` varchar(255) NOT NULL,
  `amount` decimal(10,2) DEFAULT NULL,
  `description` text DEFAULT NULL,
  `status` enum('pending','approved','rejected','completed') NOT NULL DEFAULT 'pending',
  `tracking_code` varchar(255) NOT NULL,
  `created_at` timestamp NULL DEFAULT NULL,
  `updated_at` timestamp NULL DEFAULT NULL
) ENGINE=InnoDB DEFAULT CHARSET=utf8mb4 COLLATE=utf8mb4_unicode_ci;

-- --------------------------------------------------------

--
-- Table structure for table `sessions`
--

CREATE TABLE `sessions` (
  `id` varchar(255) NOT NULL,
  `user_id` bigint(20) UNSIGNED DEFAULT NULL,
  `ip_address` varchar(45) DEFAULT NULL,
  `user_agent` text DEFAULT NULL,
  `payload` longtext NOT NULL,
  `last_activity` int(11) NOT NULL
) ENGINE=InnoDB DEFAULT CHARSET=utf8mb4 COLLATE=utf8mb4_unicode_ci;

--
-- Dumping data for table `sessions`
--

INSERT INTO `sessions` (`id`, `user_id`, `ip_address`, `user_agent`, `payload`, `last_activity`) VALUES
('0KwNIGP6MtXhzF5ISHTxaEod0rTtd339udrjYU2A', NULL, '43.130.37.243', 'Mozilla/5.0 (iPhone; CPU iPhone OS 13_2_3 like Mac OS X) AppleWebKit/605.1.15 (KHTML, like Gecko) Version/13.0.3 Mobile/15E148 Safari/604.1', 'YTozOntzOjY6Il90b2tlbiI7czo0MDoiaFRNVjE0U2xPMXU3ZkN0OFpKRmVNRU1jZ2J3cFlUbDNMMVRjM1ZxSyI7czo5OiJfcHJldmlvdXMiO2E6Mjp7czozOiJ1cmwiO3M6MzM6Imh0dHA6Ly93d3cuY2VudGVycGF5Lm1lL2FwcC9sb2dpbiI7czo1OiJyb3V0ZSI7czoyNDoiZmlsYW1lbnQuc2l0ZS5hdXRoLmxvZ2luIjt9czo2OiJfZmxhc2giO2E6Mjp7czozOiJvbGQiO2E6MDp7fXM6MzoibmV3IjthOjA6e319fQ==', 1767222861),
('1NxTBOc9jBKtC8OSXivTyxpQzIQE2WEk5y3BnTcN', NULL, '2a03:2880:f800:32::', 'meta-webindexer/1.1 (+https://developers.facebook.com/docs/sharing/webmasters/crawler)', 'YTozOntzOjY6Il90b2tlbiI7czo0MDoiODdaRVpzREE1MUQzUEY0UlU0NEQ3WGs3c21tSDJkVFhoZU8waFFoQiI7czo5OiJfcHJldmlvdXMiO2E6Mjp7czozOiJ1cmwiO3M6NDA6Imh0dHBzOi8vY2VudGVycGF5Lm1lL2FwcC9wYXltZW50LWhpc3RvcnkiO3M6NToicm91dGUiO3M6MzU6ImZpbGFtZW50LnNpdGUucGFnZXMucGF5bWVudC1oaXN0b3J5Ijt9czo2OiJfZmxhc2giO2E6Mjp7czozOiJvbGQiO2E6MDp7fXM6MzoibmV3IjthOjA6e319fQ==', 1767231902),
('29FWJv9aWqyZnISXY0icqcGPGbneTNubu30y3AQ8', NULL, '47.82.11.26', 'Mozilla/5.0 (X11; Linux x86_64; rv:125.0) Gecko/20100101 Firefox/125.0', 'YTozOntzOjY6Il90b2tlbiI7czo0MDoiRzdQS2h5VlpUcG9WRFJ4d0dNc1hxeExNWFlTV0lmbDJyYldFWHpkWSI7czo5OiJfcHJldmlvdXMiO2E6Mjp7czozOiJ1cmwiO3M6MzU6Imh0dHBzOi8vY2VudGVycGF5Lm1lL2FwcC9teS10aWNrZXRzIjtzOjU6InJvdXRlIjtzOjMwOiJmaWxhbWVudC5zaXRlLnBhZ2VzLm15LXRpY2tldHMiO31zOjY6Il9mbGFzaCI7YToyOntzOjM6Im9sZCI7YTowOnt9czozOiJuZXciO2E6MDp7fX19', 1767218972),
('3ae4rOYpbsUlWMSPQhKZOGlYi9G0T8Kjuwd1XeEe', NULL, '34.221.21.250', 'Mozilla/5.0 (X11; Linux i686; rv:124.0) Gecko/20100101 Firefox/124.0', 'YTozOntzOjY6Il90b2tlbiI7czo0MDoiRVM1ZW1MWExuY2dlRFJxcmgxNklMRFhhU2d0WTZYZXRnak91VEZySCI7czo5OiJfcHJldmlvdXMiO2E6Mjp7czozOiJ1cmwiO3M6MzQ6Imh0dHBzOi8vd3d3LmNlbnRlcnBheS5tZS9hcHAvbG9naW4iO3M6NToicm91dGUiO3M6MjQ6ImZpbGFtZW50LnNpdGUuYXV0aC5sb2dpbiI7fXM6NjoiX2ZsYXNoIjthOjI6e3M6Mzoib2xkIjthOjA6e31zOjM6Im5ldyI7YTowOnt9fX0=', 1767218524),
('3f1JITBvi4AvRnEfD1A7UdmWG6yePLW4m6II9Cvj', NULL, '43.135.148.92', 'Mozilla/5.0 (iPhone; CPU iPhone OS 13_2_3 like Mac OS X) AppleWebKit/605.1.15 (KHTML, like Gecko) Version/13.0.3 Mobile/15E148 Safari/604.1', 'YTozOntzOjY6Il90b2tlbiI7czo0MDoiUXdDSXEzM1I1UDFGa0xBTGk3Y2RnNXRXdUFIcnBwVjIwblFaM2dQNiI7czo5OiJfcHJldmlvdXMiO2E6Mjp7czozOiJ1cmwiO3M6MzM6Imh0dHA6Ly93d3cuY2VudGVycGF5Lm1lL2FwcC9sb2dpbiI7czo1OiJyb3V0ZSI7czoyNDoiZmlsYW1lbnQuc2l0ZS5hdXRoLmxvZ2luIjt9czo2OiJfZmxhc2giO2E6Mjp7czozOiJvbGQiO2E6MDp7fXM6MzoibmV3IjthOjA6e319fQ==', 1767232974),
('3QLVjJ4z8ezRYNopObsV4ma9BL2szq6FM2X49uJx', NULL, '51.75.77.69', 'NOWPayments v1.0', 'YToyOntzOjY6Il90b2tlbiI7czo0MDoidVFFNWoxSjVlNzRzdFZVWW44RnBJOXJmdXV1TTU1WDNLTzZCbTNnVCI7czo2OiJfZmxhc2giO2E6Mjp7czozOiJvbGQiO2E6MDp7fXM6MzoibmV3IjthOjA6e319fQ==', 1767212603),
('407DtYcHbFlpi2AzqtpgnQ0WfFz9fkh0rBjSH3Id', NULL, '45.148.10.204', 'Mozilla/5.0 (Windows NT 10.0; Win64; x64) AppleWebKit/537.36 (KHTML, like Gecko) Chrome/91.0.4472.124 Safari/537.36', 'YTozOntzOjY6Il90b2tlbiI7czo0MDoiUkxNcjN0ZjUwc0dnQVNEdUVsWHlQY2ZTMzJXbGxaaGpZcDRuMGFsNyI7czo5OiJfcHJldmlvdXMiO2E6Mjp7czozOiJ1cmwiO3M6MTk6Imh0dHA6Ly9jZW50ZXJwYXkubWUiO3M6NToicm91dGUiO047fXM6NjoiX2ZsYXNoIjthOjI6e3M6Mzoib2xkIjthOjA6e31zOjM6Im5ldyI7YTowOnt9fX0=', 1767222816),
('4uiWgP0B3EcVRe8fNTMe8VHnQfjD1D9bUVt5095g', NULL, '43.135.148.92', 'Mozilla/5.0 (iPhone; CPU iPhone OS 13_2_3 like Mac OS X) AppleWebKit/605.1.15 (KHTML, like Gecko) Version/13.0.3 Mobile/15E148 Safari/604.1', 'YTozOntzOjY6Il90b2tlbiI7czo0MDoieFZPZUJMUm5DUWZVQTZLZHl5RkFLYlo3ZG1ha00yb3Y1M3FJM1ExVCI7czo5OiJfcHJldmlvdXMiO2E6Mjp7czozOiJ1cmwiO3M6MjM6Imh0dHA6Ly93d3cuY2VudGVycGF5Lm1lIjtzOjU6InJvdXRlIjtOO31zOjY6Il9mbGFzaCI7YToyOntzOjM6Im9sZCI7YTowOnt9czozOiJuZXciO2E6MDp7fX19', 1767232972),
('5HF5LRkRUOwwb81UmooxT1sQKLfWutmvr2Yrs4sy', NULL, '199.45.154.143', 'Mozilla/5.0 (compatible; CensysInspect/1.1; +https://about.censys.io/)', 'YTozOntzOjY6Il90b2tlbiI7czo0MDoiTEd2R3l5RHdYZlQ4SUdaUUxTTGxnVzVDbnVQdXBmcDVXYkpYUzdZMiI7czo5OiJfcHJldmlvdXMiO2E6Mjp7czozOiJ1cmwiO3M6MzA6Imh0dHBzOi8vY2VudGVycGF5Lm1lL2FwcC9sb2dpbiI7czo1OiJyb3V0ZSI7czoyNDoiZmlsYW1lbnQuc2l0ZS5hdXRoLmxvZ2luIjt9czo2OiJfZmxhc2giO2E6Mjp7czozOiJvbGQiO2E6MDp7fXM6MzoibmV3IjthOjA6e319fQ==', 1767195296),
('7Xybt3KafMTEpUM4JZQiSs04hgOIRkwHk8qFEtw5', NULL, '44.245.200.90', 'Mozilla/5.0 (X11; Linux x86_64) AppleWebKit/537.36 (KHTML, like Gecko) Chrome/51.0.2704.103 Safari/537.36', 'YTozOntzOjY6Il90b2tlbiI7czo0MDoiMXQ5Sm1UQVJoOWNPdlZmb0Y3MVZzR1hvdk9VdlBqVkRlSkl4dDhicSI7czo5OiJfcHJldmlvdXMiO2E6Mjp7czozOiJ1cmwiO3M6Mjk6Imh0dHA6Ly9jZW50ZXJwYXkubWUvYXBwL2xvZ2luIjtzOjU6InJvdXRlIjtzOjI0OiJmaWxhbWVudC5zaXRlLmF1dGgubG9naW4iO31zOjY6Il9mbGFzaCI7YToyOntzOjM6Im9sZCI7YTowOnt9czozOiJuZXciO2E6MDp7fX19', 1767221550),
('AGmxj45uAeiprKDRAVwVeeVOz53yEURB0TtaClf8', NULL, '114.96.103.33', 'Mozilla/5.0 (iPhone; CPU iPhone OS 13_2_3 like Mac OS X) AppleWebKit/605.1.15 (KHTML, like Gecko) Version/13.0.3 Mobile/15E148 Safari/604.1', 'YTozOntzOjY6Il90b2tlbiI7czo0MDoiWDRiOTVuaXltTlFPTWxuNEZyRlQ1U05RdlBrUEw3eTB0Y3ZLcXNBSCI7czo5OiJfcHJldmlvdXMiO2E6Mjp7czozOiJ1cmwiO3M6MjM6Imh0dHA6Ly93d3cuY2VudGVycGF5Lm1lIjtzOjU6InJvdXRlIjtOO31zOjY6Il9mbGFzaCI7YToyOntzOjM6Im9sZCI7YTowOnt9czozOiJuZXciO2E6MDp7fX19', 1767195026),
('aLIjSuJ8MOBImBvtDgLgN14yKeNAda5yMmpmQrHA', NULL, '192.73.243.37', 'Mozilla/5.0 (Macintosh; Intel Mac OS X 10_15_7) AppleWebKit/537.36 (KHTML, like Gecko) Chrome/143.0.0.0 Safari/537.36', 'YTozOntzOjY6Il90b2tlbiI7czo0MDoiaFJsTW9VMFZpaVB3aWxLRkJZdWE0VUxhSEZCM3VoMk5OV3BUV01tOSI7czo5OiJfcHJldmlvdXMiO2E6Mjp7czozOiJ1cmwiO3M6MzA6Imh0dHBzOi8vY2VudGVycGF5Lm1lL2FwcC9vcmRlciI7czo1OiJyb3V0ZSI7czoyNToiZmlsYW1lbnQuc2l0ZS5wYWdlcy5vcmRlciI7fXM6NjoiX2ZsYXNoIjthOjI6e3M6Mzoib2xkIjthOjA6e31zOjM6Im5ldyI7YTowOnt9fX0=', 1767206297),
('BXMmCuUhUuLmlDX7bCSTG20fPnNvzMB4ntlLseW9', NULL, '2a01:e0a:d6d:6bf0:b15d:46e7:e4bc:8a61', 'Mozilla/5.0 (Linux; Android 10; K) AppleWebKit/537.36 (KHTML, like Gecko) Chrome/143.0.0.0 Mobile Safari/537.36', 'YTozOntzOjY6Il90b2tlbiI7czo0MDoieUVSS2ozUFhvYWZlekhBdE9SY3RQZ2xGS282VG9kUXh2SjZLcVd6YSI7czo5OiJfcHJldmlvdXMiO2E6Mjp7czozOiJ1cmwiO3M6MzA6Imh0dHBzOi8vY2VudGVycGF5Lm1lL2FwcC9vcmRlciI7czo1OiJyb3V0ZSI7czoyNToiZmlsYW1lbnQuc2l0ZS5wYWdlcy5vcmRlciI7fXM6NjoiX2ZsYXNoIjthOjI6e3M6Mzoib2xkIjthOjA6e31zOjM6Im5ldyI7YTowOnt9fX0=', 1767197656),
('BY5cADk4ud0H70Nf1V5iUfVZV97bExcfNTfDar4v', NULL, '43.166.239.145', 'Mozilla/5.0 (iPhone; CPU iPhone OS 13_2_3 like Mac OS X) AppleWebKit/605.1.15 (KHTML, like Gecko) Version/13.0.3 Mobile/15E148 Safari/604.1', 'YTozOntzOjY6Il90b2tlbiI7czo0MDoiSnN6dXJPVjF0ZU9aSzhQd0hMdnRWcGtrUUFRc0E5YnNFTmc0aUo5eSI7czo5OiJfcHJldmlvdXMiO2E6Mjp7czozOiJ1cmwiO3M6Mjk6Imh0dHA6Ly9jZW50ZXJwYXkubWUvYXBwL2xvZ2luIjtzOjU6InJvdXRlIjtzOjI0OiJmaWxhbWVudC5zaXRlLmF1dGgubG9naW4iO31zOjY6Il9mbGFzaCI7YToyOntzOjM6Im9sZCI7YTowOnt9czozOiJuZXciO2E6MDp7fX19', 1767217785),
('ch8JqftQlQn2vBczPATnWWj3VOI5bt2tTRetEoLY', NULL, '43.166.239.145', 'Mozilla/5.0 (iPhone; CPU iPhone OS 13_2_3 like Mac OS X) AppleWebKit/605.1.15 (KHTML, like Gecko) Version/13.0.3 Mobile/15E148 Safari/604.1', 'YTozOntzOjY6Il90b2tlbiI7czo0MDoidGtrRGRwNFJhamRHYm45bTVaZlJTTEhaeXpYcjJQUGx5OXN3YTkzWiI7czo5OiJfcHJldmlvdXMiO2E6Mjp7czozOiJ1cmwiO3M6MTk6Imh0dHA6Ly9jZW50ZXJwYXkubWUiO3M6NToicm91dGUiO047fXM6NjoiX2ZsYXNoIjthOjI6e3M6Mzoib2xkIjthOjA6e31zOjM6Im5ldyI7YTowOnt9fX0=', 1767217784),
('COwGZMJhM3L1j5KXcOeGLOSRnN3efnx159Wbr9Dj', NULL, '43.166.250.187', 'Mozilla/5.0 (iPhone; CPU iPhone OS 13_2_3 like Mac OS X) AppleWebKit/605.1.15 (KHTML, like Gecko) Version/13.0.3 Mobile/15E148 Safari/604.1', 'YTozOntzOjY6Il90b2tlbiI7czo0MDoiYlkyM0tpcXVmRDJoVG5uN0hKanlJZ3dSM0JPOVRFenk0eVVWdXdlcyI7czo5OiJfcHJldmlvdXMiO2E6Mjp7czozOiJ1cmwiO3M6MzM6Imh0dHA6Ly93d3cuY2VudGVycGF5Lm1lL2FwcC9sb2dpbiI7czo1OiJyb3V0ZSI7czoyNDoiZmlsYW1lbnQuc2l0ZS5hdXRoLmxvZ2luIjt9czo2OiJfZmxhc2giO2E6Mjp7czozOiJvbGQiO2E6MDp7fXM6MzoibmV3IjthOjA6e319fQ==', 1767194159),
('DAXC3kKwFl7YIm66wHItnwBWNHXWXxia1q18rkiA', NULL, '124.156.226.179', 'Mozilla/5.0 (iPhone; CPU iPhone OS 13_2_3 like Mac OS X) AppleWebKit/605.1.15 (KHTML, like Gecko) Version/13.0.3 Mobile/15E148 Safari/604.1', 'YTozOntzOjY6Il90b2tlbiI7czo0MDoiZVRQRE1TaE0zQnNJQVh1VGJUNmJKVHB6SkpzM1FxcUFCemNFSmV3SiI7czo5OiJfcHJldmlvdXMiO2E6Mjp7czozOiJ1cmwiO3M6Mjk6Imh0dHA6Ly9jZW50ZXJwYXkubWUvYXBwL2xvZ2luIjtzOjU6InJvdXRlIjtzOjI0OiJmaWxhbWVudC5zaXRlLmF1dGgubG9naW4iO31zOjY6Il9mbGFzaCI7YToyOntzOjM6Im9sZCI7YTowOnt9czozOiJuZXciO2E6MDp7fX19', 1767229336),
('fVlskIzPJVwIgUR0zu2a4BVDGwyBpqT9B2R8XAqd', NULL, '2001:8f8:1137:288e:3040:ee0:ecd9:51f5', 'Mozilla/5.0 (iPhone; CPU iPhone OS 26_1_0 like Mac OS X) AppleWebKit/605.1.15 (KHTML, like Gecko) GSA/399.2.845414227 Mobile/15E148 Safari/604.1', 'YTozOntzOjY6Il90b2tlbiI7czo0MDoiV09OSkVYOEhhR05IMTlqWldaa29uVEdFaGRoeTRuZ0s4T3d5VzNFbyI7czo5OiJfcHJldmlvdXMiO2E6Mjp7czozOiJ1cmwiO3M6MzA6Imh0dHBzOi8vY2VudGVycGF5Lm1lL2FwcC9vcmRlciI7czo1OiJyb3V0ZSI7czoyNToiZmlsYW1lbnQuc2l0ZS5wYWdlcy5vcmRlciI7fXM6NjoiX2ZsYXNoIjthOjI6e3M6Mzoib2xkIjthOjA6e31zOjM6Im5ldyI7YTowOnt9fX0=', 1767192597),
('Fy4Y98v8ScQrv61Kw1rMir2m8yLGvMQCb2rnxLbx', 1, '178.131.168.12', 'Mozilla/5.0 (Windows NT 10.0; Win64; x64) AppleWebKit/537.36 (KHTML, like Gecko) Chrome/109.0.0.0 Safari/537.36', 'YTo2OntzOjY6Il90b2tlbiI7czo0MDoiOFpiZ1RCdndadWxDcFBuSlhqTnVDZUlzbkxSakQzU21vaFpidnVYWCI7czozOiJ1cmwiO2E6MDp7fXM6OToiX3ByZXZpb3VzIjthOjI6e3M6MzoidXJsIjtzOjMzOiJodHRwczovL2NlbnRlcnBheS5tZS9hZG1pbi9vcmRlcnMiO3M6NToicm91dGUiO3M6Mzc6ImZpbGFtZW50LmFkbWluLnJlc291cmNlcy5vcmRlcnMuaW5kZXgiO31zOjY6Il9mbGFzaCI7YToyOntzOjM6Im9sZCI7YTowOnt9czozOiJuZXciO2E6MDp7fX1zOjUwOiJsb2dpbl93ZWJfNTliYTM2YWRkYzJiMmY5NDAxNTgwZjAxNGM3ZjU4ZWE0ZTMwOTg5ZCI7aToxO3M6MTc6InBhc3N3b3JkX2hhc2hfd2ViIjtzOjYwOiIkMnkkMTIkT0I4aE45NmR3ZnJlaXJ2bkU1NHVNZUNac2ZvRHlQNDBOWlZTOS5JeU0wZzlJaWhmeTRXeG0iO30=', 1767224383),
('gbEHCYZ1C6CWQNAHpXpLJIgSvvFRpeCC0p2HtcrP', NULL, '34.221.21.250', 'Mozilla/5.0 (X11; Linux i686; rv:124.0) Gecko/20100101 Firefox/124.0', 'YTozOntzOjY6Il90b2tlbiI7czo0MDoiRzlzQmdnOWZ4azVzaWw2NE51OEVCU1Bqc2Y0MmtEM3BIa0NNY1A2MyI7czo5OiJfcHJldmlvdXMiO2E6Mjp7czozOiJ1cmwiO3M6MjQ6Imh0dHBzOi8vd3d3LmNlbnRlcnBheS5tZSI7czo1OiJyb3V0ZSI7Tjt9czo2OiJfZmxhc2giO2E6Mjp7czozOiJvbGQiO2E6MDp7fXM6MzoibmV3IjthOjA6e319fQ==', 1767218523),
('GDBa3n1yJrZFYgRQcmXcOzJFH6kvZl9Ra9jbUpCu', NULL, '45.148.10.204', 'Mozilla/5.0 (Windows NT 10.0; Win64; x64) AppleWebKit/537.36', 'YToyOntzOjY6Il90b2tlbiI7czo0MDoiR1JEV3dyR1Bma0ZNS3BSblNSa0swSWJHSUVzR1QySFdKYVBDbVR2QiI7czo2OiJfZmxhc2giO2E6Mjp7czozOiJvbGQiO2E6MDp7fXM6MzoibmV3IjthOjA6e319fQ==', 1767222848),
('GfBP8ANtUxwCRgTQZTFq9Gwjl3sTl27zaKy7Zjad', NULL, '45.148.10.204', 'Mozilla/5.0 (Windows NT 10.0; Win64; x64) AppleWebKit/537.36 (KHTML, like Gecko) Chrome/91.0.4472.124 Safari/537.36', 'YTozOntzOjY6Il90b2tlbiI7czo0MDoidk9qM0JTdXZQb2R6M1Y4ekRNODJsOFZnVE9wOXhCQkRzR2VuZlZmeiI7czo5OiJfcHJldmlvdXMiO2E6Mjp7czozOiJ1cmwiO3M6Mjk6Imh0dHA6Ly9jZW50ZXJwYXkubWUvYXBwL2xvZ2luIjtzOjU6InJvdXRlIjtzOjI0OiJmaWxhbWVudC5zaXRlLmF1dGgubG9naW4iO31zOjY6Il9mbGFzaCI7YToyOntzOjM6Im9sZCI7YTowOnt9czozOiJuZXciO2E6MDp7fX19', 1767222817),
('Hqj4GTyDdSRBLciOYg2O28eY5YOdGaS6TSaVzPfN', NULL, '43.157.98.187', 'Mozilla/5.0 (iPhone; CPU iPhone OS 13_2_3 like Mac OS X) AppleWebKit/605.1.15 (KHTML, like Gecko) Version/13.0.3 Mobile/15E148 Safari/604.1', 'YTozOntzOjY6Il90b2tlbiI7czo0MDoiNUtsbUZTYW5rWHA2MWFjZzNyWXlFRlQ1SVBoaEVQRGpQZ0FWWWtYbSI7czo5OiJfcHJldmlvdXMiO2E6Mjp7czozOiJ1cmwiO3M6MjM6Imh0dHA6Ly93d3cuY2VudGVycGF5Lm1lIjtzOjU6InJvdXRlIjtOO31zOjY6Il9mbGFzaCI7YToyOntzOjM6Im9sZCI7YTowOnt9czozOiJuZXciO2E6MDp7fX19', 1767193392),
('HZxKG3JX5xmBHAT6f4974D4DNOqe083uUnrC4CkS', NULL, '52.44.83.142', 'Mozilla/5.0 (Windows NT 6.1; WOW64; rv:43.0) Gecko/20100101 Firefox/43.0', 'YTozOntzOjY6Il90b2tlbiI7czo0MDoidm45b1U5am96c2gybUpKWXFCVWxwTFZveXJLTXJiWHk3TWg4TTdrViI7czo5OiJfcHJldmlvdXMiO2E6Mjp7czozOiJ1cmwiO3M6MTk6Imh0dHA6Ly9jZW50ZXJwYXkubWUiO3M6NToicm91dGUiO047fXM6NjoiX2ZsYXNoIjthOjI6e3M6Mzoib2xkIjthOjA6e31zOjM6Im5ldyI7YTowOnt9fX0=', 1767197738),
('IpJ92QWVi16jqc1bzjhQOp6Y1urOh5wPoaPQBxGj', NULL, '66.132.153.137', 'Mozilla/5.0 (compatible; CensysInspect/1.1; +https://about.censys.io/)', 'YTozOntzOjY6Il90b2tlbiI7czo0MDoiQmsybTN1bGpxeWxkZXJWQTFjVXNGNDV0Y0ZaeTlNYVdZS2x0V2JEWCI7czo5OiJfcHJldmlvdXMiO2E6Mjp7czozOiJ1cmwiO3M6Mjk6Imh0dHA6Ly9jZW50ZXJwYXkubWUvYXBwL2xvZ2luIjtzOjU6InJvdXRlIjtzOjI0OiJmaWxhbWVudC5zaXRlLmF1dGgubG9naW4iO31zOjY6Il9mbGFzaCI7YToyOntzOjM6Im9sZCI7YTowOnt9czozOiJuZXciO2E6MDp7fX19', 1767196167),
('IpPujU2ATx23ZLbgITa5usBkePllrtdi6xsgotbk', NULL, '52.44.83.142', 'Mozilla/5.0 (Windows NT 6.1; WOW64; rv:43.0) Gecko/20100101 Firefox/43.0', 'YTozOntzOjY6Il90b2tlbiI7czo0MDoiWXhROFdIYU5tY01aOFBIQVBVanZtREx4OERMUDA0RkIxd1VtZm5teiI7czo5OiJfcHJldmlvdXMiO2E6Mjp7czozOiJ1cmwiO3M6Mjk6Imh0dHA6Ly9jZW50ZXJwYXkubWUvYXBwL2xvZ2luIjtzOjU6InJvdXRlIjtzOjI0OiJmaWxhbWVudC5zaXRlLmF1dGgubG9naW4iO31zOjY6Il9mbGFzaCI7YToyOntzOjM6Im9sZCI7YTowOnt9czozOiJuZXciO2E6MDp7fX19', 1767197738),
('IuNXqFxjOG0tAAl4TXFqTQBuSWjkSg8k9CSR9VBp', NULL, '216.244.66.226', 'Mozilla/5.0 (compatible; DotBot/1.2; +https://opensiteexplorer.org/dotbot; help@moz.com)', 'YTozOntzOjY6Il90b2tlbiI7czo0MDoiRDRyU3l6ZHdJYUN2U2JSMHc4dGhaeURoOFlMZjFOelMzZFlOclRVNyI7czo5OiJfcHJldmlvdXMiO2E6Mjp7czozOiJ1cmwiO3M6Mjk6Imh0dHA6Ly9jZW50ZXJwYXkubWUvYXBwL29yZGVyIjtzOjU6InJvdXRlIjtzOjI1OiJmaWxhbWVudC5zaXRlLnBhZ2VzLm9yZGVyIjt9czo2OiJfZmxhc2giO2E6Mjp7czozOiJvbGQiO2E6MDp7fXM6MzoibmV3IjthOjA6e319fQ==', 1767192595),
('j7PiO2Lid8ULTRWqWy5Mpt9YYlu4x6lsvVTI7dfH', NULL, '47.82.11.1', 'Mozilla/5.0 (Windows NT 10.0; Win64; x64) AppleWebKit/537.36 (KHTML, like Gecko) Chrome/135.0.0.0 Safari/537.36', 'YTozOntzOjY6Il90b2tlbiI7czo0MDoiZUF1NkJ6cG1JenFLb0RxbFJ5Zmw0M3VnYlM1aHhLeWp0aWpWUTVkWiI7czo5OiJfcHJldmlvdXMiO2E6Mjp7czozOiJ1cmwiO3M6NDE6Imh0dHBzOi8vY2VudGVycGF5Lm1lL2FwcC9hY2NvdW50LXNldHRpbmdzIjtzOjU6InJvdXRlIjtzOjM2OiJmaWxhbWVudC5zaXRlLnBhZ2VzLmFjY291bnQtc2V0dGluZ3MiO31zOjY6Il9mbGFzaCI7YToyOntzOjM6Im9sZCI7YTowOnt9czozOiJuZXciO2E6MDp7fX19', 1767208163),
('Ktz2PNIOxCviVgqBxJDur3YWoF6IYgeAEL45Erhh', NULL, '43.130.37.243', 'Mozilla/5.0 (iPhone; CPU iPhone OS 13_2_3 like Mac OS X) AppleWebKit/605.1.15 (KHTML, like Gecko) Version/13.0.3 Mobile/15E148 Safari/604.1', 'YTozOntzOjY6Il90b2tlbiI7czo0MDoiUFRvTUlaWG9GaFB0WTRmRkp3RHNKU3B3YVNZTTlzYkJZeUxjQVdLMyI7czo5OiJfcHJldmlvdXMiO2E6Mjp7czozOiJ1cmwiO3M6MjM6Imh0dHA6Ly93d3cuY2VudGVycGF5Lm1lIjtzOjU6InJvdXRlIjtOO31zOjY6Il9mbGFzaCI7YToyOntzOjM6Im9sZCI7YTowOnt9czozOiJuZXciO2E6MDp7fX19', 1767222860),
('L9uuaecVl2bQnNWX6QmbsVhB3f1RONbSHduKKsLu', NULL, '124.156.226.179', 'Mozilla/5.0 (iPhone; CPU iPhone OS 13_2_3 like Mac OS X) AppleWebKit/605.1.15 (KHTML, like Gecko) Version/13.0.3 Mobile/15E148 Safari/604.1', 'YTozOntzOjY6Il90b2tlbiI7czo0MDoiYVVMYTgzU1RTS1FxZGl1QWd6VlpxcEJsU2Z0cDludXlkR1RiUGVXZiI7czo5OiJfcHJldmlvdXMiO2E6Mjp7czozOiJ1cmwiO3M6MTk6Imh0dHA6Ly9jZW50ZXJwYXkubWUiO3M6NToicm91dGUiO047fXM6NjoiX2ZsYXNoIjthOjI6e3M6Mzoib2xkIjthOjA6e31zOjM6Im5ldyI7YTowOnt9fX0=', 1767229335),
('mdMMuH1KRvt7GfofP7pRhm3xOWMq41Iigt0eRKuX', NULL, '199.45.154.143', 'Mozilla/5.0 (compatible; CensysInspect/1.1; +https://about.censys.io/)', 'YTozOntzOjY6Il90b2tlbiI7czo0MDoia091bll2eGcwakVHc3dNSVNWcHlkVWNIWk8xWUVmR3g4MGxiZVR1SyI7czo5OiJfcHJldmlvdXMiO2E6Mjp7czozOiJ1cmwiO3M6MjA6Imh0dHBzOi8vY2VudGVycGF5Lm1lIjtzOjU6InJvdXRlIjtOO31zOjY6Il9mbGFzaCI7YToyOntzOjM6Im9sZCI7YTowOnt9czozOiJuZXciO2E6MDp7fX19', 1767195287),
('mJigYmMjNJXwngMhl6syG6VE7O5OvNSpyJVGQzYb', NULL, '47.82.11.10', 'Mozilla/5.0 (Macintosh; Intel Mac OS X 10_15_7) AppleWebKit/605.1.15 (KHTML, like Gecko) Version/18.3.1 Safari/605.1.15', 'YTozOntzOjY6Il90b2tlbiI7czo0MDoidGVieEhwNWU5VzdmNXI2VHpncGY1WWo5YURSUHRNSUhqRmFFN25kayI7czo5OiJfcHJldmlvdXMiO2E6Mjp7czozOiJ1cmwiO3M6Mzg6Imh0dHBzOi8vY2VudGVycGF5Lm1lL2FwcC9jcmVhdGUtdGlja2V0IjtzOjU6InJvdXRlIjtzOjMzOiJmaWxhbWVudC5zaXRlLnBhZ2VzLmNyZWF0ZS10aWNrZXQiO31zOjY6Il9mbGFzaCI7YToyOntzOjM6Im9sZCI7YTowOnt9czozOiJuZXciO2E6MDp7fX19', 1767233000),
('O1wcuIELrNC8IG1HywsZHPv3629aoh3IAcJqyTK1', NULL, '2a03:2880:f800:2d::', 'meta-webindexer/1.1 (+https://developers.facebook.com/docs/sharing/webmasters/crawler)', 'YTozOntzOjY6Il90b2tlbiI7czo0MDoiTktpTllvbUhXWTlmTzhweTNFSWl1NWxtc2FJemY1RkVWY2F1NlhXTSI7czo5OiJfcHJldmlvdXMiO2E6Mjp7czozOiJ1cmwiO3M6Mzk6Imh0dHBzOi8vY2VudGVycGF5Lm1lL2FwcC91c2VyLWRhc2hib2FyZCI7czo1OiJyb3V0ZSI7czozNDoiZmlsYW1lbnQuc2l0ZS5wYWdlcy51c2VyLWRhc2hib2FyZCI7fXM6NjoiX2ZsYXNoIjthOjI6e3M6Mzoib2xkIjthOjA6e31zOjM6Im5ldyI7YTowOnt9fX0=', 1767231531),
('o94PbMJjKMdQy1MVmMSkrfwETW5pNIRv1KuhMyqJ', NULL, '45.148.10.204', 'Mozilla/5.0 (Windows NT 10.0; Win64; x64) AppleWebKit/537.36', 'YToyOntzOjY6Il90b2tlbiI7czo0MDoiV0diNTZ4Q3g2Q21ja1F0WlRBWXFmYlJOMUdGM1BkQW9vaEdBOGdvVCI7czo2OiJfZmxhc2giO2E6Mjp7czozOiJvbGQiO2E6MDp7fXM6MzoibmV3IjthOjA6e319fQ==', 1767222848),
('OvAwvq4tOXbU4CjzrGqswmNzxMfSqMMfSJ9mYml4', NULL, '66.132.153.137', 'Mozilla/5.0 (compatible; CensysInspect/1.1; +https://about.censys.io/)', 'YTozOntzOjY6Il90b2tlbiI7czo0MDoiM1BleDVMQ1dEQUdPdDNQOGs5VDhOUkpIelc5OG9nWUQ0all6cG9kdCI7czo5OiJfcHJldmlvdXMiO2E6Mjp7czozOiJ1cmwiO3M6MTk6Imh0dHA6Ly9jZW50ZXJwYXkubWUiO3M6NToicm91dGUiO047fXM6NjoiX2ZsYXNoIjthOjI6e3M6Mzoib2xkIjthOjA6e31zOjM6Im5ldyI7YTowOnt9fX0=', 1767196166),
('PXbHvvXyA1q6d2zqWxbor1TT1Zm6VhgOz8MS1m0q', NULL, '51.75.77.69', 'NOWPayments v1.0', 'YToyOntzOjY6Il90b2tlbiI7czo0MDoiR3pSTG83bjhLRnhyU2sydDZsY1VsMXhUZm13dTVTRWVjUVlFcHptViI7czo2OiJfZmxhc2giO2E6Mjp7czozOiJvbGQiO2E6MDp7fXM6MzoibmV3IjthOjA6e319fQ==', 1767236232),
('q5fdDrHh8ZJ4LgT8JuyguRhbJR9I7tO6AUM2DiWI', 177, '2c0f:f038:605:de00:2159:c045:baaa:d293', 'Mozilla/5.0 (iPhone; CPU iPhone OS 26_1_0 like Mac OS X) AppleWebKit/605.1.15 (KHTML, like Gecko) GSA/366.0.751101837 Mobile/15E148 Safari/604.1', 'YTo1OntzOjY6Il90b2tlbiI7czo0MDoiWkd5RjdrWXdXbzJEZjNrMUpybDhFeU9NSmEwWE96MUhNMG9mUExQbyI7czo5OiJfcHJldmlvdXMiO2E6Mjp7czozOiJ1cmwiO3M6MzA6Imh0dHBzOi8vY2VudGVycGF5Lm1lL2FwcC9vcmRlciI7czo1OiJyb3V0ZSI7czoyNToiZmlsYW1lbnQuc2l0ZS5wYWdlcy5vcmRlciI7fXM6NjoiX2ZsYXNoIjthOjI6e3M6Mzoib2xkIjthOjA6e31zOjM6Im5ldyI7YTowOnt9fXM6NTA6ImxvZ2luX3dlYl81OWJhMzZhZGRjMmIyZjk0MDE1ODBmMDE0YzdmNThlYTRlMzA5ODlkIjtpOjE3NztzOjE3OiJwYXNzd29yZF9oYXNoX3dlYiI7czo2MDoiJDJ5JDEyJGl5clQ0cjJobUp0ZGRJeGRaTkZPeC5qT1VFMkw2VmV5WEwwVWRMcTNmcnZjRFBPdkJDSXhXIjt9', 1767236369),
('qie3rOtno0vjJpwccwMGpvwMNqYd9Kfns9BBRhOR', NULL, '2a03:2880:f800:8::', 'meta-webindexer/1.1 (+https://developers.facebook.com/docs/sharing/webmasters/crawler)', 'YTozOntzOjY6Il90b2tlbiI7czo0MDoiaHk4U3dXcDhMckNRdWJ3NWtoZlZYWmRFb2JVemJFQzJSWU45a1VjZiI7czo5OiJfcHJldmlvdXMiO2E6Mjp7czozOiJ1cmwiO3M6NDE6Imh0dHBzOi8vY2VudGVycGF5Lm1lL2FwcC9hY2NvdW50LXNldHRpbmdzIjtzOjU6InJvdXRlIjtzOjM2OiJmaWxhbWVudC5zaXRlLnBhZ2VzLmFjY291bnQtc2V0dGluZ3MiO31zOjY6Il9mbGFzaCI7YToyOntzOjM6Im9sZCI7YTowOnt9czozOiJuZXciO2E6MDp7fX19', 1767195230),
('qiWkpkIQy4YrX4vNwshvCzqSpLj7B708ndQ0YJL6', NULL, '45.148.10.204', 'Mozilla/5.0', 'YTozOntzOjY6Il90b2tlbiI7czo0MDoiQTNxajgyVURlUTMzd0pLWkZJTE1jWjdIMU53WmduMlJOQmpJQzA1SiI7czo5OiJfcHJldmlvdXMiO2E6Mjp7czozOiJ1cmwiO3M6Mjk6Imh0dHA6Ly9jZW50ZXJwYXkubWUvYXBwL2xvZ2luIjtzOjU6InJvdXRlIjtzOjI0OiJmaWxhbWVudC5zaXRlLmF1dGgubG9naW4iO31zOjY6Il9mbGFzaCI7YToyOntzOjM6Im9sZCI7YTowOnt9czozOiJuZXciO2E6MDp7fX19', 1767222817),
('rJ2z6A8P0uPmOLyX9fw87GNPlnKAaxhYHone5cHx', NULL, '114.96.103.33', 'Mozilla/5.0 (iPhone; CPU iPhone OS 13_2_3 like Mac OS X) AppleWebKit/605.1.15 (KHTML, like Gecko) Version/13.0.3 Mobile/15E148 Safari/604.1', 'YTozOntzOjY6Il90b2tlbiI7czo0MDoiZ1NUR3I4RGxmblg3WEtDQ0pxVGl1RzRraXpMNHVYREJIdFA4U1B2cyI7czo5OiJfcHJldmlvdXMiO2E6Mjp7czozOiJ1cmwiO3M6MzM6Imh0dHA6Ly93d3cuY2VudGVycGF5Lm1lL2FwcC9sb2dpbiI7czo1OiJyb3V0ZSI7czoyNDoiZmlsYW1lbnQuc2l0ZS5hdXRoLmxvZ2luIjt9czo2OiJfZmxhc2giO2E6Mjp7czozOiJvbGQiO2E6MDp7fXM6MzoibmV3IjthOjA6e319fQ==', 1767195032),
('rzaqj5SQhTKMESIEZcR9AaNV80dz4kIIURSbxs0D', NULL, '176.227.243.199', 'Mozilla/5.0 (X11; Linux x86_64) AppleWebKit/537.36 Chrome/116.0.0.0 Safari/537.36', 'YTozOntzOjY6Il90b2tlbiI7czo0MDoicW9wUTdra2NWR25nN29aSHY3SHRLMmc0ZGEwWWN5ZWlsZWRKd0tEMiI7czo5OiJfcHJldmlvdXMiO2E6Mjp7czozOiJ1cmwiO3M6MzA6Imh0dHBzOi8vY2VudGVycGF5Lm1lL2FwcC9vcmRlciI7czo1OiJyb3V0ZSI7czoyNToiZmlsYW1lbnQuc2l0ZS5wYWdlcy5vcmRlciI7fXM6NjoiX2ZsYXNoIjthOjI6e3M6Mzoib2xkIjthOjA6e31zOjM6Im5ldyI7YTowOnt9fX0=', 1767219429),
('srIg2FtZksUls6A0BEPakiGFMGqv1W15b0KTHumh', NULL, '160.89.44.46', 'Mozilla/5.0 (Windows NT 10.0; Win64; x64; rv:146.0) Gecko/20100101 Firefox/146.0', 'YTozOntzOjY6Il90b2tlbiI7czo0MDoiME1tZmVYcXNBRGkwaThyVkpOVno0am9SYVJpOHRSOGFUaGYzZnJJcSI7czo5OiJfcHJldmlvdXMiO2E6Mjp7czozOiJ1cmwiO3M6MzA6Imh0dHBzOi8vY2VudGVycGF5Lm1lL2FwcC9vcmRlciI7czo1OiJyb3V0ZSI7czoyNToiZmlsYW1lbnQuc2l0ZS5wYWdlcy5vcmRlciI7fXM6NjoiX2ZsYXNoIjthOjI6e3M6Mzoib2xkIjthOjA6e31zOjM6Im5ldyI7YTowOnt9fX0=', 1767199023),
('SrMbgtr67C5dvJ0ogl89kgM5HEJYytFHIgiNYv0H', NULL, '89.117.2.55', 'python-requests/2.32.4', 'YTozOntzOjY6Il90b2tlbiI7czo0MDoieE9wMWVLTHBuRUpmZTNOZkpET3BPT2haQ1ZPM0lZSTVFYmxWN3JzdSI7czo5OiJfcHJldmlvdXMiO2E6Mjp7czozOiJ1cmwiO3M6MzA6Imh0dHBzOi8vY2VudGVycGF5Lm1lL2FwcC9sb2dpbiI7czo1OiJyb3V0ZSI7czoyNDoiZmlsYW1lbnQuc2l0ZS5hdXRoLmxvZ2luIjt9czo2OiJfZmxhc2giO2E6Mjp7czozOiJvbGQiO2E6MDp7fXM6MzoibmV3IjthOjA6e319fQ==', 1767199229),
('tZYTaXmPZqt7urju8E7uBRwvVn6Q5BrFzJTatPEo', NULL, '47.82.11.1', 'Mozilla/5.0 (Macintosh; Intel Mac OS X 10.15; rv:135.0) Gecko/20100101 Firefox/135.0', 'YTozOntzOjY6Il90b2tlbiI7czo0MDoianJGTlc1dWlySVhKQUhiN25xSVFvVnZYdG1YSWtnb1lKWXhGTmNjQyI7czo5OiJfcHJldmlvdXMiO2E6Mjp7czozOiJ1cmwiO3M6NDE6Imh0dHBzOi8vY2VudGVycGF5Lm1lL2FwcC9hY2NvdW50LXNldHRpbmdzIjtzOjU6InJvdXRlIjtzOjM2OiJmaWxhbWVudC5zaXRlLnBhZ2VzLmFjY291bnQtc2V0dGluZ3MiO31zOjY6Il9mbGFzaCI7YToyOntzOjM6Im9sZCI7YTowOnt9czozOiJuZXciO2E6MDp7fX19', 1767208164),
('Uy4b9AK3AZ50meP3YxOnvxp1piByShTPFKLBcH3S', NULL, '43.157.98.187', 'Mozilla/5.0 (iPhone; CPU iPhone OS 13_2_3 like Mac OS X) AppleWebKit/605.1.15 (KHTML, like Gecko) Version/13.0.3 Mobile/15E148 Safari/604.1', 'YTozOntzOjY6Il90b2tlbiI7czo0MDoibnhQR0RSMkNyTFdrQ1VDVnExTTNlZU5GOUlWc2JJVE45eEV5ZXh5TCI7czo5OiJfcHJldmlvdXMiO2E6Mjp7czozOiJ1cmwiO3M6MzM6Imh0dHA6Ly93d3cuY2VudGVycGF5Lm1lL2FwcC9sb2dpbiI7czo1OiJyb3V0ZSI7czoyNDoiZmlsYW1lbnQuc2l0ZS5hdXRoLmxvZ2luIjt9czo2OiJfZmxhc2giO2E6Mjp7czozOiJvbGQiO2E6MDp7fXM6MzoibmV3IjthOjA6e319fQ==', 1767193393),
('wwIPEyvCxSQb5Oqf3FHIVDbePixcpXOcmpEhTX5u', NULL, '47.82.11.9', 'Mozilla/5.0 (Macintosh; Intel Mac OS X 10_15_7) AppleWebKit/605.1.15 (KHTML, like Gecko) Version/18.4 Safari/605.1.15', 'YTozOntzOjY6Il90b2tlbiI7czo0MDoiOEpCUW91WWRXeDZwcnFJbjNVNW5jUDRZbHNxVWlPWUlWbDZ5MU11NSI7czo5OiJfcHJldmlvdXMiO2E6Mjp7czozOiJ1cmwiO3M6NDA6Imh0dHBzOi8vY2VudGVycGF5Lm1lL2FwcC9wYXltZW50LWhpc3RvcnkiO3M6NToicm91dGUiO3M6MzU6ImZpbGFtZW50LnNpdGUucGFnZXMucGF5bWVudC1oaXN0b3J5Ijt9czo2OiJfZmxhc2giO2E6Mjp7czozOiJvbGQiO2E6MDp7fXM6MzoibmV3IjthOjA6e319fQ==', 1767229805),
('yEQlvJ9pCK5nVWzl0wXHygpqeul843MLNYPxUvMk', NULL, '207.46.13.51', 'Mozilla/5.0 AppleWebKit/537.36 (KHTML, like Gecko; compatible; bingbot/2.0; +http://www.bing.com/bingbot.htm) Chrome/116.0.1938.76 Safari/537.36', 'YTozOntzOjY6Il90b2tlbiI7czo0MDoiUEZpbUV5SGtxcllvR2RmODlHZUZJQmVtQXExb2pkVzFucDBRcUZVUSI7czo5OiJfcHJldmlvdXMiO2E6Mjp7czozOiJ1cmwiO3M6MzA6Imh0dHBzOi8vY2VudGVycGF5Lm1lL2FwcC9vcmRlciI7czo1OiJyb3V0ZSI7czoyNToiZmlsYW1lbnQuc2l0ZS5wYWdlcy5vcmRlciI7fXM6NjoiX2ZsYXNoIjthOjI6e3M6Mzoib2xkIjthOjA6e31zOjM6Im5ldyI7YTowOnt9fX0=', 1767224505),
('yIZ5WXvZmsQOMCLcz8cs9VhnYS8lXGYfB04Fewre', NULL, '45.148.10.204', 'Mozilla/5.0 (Windows NT 10.0; Win64; x64) AppleWebKit/537.36', 'YToyOntzOjY6Il90b2tlbiI7czo0MDoiMlNFYWYydWtybW5pRTdRaXN0R2xyTFgwWVhvSDBpdnRFU1RScFZpQyI7czo2OiJfZmxhc2giO2E6Mjp7czozOiJvbGQiO2E6MDp7fXM6MzoibmV3IjthOjA6e319fQ==', 1767222816),
('YJa0MA9SYFWoBKsR6kS8E7WmZSt1HSPzdKIGKkfy', NULL, '86.62.28.6', 'Mozilla/5.0 (Macintosh; Intel Mac OS X 10_15_7) AppleWebKit/537.36 (KHTML, like Gecko) Chrome/143.0.0.0 Safari/537.36', 'YTozOntzOjY6Il90b2tlbiI7czo0MDoiVTNONW1DWUVDaG9waUtKdGVlaFF6SUtvRmllZGE0cXVKMEZZc0I4SyI7czo5OiJfcHJldmlvdXMiO2E6Mjp7czozOiJ1cmwiO3M6MzA6Imh0dHBzOi8vY2VudGVycGF5Lm1lL2FwcC9vcmRlciI7czo1OiJyb3V0ZSI7czoyNToiZmlsYW1lbnQuc2l0ZS5wYWdlcy5vcmRlciI7fXM6NjoiX2ZsYXNoIjthOjI6e3M6Mzoib2xkIjthOjA6e31zOjM6Im5ldyI7YTowOnt9fX0=', 1767205230),
('YRMS4Kdu01iod4ZFY6ttGRKbUzEGUAylWUvlNV5C', NULL, '51.75.77.69', 'NOWPayments v1.0', 'YToyOntzOjY6Il90b2tlbiI7czo0MDoiREYzUEUzTklWUG5NcVFUTHpMYU5WSnhCdmVscUtWOWdCZWpSSmtuMSI7czo2OiJfZmxhc2giO2E6Mjp7czozOiJvbGQiO2E6MDp7fXM6MzoibmV3IjthOjA6e319fQ==', 1767236320),
('zA96Gy4x4BUylR3zSZXMLs4HxrVPxHdfXpk0rDPQ', NULL, '45.148.10.204', 'Mozilla/5.0 (Windows NT 10.0; Win64; x64) AppleWebKit/537.36', 'YToyOntzOjY6Il90b2tlbiI7czo0MDoiU1ExZ2pobFFjODZVeVl5TzM2MGF5YmpKMGtDNHZWT2NMaWJxNEZmdiI7czo2OiJfZmxhc2giO2E6Mjp7czozOiJvbGQiO2E6MDp7fXM6MzoibmV3IjthOjA6e319fQ==', 1767222816),
('ZYQvHZdVGKzWFqRy7TuZVQS1wjnJ9dUqf8qRhyNz', NULL, '45.148.10.204', 'Mozilla/5.0', 'YTozOntzOjY6Il90b2tlbiI7czo0MDoiWmFBUGloSklrV241NXlJU21KREdKYXFhNnZqTjJ1bnRFYllDclFaSSI7czo5OiJfcHJldmlvdXMiO2E6Mjp7czozOiJ1cmwiO3M6MTk6Imh0dHA6Ly9jZW50ZXJwYXkubWUiO3M6NToicm91dGUiO047fXM6NjoiX2ZsYXNoIjthOjI6e3M6Mzoib2xkIjthOjA6e31zOjM6Im5ldyI7YTowOnt9fX0=', 1767222817);

-- --------------------------------------------------------

--
-- Table structure for table `tickets`
--

CREATE TABLE `tickets` (
  `id` bigint(20) UNSIGNED NOT NULL,
  `user_id` bigint(20) UNSIGNED NOT NULL,
  `subject` varchar(255) NOT NULL,
  `department` enum('sales','technical') NOT NULL,
  `status` enum('open','in_progress','closed') NOT NULL DEFAULT 'open',
  `priority` enum('low','normal','high') NOT NULL DEFAULT 'normal',
  `created_at` timestamp NULL DEFAULT NULL,
  `updated_at` timestamp NULL DEFAULT NULL,
  `message` longtext DEFAULT NULL
) ENGINE=InnoDB DEFAULT CHARSET=utf8mb4 COLLATE=utf8mb4_unicode_ci;

--
-- Dumping data for table `tickets`
--

INSERT INTO `tickets` (`id`, `user_id`, `subject`, `department`, `status`, `priority`, `created_at`, `updated_at`, `message`) VALUES
(1, 27, 'nana', 'sales', 'in_progress', 'normal', '2025-10-15 01:21:50', '2025-10-15 01:21:50', NULL),
(2, 17, 'nanaee', 'technical', 'open', 'high', '2025-10-15 01:33:10', '2025-10-15 01:33:10', '<p>hIII</p>'),
(4, 36, 'hi', 'sales', 'open', 'normal', '2025-10-15 03:23:20', '2025-10-15 03:23:20', 'hi'),
(5, 36, 'rahim', 'sales', 'open', 'high', '2025-10-15 03:25:13', '2025-10-15 03:25:13', 'asas'),
(6, 36, 'salam', 'technical', 'open', 'normal', '2025-10-15 03:43:42', '2025-10-15 03:43:42', '<p>hI How are you&nbsp;</p>'),
(7, 36, 'farid', 'technical', 'open', 'high', '2025-10-15 03:46:19', '2025-10-15 03:46:19', '<p>Hello how are you&nbsp;</p>'),
(8, 36, 'milad', 'technical', 'in_progress', 'high', '2025-10-15 03:47:07', '2025-10-15 03:47:07', '<p>aslasmkmkcm</p>'),
(9, 36, 'llarii', 'technical', 'open', 'normal', '2025-10-15 03:51:12', '2025-10-15 03:51:12', '<p>slm</p>'),
(10, 36, 'lakskjks', 'sales', 'open', 'high', '2025-10-15 04:01:37', '2025-10-15 04:01:37', '<p>hiIII HIHIHIHIH IHIHI</p>'),
(11, 36, 'wmimas', 'technical', 'open', 'high', '2025-10-15 04:07:38', '2025-10-15 04:07:38', '<p>Hi hoow are youy&nbsp;</p>'),
(12, 37, 'h', 'sales', 'open', 'high', '2025-10-15 04:24:27', '2025-10-15 04:24:27', '<p>hihihihihihi</p>'),
(13, 46, 'milmkmk', 'sales', 'open', 'low', '2025-10-17 01:43:16', '2025-10-17 01:43:16', '<p>hihihi</p>'),
(14, 83, 'hello order probelm', 'sales', 'open', 'normal', '2025-10-23 14:02:56', '2025-10-23 14:02:56', '<p>hi how are you fuck you&nbsp;</p>'),
(15, 48, 'my panel not work ', 'sales', 'open', 'normal', '2025-11-17 12:30:50', '2025-11-17 12:30:50', '<p>hi MY WEOOWK L KASM MM NMMASN MAN MN,ANS ,A</p>'),
(16, 1, 'slsalm', 'sales', 'open', 'high', '2025-11-20 07:54:31', '2025-11-20 07:54:31', '<p>sasalskam&nbsp;</p>'),
(17, 1, 'knaisdhiadhj', 'technical', 'open', 'high', '2025-11-20 07:54:59', '2025-11-20 07:54:59', '<p>xmmxnxkamndjmabdj kqbgj bvqwrja bve2jqkbg e2jqkbgd ajk bgadjs</p>'),
(18, 45, 'hell o problem ', 'technical', 'open', 'normal', '2025-11-20 09:08:47', '2025-11-20 09:08:47', '<p>slama msam smak m</p>'),
(19, 133, 'czxcz', 'technical', 'open', 'normal', '2025-11-27 16:36:04', '2025-11-27 16:36:04', '<p>zxczxczxczxc</p>'),
(20, 144, 'sdfs', 'technical', 'open', 'low', '2025-12-02 14:56:56', '2025-12-02 14:56:56', '<p>ssdfsdf</p>'),
(21, 144, 'sdfs', 'sales', 'open', 'high', '2025-12-02 14:57:09', '2025-12-02 14:57:09', '<p>sdfs</p>'),
(22, 144, 'sdfsd', 'technical', 'open', 'low', '2025-12-02 14:57:20', '2025-12-02 14:57:20', '<p>sdf</p>'),
(23, 146, 'fdsf', 'sales', 'open', 'low', '2025-12-03 22:11:00', '2025-12-03 22:11:00', '<p>sdfsdf</p>'),
(24, 148, 'kiria ', 'sales', 'open', 'high', '2025-12-03 22:42:16', '2025-12-03 22:42:16', '<p>kir too koonetoon</p>'),
(25, 82, 'oamsii', 'sales', 'open', 'high', '2025-12-03 22:51:55', '2025-12-03 22:51:55', '<p>sorry&nbsp;</p>');

-- --------------------------------------------------------

--
-- Table structure for table `ticket_messages`
--

CREATE TABLE `ticket_messages` (
  `id` bigint(20) UNSIGNED NOT NULL,
  `ticket_id` bigint(20) UNSIGNED NOT NULL,
  `sender_id` bigint(20) UNSIGNED NOT NULL,
  `message` text NOT NULL,
  `created_at` timestamp NULL DEFAULT NULL,
  `updated_at` timestamp NULL DEFAULT NULL
) ENGINE=InnoDB DEFAULT CHARSET=utf8mb4 COLLATE=utf8mb4_unicode_ci;

--
-- Dumping data for table `ticket_messages`
--

INSERT INTO `ticket_messages` (`id`, `ticket_id`, `sender_id`, `message`, `created_at`, `updated_at`) VALUES
(1, 1, 1, 'salamamm', '2025-10-15 02:37:06', '2025-10-15 02:37:06'),
(3, 4, 36, 'hi', '2025-10-15 03:23:20', '2025-10-15 03:23:20'),
(4, 5, 36, 'asas', '2025-10-15 03:25:13', '2025-10-15 03:25:13'),
(5, 14, 1, 'fuck you too ', '2025-10-23 14:05:36', '2025-10-23 14:05:36'),
(6, 15, 1, 'ok no problem ', '2025-11-17 12:31:11', '2025-11-17 12:31:11'),
(7, 19, 1, 'sdasdasdasd', '2025-11-27 16:37:06', '2025-11-27 16:37:06'),
(8, 22, 1, 'sdfsdfsdf', '2025-12-02 14:57:58', '2025-12-02 14:57:58'),
(9, 21, 1, 'sdfsdfsdf', '2025-12-02 14:58:05', '2025-12-02 14:58:05'),
(10, 23, 1, 'sdfsdf', '2025-12-03 22:11:41', '2025-12-03 22:11:41'),
(11, 24, 1, 'kir to dahant ', '2025-12-03 22:43:17', '2025-12-03 22:43:17');

-- --------------------------------------------------------

--
-- Table structure for table `users`
--

CREATE TABLE `users` (
  `id` bigint(20) UNSIGNED NOT NULL,
  `name` varchar(255) NOT NULL,
  `email` varchar(255) NOT NULL,
  `email_verified_at` timestamp NULL DEFAULT NULL,
  `password` varchar(255) NOT NULL,
  `is_admin` tinyint(1) NOT NULL DEFAULT 0,
  `remember_token` varchar(100) DEFAULT NULL,
  `created_at` timestamp NULL DEFAULT NULL,
  `updated_at` timestamp NULL DEFAULT NULL,
  `role` varchar(255) NOT NULL DEFAULT 'user'
) ENGINE=InnoDB DEFAULT CHARSET=utf8mb4 COLLATE=utf8mb4_unicode_ci;

--
-- Dumping data for table `users`
--

INSERT INTO `users` (`id`, `name`, `email`, `email_verified_at`, `password`, `is_admin`, `remember_token`, `created_at`, `updated_at`, `role`) VALUES
(1, 'Admin', 'admin@example.com', NULL, '$2y$12$OB8hN96dwfreirvnE54uMeCZsfoDyP40NZVS9.IyM0g9Iihfy4Wxm', 1, NULL, '2025-10-08 02:21:35', '2025-10-08 08:27:55', 'admin'),
(4, 'farid22', 'farid22@gmail.com', NULL, '$2y$12$eyQ..7FWe3dbZRsxIuTpneZ8xiHX8gOA2K5CvmpY9RxR2.Xkq/iO6', 0, NULL, '2025-10-08 04:02:15', '2025-10-08 04:02:15', 'user'),
(5, 'TestUser', 'user@example.com', NULL, '$2y$12$fzCxQTwTWOmejGlbn1FLReXpXPE4nilCF/JMLQjJZR55N0UUscGvG', 0, NULL, '2025-10-09 01:24:32', '2025-10-09 01:24:32', 'user'),
(6, 'mamad', 'mamsmksa@gmail.com', NULL, '$2y$12$Gj4LGJIyyLi0W5ucF1LJgO8Z6kQv.gzkIMu4m8L42wxIe96CdVlFq', 0, NULL, '2025-10-09 02:42:20', '2025-10-09 02:42:20', 'user'),
(7, 'mamad', 'mamms@gmail.com', NULL, '$2y$12$Av3oLYIgKvzIqKZKu4iMGecMqP6JfF.F.5rkicsjpS4KeQx7CSXEC', 0, 'cszQlLIA8iqJfqrUiQWXthJeFVeNwoYZER2kEuJf7sFEBoXkxMuENU8qsDxP', '2025-10-09 06:01:58', '2025-10-09 06:01:58', 'user'),
(8, 'mamad444۴۴', 'mamad92939@gmail.com', NULL, '$2y$12$h4KbTlsQrOM/5U1e3QQwbuEoZY/l9ffMiPz3coSGHhSkUcsP73FMm', 0, '9yGSha26emaaqTZLV0e1ey6vTHsSHRTtPS4DzL5bqzDS8JlegLmx71ihcjcZ', '2025-10-09 06:27:40', '2025-10-09 06:27:40', 'user'),
(9, 'mamad4443333', 'odoajdkansj@gmail.com', NULL, '$2y$12$TySuEWO4e7edxkgB7r.beeXgLlWSmD/v4UTxpDYMDAQvpTUP7M7sW', 0, 'JDvyOPtH52uWvBqTzLXaCDNTqSWjGLvmKFlzNCIQ3XolVAQfeKTA5DvjMbdG', '2025-10-09 06:39:24', '2025-10-09 06:39:24', 'user'),
(10, 'mam444ad444', '41214444421@gmail.com', NULL, '$2y$12$SSz9atrnJS22EvuFuWhpB.MR9BU/zaeDSxpyzeTyh4fZcrpQQIMWu', 0, 'pc29JK3YGxLfuqFmIOIrMnMGhh6i740EeqEA5ydKODiLHRj4wljKhyuAkkX0', '2025-10-09 06:43:31', '2025-10-09 06:43:31', 'user'),
(11, 'sorosh', 'sorosh@gmail.com', NULL, '$2y$12$mbwynLB.UD0jOA/kSlfrVOW.O1wbrHfxMrVsPMgoavREl7gRGSoom', 0, 'EOJ5zLLcREDVpebOf1qxQVKMzAiDR3LH9nw8HmIImMI95tFnXBkCRAYdNBtE', '2025-10-12 19:33:46', '2025-10-12 19:33:46', 'user'),
(12, 'zia', 'zias@gmail.com', NULL, '$2y$12$Jvuk9k90./f/camKBTP4fO5Aehy1t.uTakP5RTf3yPjAB.ah/xXYy', 0, '2rIgYq0tQ1Uq832DYAayPMmuSKIL23wIryIRgLArz6Qw00F4T23FBWF5nqzC', '2025-10-12 20:21:17', '2025-10-12 20:21:17', 'user'),
(13, 'nahid', 'nahaid@gmail.com', NULL, '$2y$12$GIVa7goD3KaSTyNB3sTT7./vz999pr662l3GddjNN83KKJwbsn/gW', 0, '8iiMTSnTXzvGEC5ciVuXrRpVGw5zdgPrdCL8JECtQCsaAIr6itEISnR3XpAD', '2025-10-12 20:29:39', '2025-10-12 20:29:39', 'user'),
(14, 'zari', 'zari@gmail.com', NULL, '$2y$12$j9vzbLizjgx1ZTUDJ1LmQuNAxY5mxTKjGHu/HhKLOSu16204PFLCS', 0, 'ZoqogAv20Ti2BZO3xqVrrTutlBgnmzIZNfUnkUtZWVHkFUQv61nEWIVxTVv1', '2025-10-12 22:41:39', '2025-10-12 22:41:39', 'user'),
(15, 'ziba', 'zibashh2@gmail.com', NULL, '$2y$12$HrixPhw3EaUuh4gQpxyUauTF56VqqoBOIu0xFu1fFi5p6bD3cHGHy', 0, 'pTXPmD6veiYe07W6C05sdGneTvHpUXjLGU4la0Zgtg2xjVAKtBLq9x5Cwblb', '2025-10-13 00:11:01', '2025-10-13 00:11:01', 'user'),
(16, 'madar', 'madar@gmail.com', NULL, '$2y$12$GZgPNGj9674DIs12xr8bX.JX0eniLHr/df40dH3/y86Nq9HaCUKjq', 0, 'ZCfCf0JqAgnXqh7eaV1VN3Y4Z0tqRXmHgT79rqhbV1CEYhdjE39dnFd6oY6g', '2025-10-13 00:15:30', '2025-10-13 00:15:30', 'user'),
(17, 'istanbull', 'istanbull@gmail.com', NULL, '$2y$12$dGQ6iq7xjISeXLESFnknqOSuni5KZY5zoLpECjGfR85jAlOpThR7O', 0, 'z036iT3dIh1Z9A4jC0SjNSTUAMyFqeKJCwSCii2XGH7TYkYiQLjuJIRwaNAB', '2025-10-13 00:24:42', '2025-10-13 00:24:42', 'user'),
(18, 'moradi', 'moradi@gmail.com', NULL, '$2y$12$oCvwEMBR7bqAq3UP9ZIpQuy700Ku5VSexDbYCv0foTmXxonHZVEv2', 0, 'bK82VtyMqGYlge0IwmU9JM3QEbmfVfo0crV78XZLpOamWhuzcMML9XYzsLyC', '2025-10-13 00:31:27', '2025-10-13 00:31:27', 'user'),
(19, 'pamksmk', 'laskalsk@gmail.com', NULL, '$2y$12$oFFBrxABh5XgYx9Uz8XvpO2en9T4GP/pIV0u.yn1ikHF6O509buZy', 0, 'fanE7iotewqkBhbpUrgi2406sGYnxoEuYN6xUPpLBXNqhCm4DVV84mLY9tgw', '2025-10-13 00:32:25', '2025-10-13 00:32:25', 'user'),
(20, 'zeynab', 'zayenab@gmail.com', NULL, '$2y$12$w3DWTnTLtN9sbHXrjTjl/eTDb.u6VCYybPE6Yi4TnJNoBZqtJk6bu', 0, '22nOOVX99L4BY4KhozlZSvKNiGphvtX71tjyrwDppvpb8k92fRiJ884tbaS5', '2025-10-13 00:35:43', '2025-10-13 00:35:43', 'user'),
(21, 'arasto', 'arasto@gmail.com', NULL, '$2y$12$lX.Hq92aq/gbeWq43j04xObxJ.UOzSatM2VDKTPa.61rob/ofOOtO', 0, '2gqxlZI64eNcD1trOTefXK6lI5jkGzZcTlyLTTJ8IURdSs069bVNX8T1jqB3', '2025-10-13 00:39:37', '2025-10-13 00:39:37', 'user'),
(22, 'niaz', 'niaz@gmail.com', NULL, '$2y$12$5UPk46s03aOKBLCePy6u0OP4EsTu6R0Iz7x1mS3HN/RevLcbks8KO', 0, 'R7NyIfXwh4I8azRuTO80Phqi3vUpIdTuWV9lfK7CUawQXqXmZewSuTozTomr', '2025-10-13 00:48:24', '2025-10-13 00:48:24', 'user'),
(23, 'milad', 'milad@gmail.com', NULL, '$2y$12$3Bsjkc6DQTHyo7bDUK//3u.KJ9CkvJybbFJkeH.3ga3csTMRGXccC', 0, 'LMjtGzSRsmjyMqahGBxj7EKbE5kBFrbaFU4kb2exjH6B1GlXtxRsn76ydsYH', '2025-10-13 00:56:18', '2025-10-13 00:56:18', 'user'),
(24, 'zarif', 'zarif@gmail.com', NULL, '$2y$12$nAX9p.zyOD4jfoyDwtNQ5eb3H3bbTllMklctK.B4JQOhMtIkfNssC', 0, 'WiET13PgMUsZKgFGtlkmhdlvtW9KmsN9yoQFzhLXWhr3XwLfwd3gdJV68vIu', '2025-10-13 01:31:22', '2025-10-13 01:31:22', 'user'),
(25, 'kksammsa!@', 'msakjsk@gmail.com', NULL, '$2y$12$LQusV5Pc05w41oZtrpJ6MeOftaQEbZPJjovUq4AxAx9B34omL3nou', 0, 'x4bQpKotzy143da1OVDGmFVXqY4GNX86wP0pDdcB8HJ7Bb7ul5Pf9X0a1Kx1', '2025-10-13 02:01:33', '2025-10-13 02:01:33', 'user'),
(26, 'nima', 'nima@gmail.com', NULL, '$2y$12$6C0k6QDlUbEsm0yrvNfmyuNdSl5ptM.F9bdD9HqV1T3ate1Pg774W', 0, 'x2nd1HmeeUJWnneHEDkppecYH7p68SuBMrMCFd4riQVfb6406nFVvsJquG3T', '2025-10-13 02:09:01', '2025-10-13 02:09:01', 'user'),
(27, 'arosak', 'arosak@gmail.com', NULL, '$2y$12$sl1tBUfCia.iwITFhAPB1enbPljhbhgfWdg1RWk4wOD8zlDA7hWSK', 0, '2f5aJYCEOx5GZR0fuAcY9gvaqLfCqsxpULaTp1BkKxjKKjzbxcAGvmzcc7Id', '2025-10-13 02:10:55', '2025-10-13 02:10:55', 'user'),
(28, 'negin', 'negin@gmail.com', NULL, '$2y$12$lNzrgxvejnjqMyzOYm8d5eRNOrycjnWMVwz0XS8CandZdJHbWlCoq', 0, 'InW49kxWELAiy378MWph63G1EjjIr7xTFmhfLV04ITO1uPjkN0vXroTlQAxI', '2025-10-13 02:19:49', '2025-10-13 02:19:49', 'user'),
(29, 'leila', 'leila@gmail.com', NULL, '$2y$12$vnQWCPi.63AFw22YoEtTSeu7PhVhGRlIwTKP0gsEMNtMp5gJog4dm', 0, 'cj3utRRBzIJyEi2m5b2SLAAFQi3BPoGlEX4LHarZ9RJMWgxbh5yflxkhh6nh', '2025-10-13 02:21:07', '2025-10-13 02:21:07', 'user'),
(30, 'paris', 'paris@gmail.com', NULL, '$2y$12$C32io/ezwT.Kr9/5xfYo1Oecfm8gpo2AuYvMYZkkTaMu52XzAw4oe', 0, 'rTyL6NDTK7sZWrkm0GzpnblO5EjsmEaY8GqjRVsg1qTZFR34LPEwL7BvhGAh', '2025-10-13 02:33:38', '2025-10-13 02:33:38', 'user'),
(31, 'zima', 'zima@gmail.com', NULL, '$2y$12$cgQzba5nxXHb2SXnaXQRDOkFlvNQmVypqIZN17TLa9GJHsEOkd0yu', 0, 'iDmpVfddzJryZQgGNSc4x2VKdPyAG5D1xrh7M1cxVmPgnKY1i1GHjCvDvGM9', '2025-10-13 02:48:28', '2025-10-13 02:48:28', 'user'),
(32, 'rahim', 'rahim@gmail.com', NULL, '$2y$12$4NSbPjyt3SCZqYFsYd76au8K9BpJq2FhnZV4ogmO/cbHvIhc4FZOy', 0, 'W3ACkwJvzCNFgvSSHgC9RJ1qNM5JWaiAMbhB7vZFGx93R3fmAh3hIv3BYJev', '2025-10-13 02:53:19', '2025-10-13 02:53:19', 'user'),
(33, 'ziri', 'ziri@gmail.com', NULL, '$2y$12$vQOpSIvGQL3IQKaA7VrmJu4FFQg/Y7REpAGPIn/SyUVQ.LgeTIZlK', 0, 'EGI9e6BuKW0g5nm4cXKYViCvgYc9YRFtlfNAqdVk0r5DW7po3ce7ockT1yTN', '2025-10-13 02:55:31', '2025-10-13 02:55:31', 'user'),
(34, 'hajar', 'hajar@gmail.com', NULL, '$2y$12$/DxhnNx28zPvzHrTRAMty.hS14l9jkVfGp3fftOXibY6PQPbt5HyK', 0, 'wGOt3gvdmx6P0gSQO4dDepRFfHJWN2yaPvggt6SjChreFAjihBVvQxDVeKYq', '2025-10-13 03:01:00', '2025-10-13 03:01:00', 'user'),
(35, 'shad', 'mr.fa@gmail.com', NULL, '$2y$12$lHd91ntAwybOlOzvydbE3uWAXghPikOfvr5GSGSsjwVKhD.EY.4fC', 0, 'PDkbxOJA0qQcGNOGxHU978iE2EohBSmVccLJAuULdCTFoJTTNu8kM87bUhlQ', '2025-10-13 07:15:00', '2025-10-13 07:15:00', 'user'),
(36, 'faridi', 'faridi@gmail.com', NULL, '$2y$12$tPHsnVFV2Mf1kYSU9PaYFejWxINQZFkiF86bVZvcHvGND8GVnk8CG', 0, '1WrkIu9nyAyBl1z3Ij1WU4hwxLeeJ0eGbFAibA8eZdp6W7rV9mBkYfaladGz', '2025-10-15 03:18:53', '2025-10-15 03:18:53', 'user'),
(37, 'akhtar', 'akhtar@gmail.com', NULL, '$2y$12$YRm7J7XQHGI9ngiIq6DVjOV1MlxSGZN9JAtYC58ClIgv8/bwXxjrS', 0, 'feU5X2aezWhrpuF3PZPFLGAZXeuiG61KjoN1Azwkm6cy4BeES5XcunV3qwYE', '2025-10-15 04:23:30', '2025-10-15 04:23:30', 'user'),
(39, 'zizo', 'zizo@gmail.com', NULL, '$2y$12$o5Ge.2C9uLKQLg8di/pFO.0Ppl2GOr4AsFgLha9pGzfBlDvwTwCIS', 0, '5uxuNgpXRVQJZocl3fhhS1tGD0kapM7oEYP2ayZoqO41XOSh0sCCnpGtfcnv', '2025-10-17 00:29:23', '2025-10-17 00:29:23', 'user'),
(40, 'sarina', 'sarina@gmail.com', NULL, '$2y$12$poR4q/KmA4X7wM87Rus8cOiaaOzgDyxbjfhHFne6l1ICz0MHRkBiW', 0, 'GlH90tjqaRHp6ESK78T5Zj4eziDwfvyUXbsL8L4KpEOXdesBMYhYvbWAv5U2', '2025-10-17 00:31:04', '2025-10-17 00:31:04', 'user'),
(41, 'nane', 'nane@gmail.com', NULL, '$2y$12$wIe2Cer3J8ov0WXDZX969OuLRzfEQKlAVr6XEpkre2wH8ca5q8Wfa', 0, 'D3W6BTCRNOtusI0h5vN7q09fcsaFjRLk2ZcdGQhNPlHTFntNjIryzVLkI9jK', '2025-10-17 00:39:13', '2025-10-17 00:39:13', 'user'),
(42, 'velam', 'velam@gmail.com', NULL, '$2y$12$y1R/XwKE62KyjKcigMd1C.6kq6mglOAxMxl6dXuDOQ.OJaGe/UsKa', 0, 'RoOyazzyHG88q3pqfVY0DYidgggH5LqhbQ1c9MX7oD5xxRnxkHaKQFhZlktE', '2025-10-17 00:43:02', '2025-10-17 00:43:02', 'user'),
(43, 'vina', 'vina@gmail.com', NULL, '$2y$12$omgV4CWnLwu3CzWKjTRME.9dNiqeReSCKr4.NyNUuCs7ENbwmzwry', 0, '8kQxcfoVwofmSRRoJYQ3sGFlCmSTyZ3Y77jlE9kLtjlKXUshwEw4y0tBp5M7', '2025-10-17 00:49:56', '2025-10-17 00:49:56', 'user'),
(44, 'marzi', 'marzi@gmail.com', NULL, '$2y$12$jXmVAxSPiaoEz0CJSKGoA.d3eYmBgy1aAydNU3uALwPb3jK02KBuu', 0, 'g8YVULdZiJCCAX4kXyQvqYiCLhEd9045QFcDYSL9fh9nUKGpbOE8KJ2Z6wa5', '2025-10-17 00:59:23', '2025-10-17 00:59:23', 'user'),
(45, 'sasan1', 'miom27780@gmail.com', NULL, '$2y$12$WqopY6MtPAHG8KSvj0PbpepABksFm2wHrewDDkUGh27Ltb1DI1kq6', 0, 'TGOzJiffHDvxJzcBJbW5Dq0RpVycNS7MOBxoG9HVDcLjii4kTnT2CeHskik6', '2025-10-17 01:26:00', '2025-10-17 01:26:00', 'user'),
(46, 'miniii', 'cavansh6@gmail.com', NULL, '$2y$12$Ihk9KHVAnuuYMcbhV9k0xuoS5HRfCGAUAEsJA87RR.brFqEH1wakC', 0, 'ei4ntXioXmxfghedn5Il5FjVrBJxbXt3UPnIROFUFAkupuvO8yDqjgTWwDmH', '2025-10-17 01:39:25', '2025-12-01 15:06:07', 'user'),
(47, 'lkmmm', 'alandtrade533@gmail.com', NULL, '$2y$12$ktlfl/EethWijB2CCX3nxe46NMKUNWMG9I8q0N/ORTisBqZaH.hSS', 0, 'C5fIwnvzl6T570FBcalzsmZ6b5C33ftZv3S341Ssma1ub9ZKnmhBAJgFn1dc', '2025-10-17 02:51:05', '2025-10-17 02:51:05', 'user'),
(48, 'ctvtv', 'ctv08339@gmail.com', NULL, '$2y$12$Z23//c4u.KPgDxkwiN7RWOZyHIvTQKdifDg6bxWmg.NyvHxCN2OJq', 0, 'sPDpDxKabtH46TQSE1QRn5gPvxBvw9JceebQjCZFIt1Gp5K1VMEM1m9W8HXr', '2025-10-18 21:46:27', '2025-10-18 21:46:27', 'user'),
(49, 'pejman', 'pejamn@gmail.com', NULL, '$2y$12$10VlgLpcE7Z52iCDwCujl.KiGWTECv5Ym8euzGabxT8TikWAYj9m.', 0, 'zWish6xI7cyUqwZLA9bKetAq0pktZfGgyVrX2wGW6QDbgY7mJeDVCtlbXNd3', '2025-10-18 23:08:37', '2025-10-18 23:08:37', 'user'),
(50, 'sadadad', 'dadadxa@gmail.com', NULL, '$2y$12$nEelGoyD262ykC/R/SPG/ejTes93vG5H1hXjC/i7KDTvtBBI5TkV.', 0, 'HD6of5KBtqPQ1SifrUNZdeEMXCzIekvafjhTTmL7dWLuEb8P800114uFDcJ5', '2025-10-19 00:02:50', '2025-10-19 00:02:50', 'user'),
(51, 'dadada', 'dadadad@gmail.com', NULL, '$2y$12$pC7gEW8V9reXUd0ippyvXeCygv65hqWGGUXNKc86DZC/s4rFuiL2u', 0, 'nOudyJXPSq4b5LlubRwgNOdJaj5vLkUjzbDugVOOxrNjNgwNyn1wnP5J78kp', '2025-10-19 00:04:27', '2025-10-19 00:04:27', 'user'),
(52, 'minasnj', 'miansjas@gmail.com', NULL, '$2y$12$pRughsiIGRdSAhlsxaudZeidLWZcUGlIGBGoGhPXwlcG6DOa84GXu', 0, 'd9FcWlCSl6gufHQPQ8KDsjdkBZZmM96V2txvZSWMQAwW2JOkrqauwj5xxnRG', '2025-10-19 00:07:13', '2025-10-19 00:07:13', 'user'),
(53, 'mkjakmkamskj', 'mansjansman@gmail.com', NULL, '$2y$12$MZXAet.X3BHnKj2gVzdmRO3y.e1cVT4GVeXvw.wbhU3Yt9huWUB8W', 0, 'V7r65m2EvPviFgXlEAQ7xofT2am83TqjofzupBTugBzfNuiAlMN767Lmnm8l', '2025-10-19 00:22:46', '2025-10-19 00:22:46', 'user'),
(54, 'mias29nwj', 'kaveh@gmaill.com', NULL, '$2y$12$kmWL5u2pa9x.05DmqGEmm.SSC50uZiyUcauVT8Ud5vMxenTDhZ6xi', 0, '2Z7cJFn7pqazufPkSEp64OMD5JyB6Qf0N7C5Go39cZ1xtSu72wjfHrGzlt0V', '2025-10-19 00:30:35', '2025-10-19 00:30:35', 'user'),
(55, 'nokasko', 'njksajks@gmail.com', NULL, '$2y$12$DziBFWdsPVCL6qN8PotrYOnNG9Q77J8WhORO3076fY2EjKmbgr1Hm', 0, 'vCq7Af0d7x4Y5lii9Ps5aZwaQhbSHM2JTWvEQUNOum5jKacfBcgzAA6ZPDal', '2025-10-19 00:40:53', '2025-10-19 00:40:53', 'user'),
(56, 'feshar', 'feshar@gmail.com', NULL, '$2y$12$cRw/1FeaG13i5n8Y6ADGMOqlv1fxD77sT1o3P0wD3aWThOSkQi8hi', 0, 'mwYnXSxDhL3pZFI8N9BoZbmILtRARu8zRnCL0iG7TzW5uaYFl8MnGWt9FWn1', '2025-10-19 00:44:56', '2025-10-19 00:44:56', 'user'),
(57, 'aminini', 'aminis@gmail.com', NULL, '$2y$12$kcPZE130j12EXxUrTTpNje.Gc7cADs8c0KasspzL1qqrcPTfgEMN.', 0, 'euRxSvGgsxLAXX9UKSaKiVBrtqWtZtw9cSEBxybuMbDR0NIwZSM7tv0PKy3i', '2025-10-19 00:52:19', '2025-10-19 00:52:19', 'user'),
(58, 'sorryw', 'sorry@gmail.com', NULL, '$2y$12$6x.h6S9J1Br5AhALCjUhW.BBqX9ULHXoiSQP93Yj5CGkqEc7wObW6', 0, 'iBKklTDIJf8IrDEWi09DToONVXQxCztYFcjqnVFeVdJmbMeqmrwSJPnYhTjG', '2025-10-19 00:56:03', '2025-10-19 00:56:03', 'user'),
(59, 'masinjasnu1', 'KAJSKAJSK@GMAIL.COM', NULL, '$2y$12$vidTWlAU1ijqU0z0ySHfWeQ4hmcf.5PIctw9r6uJc7YI9KktgeSBu', 0, 'oy8r8eLugYAvHrNBL1USTMnqEdJN6cGbBcmsGF6OgW4Ho5LLPRAsiQA6gbIn', '2025-10-19 01:09:32', '2025-10-19 01:09:32', 'user'),
(60, 'adadadada', 'dadadaxsaxzcxsc@gmail.com', NULL, '$2y$12$3/wtzDn3MAISdM0O055UPOv8nzDXPlU0kw03JBIcIC7834TTuOrra', 0, 'T6PV7ta48qr7Y8w5JJ6gck3syvvyNszXj7Bfk0gR1r661BWjBPL6APB3y9y6', '2025-10-19 01:24:21', '2025-10-19 01:24:21', 'user'),
(61, 'pjii', 'lkaslklkl@gmail.com', NULL, '$2y$12$SDBb4hgJ5zY2N/Jk/Foy2.kkTO7qw8/ji2eQ8o/fohn2CxHxNeHlm', 0, 'Sfd26ODaaYo2i0BPBBnsRoFQJxmGAuvp9ryqZzJvIgNGFrcfE1yLijcDolyh', '2025-10-19 01:28:03', '2025-10-19 01:28:03', 'user'),
(62, 'rizande', 'znajs@gmail.com', NULL, '$2y$12$gRTjTFIyFTr0J/XgbZiyZudUobIpTZ/KSqVusUfv.l5vuJFDYrYG2', 0, '9nlD3jzZcLv67GvMGDFxJbjyOBOlIsk1XiSkUJtDvRkA5DmHoFqcjD7oQZEU', '2025-10-19 01:49:46', '2025-10-19 01:49:46', 'user'),
(64, 'oandjnsja', 'mkaksjk@gmail.com', NULL, '$2y$12$AmUlNDgPFo6fseHLxX7rGuV1VdVJhDCqCo437EBPNlt00oMpmSzLa', 0, 'Rilv8GpmYBuolIc3qO31CcqbWy4Nbthz48iEEMLjjpLA1jKxWGsEkEnQ9640', '2025-10-19 02:31:27', '2025-10-19 02:31:27', 'user'),
(65, 'daiadjanj', 'mkasjiasjk@gmail.com', NULL, '$2y$12$diKLBgH9fzYtKRfk5Haey.IrcmxmSqrLtRvLECq/EaMVaPVfK7KWS', 0, 'lHfT2j4sZg0F9wT4AcLMZRk7XGWT67706zANieDq0WasJHmi2uUkKXkNGXUJ', '2025-10-19 02:32:17', '2025-10-19 02:32:17', 'user'),
(66, 'oxmkasmk', 'adsadadada@gmail.com', NULL, '$2y$12$Zu6u.Wn5Z5eIAMf2BMzzW.XltURjw2M2j1/NlTv08fHLS7dopVG7a', 0, 'iCykoEMfC2hiSAwA69abZKRx5k4Y9rMKsNMtd24wmqZYcgkHbjN55RSq1wvc', '2025-10-19 02:36:46', '2025-10-19 02:36:46', 'user'),
(67, 'mdandmanm', 'miajdiajdi@gmail.com', NULL, '$2y$12$8MPob5NBUIukb9x9z2ojDelw2GNEf/xfk9J9q0aeO/bTU8/Bk0IMG', 0, 'FII1wpR7fhbZMfGJBwyFa1AYaT6We8KGZzcN2TeNs9KoPrR5hZIF5oZtlyDw', '2025-10-19 02:39:53', '2025-10-19 02:39:53', 'user'),
(68, 'milad', 'miladlaksk@gmail.com', NULL, '$2y$12$a7jdRgCRWhQOFvv/g7GHze7hdq0IW3Uz7noOsDeUWtlWHY8.KO9Ku', 0, 'JP1J3cxi0r98ZKcTU99YZQUKRFw6x33RV7mHyZwzunlQsog99qb3ann8YLjl', '2025-10-19 03:41:30', '2025-10-19 03:41:30', 'user'),
(69, 'unimim', 'unijinn@gmail.com', NULL, '$2y$12$k9M6va1F4aPbLoOYHBPQiu4/Vd1UzymNlybJwJxtmK4GgtbGCJ9pe', 0, '9DQoEL4uZJLMVTICOOedDbEK6jalCy7TtHnjwQqBn5NcZHHLaQWJwcTMvwg5', '2025-10-19 07:19:24', '2025-10-19 07:19:24', 'user'),
(72, 'momkas', 'mkamsmkk@gmail.com', NULL, '$2y$12$FEcoip3NpYadR82b3VYC.uW6n/yH7SM7wjdNjO2O7IFuX8fhqYHq2', 0, 'B4gzwb3LIrRbU9HXLHSMYBD5woRd9jYQftZCCLD7lP7Eh8wKbbanxELganLi', '2025-10-21 23:21:16', '2025-10-21 23:21:16', 'user'),
(76, 'oisoajsk', 'kksjaksjksjk@gmail.com', NULL, '$2y$12$oKg1LOAREE/hEv3/r8vrv.LYSMkkk3VNEr6co2Z4p2IhRIpAFfZR6', 0, 'dBTOYLAsrUonvPbUQnb7awe0jiu7rlxA5jstI33RxRPorMdo5bo0hmAATDbX', '2025-10-22 00:43:29', '2025-10-22 00:43:29', 'user'),
(77, 'zarimkd', 'hajshjhjs@gmail.com', NULL, '$2y$12$e42HWue6.Gv18saHExp.rezDDOPbBKlxsO02Ncy66HNBg6/NCQmXu', 0, '8TsU2Ppt5AA5A2FbczZoFnk4QZkusSbJEXKApx4tAPIienhOrMTGcvzMPKlN', '2025-10-22 00:55:41', '2025-10-22 00:55:41', 'user'),
(80, 'zima', 'zijhhjhjma@gmail.com', NULL, '$2y$12$YmeK/eY2MTYDFpHuvJIGEeDomwhGyBIY08LQIrjfQ4cUdwxTaqa6m', 0, 'mOnTFvXTZ0SucHLn6gjoiZfAyYGrebUGbA16n6JFHLuoTAeEOLpb0jtGCkUC', '2025-10-22 07:39:56', '2025-10-22 07:39:56', 'user'),
(81, 'omimijiji', 'lkjkjkjkk@gmail.com', NULL, '$2y$12$W.Z6z0t3L/eCjgtkMQceyOtrnvSqfQ0L2X94amYWSJSGPJ4dEYJ6m', 0, 'JVjGIUiVgZpuS75aEFFBzCgzrZy8lbFWciUVpy4psjN8vPVleITyNfjSsnun', '2025-10-22 07:40:49', '2025-10-22 07:40:49', 'user'),
(82, 'alandtrade2', 'alandtrade2@gmail.com', NULL, '$2y$12$dmcCZeoDA86I343QxT3BauN.k4kdvhaM6lybaHaYdADvlHrqGHkYq', 0, 'k0BfsgcJ2ZNmCcc6nLomMnIL5O1jCRCd5jD2ZAGou617P40yZh52aY6i8xmf', '2025-10-23 08:10:31', '2025-10-23 08:10:31', 'user'),
(83, 'farid', 'iptvmoon@yahoo.com', NULL, '$2y$12$4LxgSIroQ6oYSrNm/rwE/.atA/OMvcBP5In608bXKXajLxGTrIry2', 0, 'aWtfrKQXy07nmFceLBnmrSo5XEl543EP0d2VvxwOLxBuuaCSP94LTs4hn4qs', '2025-10-23 14:01:55', '2025-10-23 14:01:55', 'user'),
(84, 'uhsakjkk', 'alandtrade533121@gmail.com', NULL, '$2y$12$YQJO4e.sXSIyFR1OGWWMDuJZOqpDVQZVnVb9XorYM/zXTvypr7lKy', 0, 'fdJYYihR0Ax5r1KrK8AM0IYLpC3is097EZ3f84oy8FX8VqPuLzrpFRE1e63l', '2025-10-23 14:04:24', '2025-10-23 14:04:24', 'user'),
(85, 'rahimi', 'lakslkasll@gmail.com', NULL, '$2y$12$Q.yMSURMnuvz48DgvgaU6.TaaWPBXBcLeEbTb3rvAHcLCcf8QXWWu', 0, 'MS2j7VV47xD8XcyVlc2Pfi4rjMVMFcIRVbKs6qsohok5kdJZZoCAiIPzO9XM', '2025-11-16 02:25:26', '2025-11-16 02:25:26', 'user'),
(86, 'osaiok', 'lllskalskjl@gmail.com', NULL, '$2y$12$94N9/cwDynF5GLZgXelYHeuGQkOstMq5.lqVZWN/9Hwxnyt1290d2', 0, 'pXAkl28rka2UzVTjsqxFx7OO9dfadadDqJgxZJHBWqBMDeF23yOoSCVPRCWO', '2025-11-16 03:58:04', '2025-11-16 03:58:04', 'user'),
(87, 'zarika', 'azkjsajkjks@gmail.com', NULL, '$2y$12$TOHBnIqfbX0RSEoVCCW7PeDriA1wwhUIBm2DZXhrvp3ga36sCJ3f6', 0, 'kz21LEBEoXrkN1gS8himlEmAQr0BORvTBYAnqBH5wLC5mgLWivTv526gqynB', '2025-11-16 04:06:50', '2025-11-16 04:06:50', 'user'),
(88, 'oaisolmknfn', 'lsaosji2i@gmail.com', NULL, '$2y$12$/G5IlCnrw2FRZUX/cXcXXuANn76PjD/CPjHQRm/jxTOdErcRH1sDG', 0, 'YHYYCrnbepgxfvXldeUn13RILkp9VVwTaVqBgci0mqTvOMzTnTSdpcBU8VHK', '2025-11-16 04:35:37', '2025-11-16 04:35:37', 'user'),
(89, 'jasijiskk', 'arabvpn542@gmail.com', NULL, '$2y$12$LcjZ5PcYQtbq99nh1Ksgs.b8EiDGTAZDZwlTXtnu8ZTYAMBlKhbfy', 0, 'j4umm7qzDFutTjDTuN6U3sySRjhGebr2k4msOxi9zppc2c779tOwoLjSbAIZ', '2025-11-16 05:01:03', '2025-11-16 05:01:03', 'user'),
(90, 'mimoms', 'miassas@gmail.com', NULL, '$2y$12$VioSRmpY/G2mqoF4UKI8nOT7Rl4XVfAK25fhVgm0r9.VnpPFgG6x2', 0, 'lfuFPFrEPVS739ahOUxqyxiiuxf6aXRyqNmMYdk21qQHU9DDUZa2xWn2mWxa', '2025-11-16 05:30:53', '2025-11-16 05:30:53', 'user'),
(91, 'pasoi3mkmkew', 'klalxlxmm@gmail.com', NULL, '$2y$12$P8sPzmcT1zfljvEddO3RVujKIgeXJmqFm.b0JyT7h5BpxxNagLv9O', 0, 'YSsLyA2njm5cDIQDTCOmr7kcXLcB41NOb30dovBvzW3C8RpqUztd8EpI4Lk1', '2025-11-16 06:27:30', '2025-11-16 06:27:30', 'user'),
(92, 'iuikjkjk', 'kjkhkkk@gmail.com', NULL, '$2y$12$SgFXuH2Cv8yZmVXd5.AmJeM6E.P7rtWDcvGgyl6O0YDU0eYcVeZqC', 0, 'BbHTjnF8u5VN3dzFoVMjoWI5uuHqjwwbD4ywnphrjAxdk77KcShXavAXgqDh', '2025-11-16 06:47:43', '2025-11-16 06:47:43', 'user'),
(93, 'aoskamsm', '124243@gmail.com', NULL, '$2y$12$exgATDoyv5UvABQVAgFEzOpU.DOwm9fN9m54X8ck0X8gldYoTJ4J6', 0, 'HLu8Lu4rQHzZ0L4SQ2wo9BbovhiLWHBpkZKg8d3qyQdUDo7vPAd9SyyPsOoJ', '2025-11-16 06:49:26', '2025-11-16 06:49:26', 'user'),
(94, 'miom2778', 'miom27780@gmail.coss', NULL, '$2y$12$1kvYWas7l9sl5vFzzmO.hO15zO4bryOpO2Qri2hBfnt7Q.DBlej8C', 0, 'EKYDifXQtjgIZR9WOYKVJmC2ZZaBJXBxNRcTUIPW1AKXzCRfvBtQPayLHYOi', '2025-11-19 03:49:55', '2025-11-19 03:49:55', 'user'),
(95, 'alandtrade32', 'alandtrade32@gmail.com', NULL, '$2y$12$dQaKGZa.q3DRKH8XDyMTSe3o9IvEfDYesVvyveV8Nowkk0ur7B5Bm', 0, 'GeTHHGYOurHvdjq0g8jE6qisaLfGgmsgThPejtYW0sFlMySTKrA4PLLJRX7s', '2025-11-19 03:50:56', '2025-11-19 03:50:56', 'user'),
(96, 'aosjikask', 'knskansjaj@gmail.com', NULL, '$2y$12$4bk1NJluuhy0sPtsfwKtP.mIKD3pe8oYm7A691ltHZI3d7bVa8Y8.', 0, 'cmxHjqmTAc5TnaoF1AoiTGXVlhk1BFjbp6ypzLY6vUI1hsRtyJl7zWkWPKbh', '2025-11-19 06:36:27', '2025-11-19 06:36:27', 'user'),
(97, 'oamkska', 'akjksjalsl@gmail.com', NULL, '$2y$12$HGY8Sv8c.1uuZMdidNK24OXjRA8LVDZonj2t/l79JxL7P0vV2m7vu', 0, '4Nbe8UUZQDefkmm352RTxAmgCTQ5QzV5356NpfHCAqdc8tkwVWUbgD2q02bs', '2025-11-20 07:05:36', '2025-11-20 07:05:36', 'user'),
(98, 'ssaiasji', 'dasjajk@gmail.com', NULL, '$2y$12$JDxPU/hYJroTc3jd0bIuo.WJypB7Zs1KqWFQ0HZzDoV5ufqg2gfJa', 0, 'ni8FDAbkodLUeOJR0HLQbZGCmkR20zM8QsxHbzhrXDh3CSUKLt9nBCmUSBfT', '2025-11-22 09:25:44', '2025-11-22 09:25:44', 'user'),
(99, 'amsiani', 'inudnaud@gmail.com', NULL, '$2y$12$8977Iuv1Z5/9qr2W./zDUeVDbfr5AehFAnDjzSZN9hBN/9Pb.e7kC', 0, 'dB0CXizOmAzgrugPbzOlCr497BdBgah4RbDeszNfv1qa8xgk1UsTk9w7ZOy5', '2025-11-22 09:33:14', '2025-11-22 09:33:14', 'user'),
(100, '1212ssa', '1221213@gmial.com', NULL, '$2y$12$QM5ol8aHN4ho25HW7QF9puZC569XiH3VNsONejqr3QRUO8gSeQlJa', 0, 'OZMQpEw8hRNE6VcKnUd5CnldYQHVPZh0zwhZ697e4bEcuFFz3F1QvNs2Cu4v', '2025-11-22 09:39:42', '2025-11-22 09:39:42', 'user'),
(101, 'maismain', 'ilqwkjqkjk@gmail.com', NULL, '$2y$12$HXA.h65OsLe0lFZz9Hl64eM1O29xutpWqn2KaE.g9VQEo6AuYHHvq', 0, '0BfvjR02ReZzgrp2jmsUKiu2LJKKrYPSzvf4MtWU8jyfuF8VVVsll0XIBq5X', '2025-11-22 09:49:17', '2025-11-22 09:49:17', 'user'),
(102, 'oasiao', 'miasnkasm@gmail.com', NULL, '$2y$12$qrurgkbmDwm5ldLbJwj5PuPYkhBPrKbV1CEBmEFr.vx2K7ZxR4px.', 0, 'y1jX511qgIFWEyW5syh6hkaJpFZCCJsSLaYTbIhovHK5MVFgG5zTXDFTXVoX', '2025-11-22 09:59:15', '2025-11-22 09:59:15', 'user'),
(103, 'ojioajdnk', 'snaknsa@gmail.com', NULL, '$2y$12$HN9saZMYM9CgizakoQ85QO7bqw5vJYPKILhRkdGSyp4bSf27GIv/.', 0, 'NviGIR1E03H4cEYfDJaoMwE75mo4kXYsIhszNwsIfbJjhWPMW2TSheuhXGHc', '2025-11-22 10:11:04', '2025-11-22 10:11:04', 'user'),
(104, 'msai', 'iwknjas@gmail.com', NULL, '$2y$12$/xc3dhgTnY9U.4uOGVpbreQZVYohNkOphPpSPqcYSHqQ4fQn3MY26', 0, 'kVQCfvEg7bX04OnFV60vmj6ySom0RtHQHMGg6UrbW8vPvVWu42SvoJEPqOau', '2025-11-22 10:13:33', '2025-11-22 10:13:33', 'user'),
(105, 'sasakdjh', 'jdkajdkajdk@gmail.com', NULL, '$2y$12$rhZvaz10DF9hYzYP9s6wb.xrkjJ07eHuHmETMdXHOGUzcT5EJrmCG', 0, 'kExEecWN9Cp4m0qGDDyiait9eHS4tULWpKc9ZCbqd2pzzvScvxyv4DGTqScH', '2025-11-23 03:30:28', '2025-11-23 03:30:28', 'user'),
(106, 'rahnsaj', 'oamxknjnjx@gmail.com', NULL, '$2y$12$IOJqXTiZKG9KO4D4mx0zee0QJJR5DFpR7P5zhINeij.80iU/NEMm.', 0, 'Yal4xdiFSqNN4oFz7XcDWqyF7KyGllrn5DIv4IG8W9SBpE9p0Wvp3iLNUxab', '2025-11-23 03:32:01', '2025-11-23 03:32:01', 'user'),
(107, 'oasansknjnj', 'oaisoausjhnj2@gmail.com', NULL, '$2y$12$TyJL.BckjQfqHIkA2zxo/.99rJ5fM0plPPWsH3qv7goq1H2/53leO', 0, '2ahBvZe6R2cyGffl5VFztZRtHPTdg3ZVaCyAboNXrp1yjdgsungjoZ1WAqJW', '2025-11-23 03:43:40', '2025-11-23 03:43:40', 'user'),
(108, 'askanskndjanj', 'oskaosaosj@gmail.com', NULL, '$2y$12$5KCcg8hW0b/7xlSgBk3xwefZOcaguLX2E4UhNGdnH.E5US5OMfhP6', 0, 'cIYgDNMXakaVnx3rVE6waHoTYRLqq8Bf1uYpWo99qtS0i3NWhw0A1qk1ue4C', '2025-11-23 03:44:39', '2025-11-23 03:44:39', 'user'),
(109, 'zoorjoskank', 'mkmaksjaksjk@gmail.com', NULL, '$2y$12$CfOVU0SajLIEJYjnkSOVluE1UrbGwiPgYUEq1KIfPuU6wX6Vxon0K', 0, 'ljHmfbdbg6Bgc3c1zuCrLaEnG1DY7v7Gm69ysJkL1jNx5iAmzR5KVf4ScKZZ', '2025-11-23 03:59:57', '2025-11-23 03:59:57', 'user'),
(110, 'maisiowo', 'misaisj@gmail.com', NULL, '$2y$12$HjjLCxmxEKbi.ruk9ywcse1.WacrDxVLVnJeJNcGQE3Evn.VusbFW', 0, 'ynNvJpp1qFr3ltb7fm1l4TDioy5N7V3TYWLYIomiD7EmxItrqEttZZ13Kw3g', '2025-11-23 04:02:09', '2025-11-23 04:02:09', 'user'),
(111, 'mskajieik', 'kakdnadnjjoo2o@gmail.com', NULL, '$2y$12$Dl5Lyu4bLAR/OLe0VsEEPetPF9dA1j.ho4QLhM0A9bFB3QE4D.I8a', 0, '7ctV0CBcV345jYBnG3NVkJkDwEguxqPm5DDTzZ2teI3szLEIqrAJWVo2pnqr', '2025-11-23 04:05:31', '2025-11-23 04:05:31', 'user'),
(112, 'aisi2njnjb', 'mjansjh@gmail.com', NULL, '$2y$12$dYTDC7GhYh0c623nV/JTyOKmMCPFTiEXgNYsh1drmubs5wrU7vExi', 0, 'nTCU0xfW8l0am0IMHJaSTaNdpC2vWIbq4e1OKbYRhnktthCtDGWhgr4ivT9T', '2025-11-23 04:23:38', '2025-11-23 04:23:38', 'user'),
(113, 'newshas', 'kkjsakjs@gmail.com', NULL, '$2y$12$PcK/WCkNalWtV6zGteXSZOj7D8rXfa6IBE5NXEp4iiJSdu1Z5J1WC', 0, 'kysgBqJ7U3ACFndMxrp3ZSdOxHWDamnwkJyiW04N0c3JE5uV8CRiYwaVyfHz', '2025-11-23 04:28:40', '2025-11-23 04:28:40', 'user'),
(114, 'masinasn', 'misaii2@gmail.com', NULL, '$2y$12$.MPsoxm0zRAQ6QeJDMVADe3KtXlNamAhyGL3u04ufPzb6wNnbyugi', 0, 'UflVkSgjQEDuvaCY2peykewT44Lu5l0W39Po7TINj83AS1mmNHIqbGQiaXLo', '2025-11-23 04:29:23', '2025-11-23 04:29:23', 'user'),
(115, 'oasoasjnj', 'ikxjnjbhxbh@gmail.com', NULL, '$2y$12$qZZZTTCD5az005Dk4XGQG.NRSXw0aCVpJywoF6/IAm9KJHBH1Gk1S', 0, 'g419OfVwTw4gBmt2YfgYvixfvLRGplgd0JTSAc8dZAwwZr1EMBzwICWjnGUN', '2025-11-23 04:30:06', '2025-11-23 04:30:06', 'user'),
(116, 'mianisk', 'miansjjj@gmail.com', NULL, '$2y$12$sb/.YhpY./Fh54dSrGEr1uCK.rGXAx/s7V0/8BOBqHqhqx8PeVnrW', 0, 'bCXp2TYnpuvFIJHOryNHQqyR2Gen8UdsoVoyBVJl2oDyirvydR0UZlODWXQJ', '2025-11-23 04:37:43', '2025-11-23 04:37:43', 'user'),
(117, 'okaoskomk', 'makjskk@gmail.com', NULL, '$2y$12$NMLII46AEGX.mSjwiRsKz.kelCkuqPqoyAduI1hl74eVLXppjF/CG', 0, 'PI1maDCZgPAcw8xX5t9O2gBMcP8wWRffKwlmodcVMkm6LWfH6dQ8fYXJjIdP', '2025-11-23 04:38:36', '2025-11-23 04:38:36', 'user'),
(118, 'zairn', 'znainrinik@gmail.com', NULL, '$2y$12$UWBuOSli.6wWZAmqKk9A4eHSI78vF1fzvBLZAEmm/ydJSOtrvEaSG', 0, 'ozmwxJ4oysAYgT5HBK37EJe9KK0IzoyqB8wmSUyWg8njYFYIK4C3pMh1E0fa', '2025-11-23 04:43:11', '2025-11-23 04:43:11', 'user'),
(119, 'moamosiji', 'mosiajis@gmail.com', NULL, '$2y$12$LdSiNug/NI//MYoaYalNh.vEgh4UYCySGO.mvfEH6EV6dRg/F8p.S', 0, 'LWSmH5nQlunuBm2nqCuvBafh4RKOlHBSJhhAwsvnIxxKYQRGmFJfFfKIiUmD', '2025-11-23 05:00:12', '2025-11-23 05:00:12', 'user'),
(120, 'isanjsnjn', 'isnakmsnm@gmail.com', NULL, '$2y$12$u7WKcsHk1OZupsjJnaz3O.H607n1Ss80jaUNRNnDkj52LmaJ2sJsS', 0, 'wobDqNjyaIhVWDk5fmoges4vP994lQYqP5guiktuKXeFG44T3sc70uOHTtc6', '2025-11-23 05:01:47', '2025-11-23 05:01:47', 'user'),
(121, 'sarah', 'sarah@gmail.com', NULL, '$2y$12$U3DXsmWL/Of2w3cNyoYoCuoFuUbZkuD921s40/AF5.paoPv9O8lee', 0, 'iGaUp4p2F6mGa5PNIvJlsMXDK1HuHN5DBHpEAISpdwanrIkQtGfow2TUtPKC', '2025-11-23 05:10:09', '2025-11-23 05:10:09', 'user'),
(122, 'iasjiansjnj', 'kkaskasjk@gmail.com', NULL, '$2y$12$twkLKqcjYH1Fp42MlLAA.OseePR/aqTVp0fGRW3E8TyGBpFKa1ek2', 0, 'XTXSKzvRNJ8oGDB6caW0vNhNRcrCTxl5Mqkzgi7RwZrElKt2v0rCXIPs48sx', '2025-11-23 05:32:09', '2025-11-23 05:32:09', 'user'),
(123, 'kmakjskajskajk', 'jijodkadoj@gmail.com', NULL, '$2y$12$yOR559f1zRuZ2guSwiy8I.YcNTDuxkjMdxKsmk0s2.CFsrnlEvSYK', 0, 'HM1l2XHVZyvdmv37SOlWDUoOUl5dI9YlPWbqudksb6aXUo2IGYxlApPtkXMA', '2025-11-23 05:32:56', '2025-11-23 05:32:56', 'user'),
(124, 'odaodjkn', 'omkdanj@yahoo.com', NULL, '$2y$12$m6swTNMW.UP0QWWaNZvsNumV/o/k/aISYbLXcTS6K5j8yec6JKkS.', 0, 'efuaHxwkBWFWbiTKRFTjtUMRwqMAFpLQksHNfdP7IVaam9Z3tE1VT0sEa7iF', '2025-11-23 05:33:34', '2025-11-23 05:33:34', 'user'),
(125, 'zaosmjkk', 'oeknkndm@gmail.com', NULL, '$2y$12$ZtaspAVnPezDqkqEA2c7y.AvMeDWZIm4nxBb1IisHBmyafjzhqnga', 0, 'MOiXuPgUL2mUP9f7anMUb7AqDEQMQh0IbaREkWExx9in5726WEIk4JnxCQAW', '2025-11-24 02:37:01', '2025-11-24 02:37:01', 'user'),
(126, 'maheoowm', 'mosaosjo@gmail.com', NULL, '$2y$12$VkUzYDuHAOvfcJqi9Awzze2.E3.UZUZRp1aurnZNJDnfovLbShvDC', 0, '5s3GCDLbsh4ApWsouoFPoS26K5oqCxnEgPw5oTQxo7r4n9SM3LtHnpwkO8My', '2025-11-24 02:55:00', '2025-11-24 02:55:00', 'user'),
(127, 'oakdmkk', 'kanskaskjm@gmail.com', NULL, '$2y$12$pdojJLrx8QXpt6EY6CCVfubaRuXt4lRLM98gSBLVXzq7qTQ3M5f7S', 0, 'pv0WpO2Zg4URVDWtQaIY5SVXW8DLwocPGcwrdesV3mKxYrGXqavUPhTjeEsX', '2025-11-24 02:56:41', '2025-11-24 02:56:41', 'user'),
(128, 'MAKDSNKADNJN', 'Mnkaskahsk@gmail.com', NULL, '$2y$12$/os6vrhRZSZ7hEixH0XoauuGpBvgIcRJFIXH2x/E4Sen047Bk8TVW', 0, 'RnevCO4KvqcF8e8nNAM6tZYITAGSAeMtpQ2QHhCmEx5oSGjybKhpiSSNlWDW', '2025-11-24 03:08:43', '2025-11-24 03:08:43', 'user'),
(129, 'oasoaskm', 'kjwjkds@gmail.com', NULL, '$2y$12$cF7uHgBLHIkUMlWKaQ7K6ecgdhoYkFEU03/SAMCPE8vwE2uiGXpSO', 0, 'Di0OmqcpErnCd8TlFYhZq5y7ihOO8BsMzZjZj8I2lL5EsXQyEF0hL9ClmQkw', '2025-11-24 03:34:26', '2025-11-24 03:34:26', 'user'),
(130, 'mkiaidjaidj', 'mmaksjk@gmail.com', NULL, '$2y$12$/h.vXNCHSQOLxfiUkbTgf.CPRJMJBHElbgLH122D8c/d1UTjr5Mte', 0, 'JtlRGdskcbmvYxS71XJ9NUfnMSzvtZIiRMgPnnZlpYb2G1iDwAwDcpQBoOU5', '2025-11-24 03:56:59', '2025-11-24 03:56:59', 'user'),
(131, 'Amin', 'Aminaoll@gmail.com', NULL, '$2y$12$yC3Tt5niWyPvrnw3E6LsWOOsn04Fk2oMvxIZcgmlcgXcm3jM/jtfy', 0, 'ukUSDUn0Psk2L4wfU1f0ILJHpvYUOdC0C7VbEEep9Ao7tR5rOpKtjHvakHE8', '2025-11-27 16:13:47', '2025-11-27 16:13:47', 'user'),
(132, 'neoserver', 'cashniaz9@gmail.com', NULL, '$2y$12$TQ1jVc0aHBc4OovFoP3dX.gt5oAK1MXr2bUcmb0/RzluOVcfRwc7i', 0, '96csfgJrFxZCbEKxIoXiVTwzm0b16eL0LkJKF1taYZUD2QsITnTjNRrtk4rv', '2025-11-27 16:19:04', '2025-11-27 16:19:04', 'user'),
(133, 'topiptv', 'streamgulf@gmail.com', NULL, '$2y$12$dyXF0jXO0QGuSkmamF4Z1O2cyCftsP3vjGWD.Qvxz6algfKBFB/6q', 0, '6rY1WerFgtSBv1F50J6EvwB3JE0hNPTZysXBaXlDUU239bygp7fvYyH2gbHV', '2025-11-27 16:34:38', '2025-11-27 22:36:46', 'user'),
(134, 'Aminas', 'Aminasjj@gmail.com', NULL, '$2y$12$lIlqU6cFlNXiXt7RbQX.mOaMQhCPIs5/gyrALd.mtgn/.VUVurcra', 0, 'qVwx8qegO1IaRB84deI3VE1Xnc263HHIRy8JwlCVSnjKFvjAe7MvpAl013Wi', '2025-11-27 17:39:24', '2025-11-27 17:39:24', 'user'),
(135, 'carnaval', 'streamgulf26@gmail.com', NULL, '$2y$12$xq5nxouWbqBtvft.ItfPuOZPDAgQeCpKTxlKn8S5XqEqWxG/Vlsru', 0, 'PxffaJBAm2IfcSuH3At0qAUi9ddzx74uIRfnuk8MGHVyhOPX1T3FRFezMqmh', '2025-12-01 12:20:58', '2025-12-01 12:20:58', 'user'),
(136, 'ooaksoaj3232', 'streamgulf26@gmaail.com', NULL, '$2y$12$ubx.MOZFEZWA2epTtbCSx.Vv8MxjcQrhl/piyxdtAg4I2QepSoTwm', 0, 'bpWjidAy8Ub8ZDcB3jvrzkhY2AiNQkXlnovhO4r42DyakiCztCfVkoC3D5Ap', '2025-12-01 13:57:31', '2025-12-01 13:57:31', 'user'),
(137, 'farid8837', 'jashjhjjahsajhsja@gmail.com', NULL, '$2y$12$6FF6O4XEB5qy9sgZb0uiae611rO2Pva/cIsZZdNvylTBasmnDAU3K', 0, 'lgjXZDusgxERAmR9sDH9jzG3ect5a7dSFdxMuOlZYhxh9Rt6sHOKPbHaOm4n', '2025-12-01 14:49:53', '2025-12-01 14:49:53', 'user'),
(138, 'poltavalod', 'poltavalod@gmail.com', NULL, '$2y$12$H49vErkfhecE91RmC0jyYe8GiUeFoT2DUnMBC3JNSIg6.lEfSIPPS', 0, NULL, '2025-12-01 15:09:02', '2025-12-01 15:09:02', 'user'),
(139, 'oasmkansjn', 'oasklasjk@gmail.com', NULL, '$2y$12$pfbnLvLdpJkjUSLsv4rc2uiT2qkPyumbP.2X98FwXjCoB0viiRoDm', 0, 'H2VuAgFewWZ2NuqAXjfELPhI2FBPrqZP6i08SEJGjualAgLiB8Qg9TkaeASp', '2025-12-01 15:15:27', '2025-12-01 15:15:27', 'user'),
(140, 'test btc', 'dubimoft@gmail.com', NULL, '$2y$12$9h5daCpfrpXxXS8PsOCo/OsqE9.HZn0OiZVH6JH3FYz5vTkOlXviW', 0, 'Y1CsdTXqSQqwOEBJSkrv2FWKvf1RoGkgoeKGYo3GkOzYOCwEWP4BVfTZ1fST', '2025-12-01 17:23:14', '2025-12-01 17:23:14', 'user'),
(141, 'test btc', 'footballmiomio@gmail.com', NULL, '$2y$12$3BGJQvtpp2/rq68jeihxfe..Qi9tZDR99jwkbS2.KPnVsZvJYkajS', 0, NULL, '2025-12-01 21:30:01', '2025-12-01 21:30:01', 'user'),
(142, 'sstvtv9', 'sstvtv9@gmail.com', NULL, '$2y$12$sn25GXmqjpkO1kgw3vvpIexk5G0xitnGIJDUbgCzwQIANd9.3bmuu', 0, 'EhOz2sGjFSykYFBt3yzb42kwOhSzgIXQdsRmlakZdDkiMqa80kfJNPaJ3crP', '2025-12-01 22:03:59', '2025-12-01 22:03:59', 'user'),
(143, 'btc test', 'tvmaroc236@gmail.com', NULL, '$2y$12$73H1.dIA6IP50qkc80qul.NU7kSj2hyg1yDWYLdTIk3UDq9TtapVm', 0, 'MTymDlU10bj7Z3XP0cBQ11Gv48fctAJfIF2oAJWVmGRcFezw2v4mjotRNyxZ', '2025-12-01 22:06:33', '2025-12-01 22:10:04', 'user'),
(144, 'neoserver', 'iptvtrex932@gmail.com', NULL, '$2y$12$ndhNG2AKLdTiwmbqcQBy3e7VXyC117oQWVUI1pKDNz0X8Ue11F2rW', 0, 'leDPgx4Df91mxFvgDnT2YtklLWTXN0eM1KjyUQhNkCyFxQwwqskj0GsvzqJp', '2025-12-02 14:54:25', '2025-12-02 15:01:36', 'user'),
(145, 'sao', 'hotiptv50@gmail.com', NULL, '$2y$12$oO2tK667vrxvRTHJotN22eubiLexPPrrXKHetJUHGxFAZo3x0aEyq', 0, 'WOsuz2XfUpPJ5slvvpWye8mKkWrH1Dv6PKfu4yIMyjSULXQRih2fDbTi7ewd', '2025-12-03 22:07:09', '2025-12-03 22:07:09', 'user'),
(146, 'firt', 'firsttv64@gmail.com', NULL, '$2y$12$0tcYC3oS1j0A1YhLn/CqG.1XnwdndQWJmmttfeS2eR.KORXSg8SDG', 0, NULL, '2025-12-03 22:09:44', '2025-12-03 22:09:44', 'user'),
(147, 'amin', 'fazelimohammadamin@gmial.com', NULL, '$2y$12$rLqNbfnin5WVRa2gLMtTa.D73sQO4.uQg4ih0hPkpS6tGOkYs7kK2', 0, 'VYFfTiLCye05nMy2OheYqUf30enKNLTlr7HBSusCFxuLPpR1axSQilTckyLR', '2025-12-03 22:33:06', '2025-12-03 22:33:06', 'user'),
(148, 'amin', 'fazelimohammadamin@gmail.com', NULL, '$2y$12$GefMVyDnuKrZQRT7RIX9a.i8jfQvSjdiSj.7OjpZXMNhVvN82Wj12', 0, 'mFh81ZyVfhlxfr8QbOMP26CPGmp44sjU1ELXAIAUsrnROP5uZEJw3gIon3nG', '2025-12-03 22:39:30', '2025-12-03 22:39:30', 'user'),
(149, 'red', 'redmovie962@gmail.com', NULL, '$2y$12$tDRjzcRiFdZ604UbalWmq.hy5zjoelcU5EfqxjldbCHr7sitnDKnW', 0, NULL, '2025-12-03 22:52:04', '2025-12-03 22:52:04', 'user'),
(150, 'hossein', 'iranian.web.programmer@gmail.com', NULL, '$2y$12$t9lDz733Ye/9cQUnwoQ5pennmkli2A4UXNTDc7fQDxH6J08CX.PvG', 0, NULL, '2025-12-05 17:56:12', '2025-12-05 17:56:12', 'user'),
(151, 'mooon', 'nomadiptv787@gmail.com', NULL, '$2y$12$YVEPY51sbHPsY.rdRLLOLecIdrHTPJXQpZ/AH4XClRnKr7KAC7UmW', 0, NULL, '2025-12-06 00:44:09', '2025-12-06 00:44:09', 'user'),
(152, 'mmli', 'iptvbunney1@gmail.com', NULL, '$2y$12$TU2ur279x/ElRPtGxBK3E.WATi3GiZkj.cD7uHUZETrCkYtfPnp8u', 0, '2FFaI3iOiLGZrZM9TadVPVrPnDyfZVYxMUhv6GCP002MlskFr8XX0HQChAS2', '2025-12-11 00:27:02', '2025-12-11 00:27:02', 'user'),
(153, 'Anthony Panzarello', 'Apanzarello@yahoo.com', NULL, '$2y$12$YsNZQ1HBXKnpTxErn/VCiOk3Opj0BDGX0k8HoDzE6eFCvNdaqc4qm', 0, 'd8j3ZUwM6sSYDO7z3VDGugnTcBLBau2h3X5MROgjVrymZhd24QMRT3RLegzB', '2025-12-13 02:13:01', '2025-12-13 02:13:01', 'user'),
(154, 'Blessed chuks ', 'michealchuksss@gmail.com', NULL, '$2y$12$T9tqQ9k8.PX1k2ZwD2LoKedk4e2sd8yAPFzE9wFzXMKuaZauxy6vu', 0, 'g5Quoq4rAFs75sqoQOGhZUyGdNfWM0Wx8OzzD60KkbHdARIfNgHMdR8lA0GE', '2025-12-14 10:07:49', '2025-12-14 10:07:49', 'user'),
(155, 'Thomas', 'nkosanaforce8@gmail.com', NULL, '$2y$12$HFj1A0gYm30SHe0TQg00Ee0Jp3Z.TNAg/k779OngNtMzY9xZBNk.K', 0, '0vT0kBmL2gnMRXnVLoibuqgHxzGSZBDAYg4qg2ZdzU9WAUVQm8pTfInWTwqU', '2025-12-15 03:27:20', '2025-12-15 03:27:20', 'user'),
(156, 'Jesus Vera', 'geezus918948@gmail.com', NULL, '$2y$12$e7RpbR9q8DjqhLN9zxSvceVkKKII3rW7.9I9moi0xJ7VhKZijV5ie', 0, 'j3T8YUWOFtidbpnPfNrijwbaUOd7ddRUwL9V8jnZUDD34PX4IcSRPPdVCJpA', '2025-12-15 10:23:55', '2025-12-15 10:23:55', 'user'),
(157, 'test', 'moneydream676@gmail.com', NULL, '$2y$12$W8WoyWrTNfXIApYbeuR2CeTT571rHK1dauDaIiWSw4c8Zk7pnPr4e', 0, 'iold3I274IJFzaTSkh4RvdOjFYmkVwMszs5npnaGwDE7lTgRmNjrX2Z5s88z', '2025-12-15 16:00:38', '2025-12-15 16:00:38', 'user'),
(158, 'Mon12', 'Streamgolf26@gmail.com', NULL, '$2y$12$8oS6sYxobzW9P1l9gcpyhetTWKUAKfUGj2JYcTJCTVyDbY6AjKMVC', 0, 'rLMGL5WGxkxQCqCWkagg1WLPB4gH63nWb00mbChbVb3mpdgAVmImiZHxp8Pw', '2025-12-16 19:15:59', '2025-12-16 19:15:59', 'user'),
(159, 'jeyson', 'jeysonmomoa@gmail.com', NULL, '$2y$12$bM7n9eUKq/jm3VRmwRbczu./GuG3h5KTz9L12e8lq9muDvoPODE6.', 0, '8cZisKAM0ACccS7cewWK0RqI7Yb4DDAmCqxatnCsHXox3M4kRoHXDaXqHiDr', '2025-12-19 01:36:39', '2025-12-19 01:36:39', 'user'),
(160, 'Scharel ', 'mboungouscharel@gmail.com', NULL, '$2y$12$OBAs9fUAcNqSRosyfvgUH.wEOSQ0WwOpl.sTbQwSo.UXmYHqvNnBW', 0, 'mLzw5q4fu6BDlhuR2AqsIJMgQaurshMq9ZAXbRVhOKYWBQmbP3fRuX0pRTIZ', '2025-12-20 03:46:46', '2025-12-20 03:46:46', 'user'),
(161, 'Marion ', 'axelmarion@hotmail.fr', NULL, '$2y$12$D/JV1nrCVJ0YRB1PDojRMuTGBjuN1sZsqDg178yrGOZDvu43AbwVG', 0, 'bDyK23A69WCl6wqZLXdBJC5dqe3qsGov6NCNnE93FPjS17gxLrfuFb5Z4vbU', '2025-12-20 22:48:01', '2025-12-20 22:48:01', 'user'),
(162, 'Antonio Chanza ', 'Tonychanza@gmail.com', NULL, '$2y$12$KjUpvdpfj6is0g4VeEf8XOfNQ4swt7u2DE/bjs3/.k9G/4pvv4W7e', 0, 'oOWLAh6COKl2kCANHKE7Ngrt3ZyZA52xY4odCrppDXRNYzQec3Jt1jvwbB76', '2025-12-21 22:54:19', '2025-12-21 22:54:19', 'user'),
(163, 'Yacouba Zongo', 'yacoouzongo7@gmail.com', NULL, '$2y$12$8zdsGkMz3ZZGl0FVB.sa0u4xWo.0C6c70qEE4Jzon0IzpI4PIKnKi', 0, 'zgDpp6mG72ZneFuy2KNFShM2Mzxlgib5USeP3a2WdW9WHLWEfbnvT532mzJQ', '2025-12-22 17:41:48', '2025-12-22 17:41:48', 'user'),
(164, 'Boitumelo ', 'Slelokhumalo60@gmail.com', NULL, '$2y$12$K6gYSgQN0TBCfdxEApbnleE87T7GrdxnTyoiUDYasNhCzZZaVgmAq', 0, '3rZKufdvG1f2zoJiHVUcCfKEU1cChr4OMlCkhD3c7cNwn9jEoj3sc6kLG1UJ', '2025-12-22 20:07:21', '2025-12-22 20:07:21', 'user'),
(165, 'Sayou lama kromah', 'Sbreazy90@gmail.com', NULL, '$2y$12$4rv8R5t1uil9NQwhk.llX.WL9fFaQbi52jOh2btmyXBox71eKPflG', 0, 'PowFcjnYZlE88aQOPmPOzKySjcEHdS8X5HQenBMjsIgJBkHolshZy2NBo4kn', '2025-12-23 01:43:39', '2025-12-23 01:43:39', 'user'),
(166, 'Delanoyer ', 'Gaditanotio@hotmail.com', NULL, '$2y$12$Ioh8BEPmw0pWiK3.Jo0PjO/JTQhnILS9H.Ps3giD5a3.NIZb1foyy', 0, 'zLXVNOEecJQf2gGx98GB9pMEGR3wVgEaG3EmAY6lAwERm6n2EvtqdPb9Fkaq', '2025-12-23 19:40:16', '2025-12-23 19:40:16', 'user'),
(167, 'ffrghhy', 'mahdinoo35@gmail.com', NULL, '$2y$12$w8c0TAwCJ78eAIDS/R8qLuHbLFh8eU5C/HD3.OHwo6H3FX7.GeeV2', 0, '1JJU9GFat49dwOMHYfM5oklTbsCoQKfTBZ24nNaabHf36ISFmHz8yu8D9x3l', '2025-12-24 08:18:42', '2025-12-24 08:18:42', 'user'),
(168, 'Rhyan', 'Nevaehdunn0@gmail.com', NULL, '$2y$12$cYDbMjP7wL8G/XAW4Zw3YebeHMXb8CcSylapCuJu2TXRQPTKnE5g6', 0, 'qovh3AhlWWptTgQi5uigii1J3GHf7Lw1eTPHk2PynW5hEvzQc7IoAb1cl11e', '2025-12-25 06:01:04', '2025-12-25 06:01:04', 'user'),
(169, 'Tchenda mulopo JONATHAN ', 'jonathanmulopo@gmail.com', NULL, '$2y$12$bm7c1TG1asWCkbyrbR9I7eBl32Tf/Tuj5ObmydOmUqg1WnsE9NACm', 0, '1pIxvyxXAfAzVtVC9vQgt9bgHnsa9Yg66bFxS94dpJ32YUoKj4bu5pmILUIf', '2025-12-26 00:35:59', '2025-12-26 00:35:59', 'user'),
(170, 'stream', 'farid.music73@yahoo.com', NULL, '$2y$12$uGdFjy5oN3y7LNBR3v4hiOln5sCgYw7D3FXRiSKnWfB3L34ThOkjq', 0, NULL, '2025-12-26 23:15:41', '2025-12-26 23:15:41', 'user'),
(171, 'hsakou', 'hsakouamine@gmail.com', NULL, '$2y$12$63pAXm7i58smQGmO4O/6OerllK3vQXIRLVHlPEgGSQzAQZQrk2T0q', 0, '6j6nn2wO26R6R8qJ9cb44xbvHAplQMzqUR6NXaGiZQPdURv4nJqjQompd8IG', '2025-12-27 00:06:50', '2025-12-27 00:06:50', 'user'),
(172, 'farid shad', 'mr.fathi1994@gmail.com', NULL, '$2y$12$DhkcA8I1xEAqfTcXVWpQ6..P2GeCHKGYVDgCXNTnhH7K6MaWTBMjy', 0, 'ujer14Tm8ssEsJDgTlJ0Ni2nUmUzu5ZLFDZXYga3h8UXzDPML1LSI5DuhPPN', '2025-12-27 14:34:34', '2025-12-27 14:34:34', 'user'),
(173, 'Elsir ali', 'elsircall@gmail.com', NULL, '$2y$12$WlE.wwcrP4QrOHYWStFmluH/pxE14LaeQltUYTisvekfX5BbW/LNW', 0, '3ETvjW1MMlCvVJL7J9F1BL474uGn8NexT3adLVyqLaPGNvVRNvfPk0lDaWz9', '2025-12-29 06:11:45', '2025-12-29 06:11:45', 'user'),
(174, 'omrhsq', 'msdmsdmnm@gmail.com', NULL, '$2y$12$JJYUfCuFKtq3PrzXq/NkA.nfOYNW7Kp0Ur8ncjXoTfzTj/E8zd4W6', 0, 'WsfMpTfzlj7Xb4yEkRmbAnD4i4Gvz8KQLZXALBBzdC96cplGTT3awQ5ilwXK', '2025-12-29 23:31:01', '2025-12-29 23:31:01', 'user'),
(175, 'ozgal', 'dfgdfdf@gmail.com', NULL, '$2y$12$5DMICVG0crOitB9kttzDSuqORVs45RlsuJa1.yHB5fYc4qsvaQGZi', 0, 'OnlqnzsOkBo9el83KF6ZVNk2ELlg7SO9I9PeFPz8kK4i2iNJ77e14qZ08IxQ', '2025-12-30 00:11:27', '2025-12-30 00:11:27', 'user'),
(176, 'Denis', 'dlorimpo7@gmail.com', NULL, '$2y$12$BvnX8M.Ylgz/XfqycgGOZOV8FWnoGHYE0bYNJrTSR1Xipz84sbTWa', 0, '3ScBVDBvIVpHpF44c0PTHSK4BdVcxaqnAaAcYEqwgMo56PFkPmckGccj6N7W', '2025-12-31 02:32:52', '2025-12-31 02:39:40', 'user'),
(177, 'Cheickna Sacko ', 'cheicknasacko66@gmail.com', NULL, '$2y$12$iyrT4r2hmJtddIxdZNFOx.jOUE2L6VeyXL0UdLq3frvcDPOvBCIxW', 0, 'WL6RT667fhbdB0l6L5II267e1BN9kwh62efImSWqtDhXKYoZX2m0MeDdJzoG', '2026-01-01 07:55:17', '2026-01-01 07:55:17', 'user');

--
-- Indexes for dumped tables
--

--
-- Indexes for table `cache`
--
ALTER TABLE `cache`
  ADD PRIMARY KEY (`key`);

--
-- Indexes for table `cache_locks`
--
ALTER TABLE `cache_locks`
  ADD PRIMARY KEY (`key`);

--
-- Indexes for table `discount_codes`
--
ALTER TABLE `discount_codes`
  ADD PRIMARY KEY (`id`);

--
-- Indexes for table `discount_code_product`
--
ALTER TABLE `discount_code_product`
  ADD PRIMARY KEY (`id`),
  ADD KEY `discount_code_product_discount_code_id_foreign` (`discount_code_id`),
  ADD KEY `discount_code_product_product_id_foreign` (`product_id`);

--
-- Indexes for table `email_templates`
--
ALTER TABLE `email_templates`
  ADD PRIMARY KEY (`id`),
  ADD UNIQUE KEY `email_templates_slug_unique` (`slug`);

--
-- Indexes for table `failed_jobs`
--
ALTER TABLE `failed_jobs`
  ADD PRIMARY KEY (`id`),
  ADD UNIQUE KEY `failed_jobs_uuid_unique` (`uuid`);

--
-- Indexes for table `gateways`
--
ALTER TABLE `gateways`
  ADD PRIMARY KEY (`id`),
  ADD KEY `gateways_email_template_id_foreign` (`email_template_id`),
  ADD KEY `gateways_type_index` (`type`);

--
-- Indexes for table `jobs`
--
ALTER TABLE `jobs`
  ADD PRIMARY KEY (`id`),
  ADD KEY `jobs_queue_index` (`queue`);

--
-- Indexes for table `job_batches`
--
ALTER TABLE `job_batches`
  ADD PRIMARY KEY (`id`);

--
-- Indexes for table `migrations`
--
ALTER TABLE `migrations`
  ADD PRIMARY KEY (`id`);

--
-- Indexes for table `orders`
--
ALTER TABLE `orders`
  ADD PRIMARY KEY (`id`),
  ADD UNIQUE KEY `orders_tracking_code_unique` (`tracking_code`),
  ADD KEY `orders_user_id_foreign` (`user_id`),
  ADD KEY `orders_email_index` (`email`),
  ADD KEY `orders_status_index` (`status`),
  ADD KEY `1` (`gateway_id`),
  ADD KEY `orders_product_id_foreign` (`product_id`);

--
-- Indexes for table `password_reset_tokens`
--
ALTER TABLE `password_reset_tokens`
  ADD PRIMARY KEY (`email`);

--
-- Indexes for table `paypal_payment_submissions`
--
ALTER TABLE `paypal_payment_submissions`
  ADD PRIMARY KEY (`id`),
  ADD KEY `paypal_payment_submissions_user_id_foreign` (`user_id`),
  ADD KEY `paypal_payment_submissions_order_id_foreign` (`order_id`);

--
-- Indexes for table `products`
--
ALTER TABLE `products`
  ADD PRIMARY KEY (`id`),
  ADD UNIQUE KEY `products_sku_unique` (`sku`);

--
-- Indexes for table `requests`
--
ALTER TABLE `requests`
  ADD PRIMARY KEY (`id`),
  ADD UNIQUE KEY `requests_tracking_code_unique` (`tracking_code`),
  ADD KEY `requests_user_id_foreign` (`user_id`),
  ADD KEY `requests_email_index` (`email`),
  ADD KEY `requests_status_index` (`status`);

--
-- Indexes for table `sessions`
--
ALTER TABLE `sessions`
  ADD PRIMARY KEY (`id`),
  ADD KEY `sessions_user_id_index` (`user_id`),
  ADD KEY `sessions_last_activity_index` (`last_activity`);

--
-- Indexes for table `tickets`
--
ALTER TABLE `tickets`
  ADD PRIMARY KEY (`id`),
  ADD KEY `tickets_user_id_foreign` (`user_id`);

--
-- Indexes for table `ticket_messages`
--
ALTER TABLE `ticket_messages`
  ADD PRIMARY KEY (`id`),
  ADD KEY `ticket_messages_ticket_id_foreign` (`ticket_id`),
  ADD KEY `ticket_messages_sender_id_foreign` (`sender_id`);

--
-- Indexes for table `users`
--
ALTER TABLE `users`
  ADD PRIMARY KEY (`id`),
  ADD UNIQUE KEY `users_email_unique` (`email`),
  ADD KEY `users_role_index` (`role`);

--
-- AUTO_INCREMENT for dumped tables
--

--
-- AUTO_INCREMENT for table `discount_codes`
--
ALTER TABLE `discount_codes`
  MODIFY `id` bigint(20) UNSIGNED NOT NULL AUTO_INCREMENT, AUTO_INCREMENT=3;

--
-- AUTO_INCREMENT for table `discount_code_product`
--
ALTER TABLE `discount_code_product`
  MODIFY `id` bigint(20) UNSIGNED NOT NULL AUTO_INCREMENT, AUTO_INCREMENT=10;

--
-- AUTO_INCREMENT for table `email_templates`
--
ALTER TABLE `email_templates`
  MODIFY `id` bigint(20) UNSIGNED NOT NULL AUTO_INCREMENT, AUTO_INCREMENT=11;

--
-- AUTO_INCREMENT for table `failed_jobs`
--
ALTER TABLE `failed_jobs`
  MODIFY `id` bigint(20) UNSIGNED NOT NULL AUTO_INCREMENT;

--
-- AUTO_INCREMENT for table `gateways`
--
ALTER TABLE `gateways`
  MODIFY `id` bigint(20) UNSIGNED NOT NULL AUTO_INCREMENT, AUTO_INCREMENT=26;

--
-- AUTO_INCREMENT for table `jobs`
--
ALTER TABLE `jobs`
  MODIFY `id` bigint(20) UNSIGNED NOT NULL AUTO_INCREMENT;

--
-- AUTO_INCREMENT for table `migrations`
--
ALTER TABLE `migrations`
  MODIFY `id` int(10) UNSIGNED NOT NULL AUTO_INCREMENT, AUTO_INCREMENT=29;

--
-- AUTO_INCREMENT for table `orders`
--
ALTER TABLE `orders`
  MODIFY `id` bigint(20) UNSIGNED NOT NULL AUTO_INCREMENT, AUTO_INCREMENT=364;

--
-- AUTO_INCREMENT for table `paypal_payment_submissions`
--
ALTER TABLE `paypal_payment_submissions`
  MODIFY `id` bigint(20) UNSIGNED NOT NULL AUTO_INCREMENT, AUTO_INCREMENT=13;

--
-- AUTO_INCREMENT for table `products`
--
ALTER TABLE `products`
  MODIFY `id` bigint(20) UNSIGNED NOT NULL AUTO_INCREMENT, AUTO_INCREMENT=15;

--
-- AUTO_INCREMENT for table `requests`
--
ALTER TABLE `requests`
  MODIFY `id` bigint(20) UNSIGNED NOT NULL AUTO_INCREMENT;

--
-- AUTO_INCREMENT for table `tickets`
--
ALTER TABLE `tickets`
  MODIFY `id` bigint(20) UNSIGNED NOT NULL AUTO_INCREMENT, AUTO_INCREMENT=26;

--
-- AUTO_INCREMENT for table `ticket_messages`
--
ALTER TABLE `ticket_messages`
  MODIFY `id` bigint(20) UNSIGNED NOT NULL AUTO_INCREMENT, AUTO_INCREMENT=12;

--
-- AUTO_INCREMENT for table `users`
--
ALTER TABLE `users`
  MODIFY `id` bigint(20) UNSIGNED NOT NULL AUTO_INCREMENT, AUTO_INCREMENT=178;

--
-- Constraints for dumped tables
--

--
-- Constraints for table `gateways`
--
ALTER TABLE `gateways`
  ADD CONSTRAINT `gateways_email_template_id_foreign` FOREIGN KEY (`email_template_id`) REFERENCES `email_templates` (`id`) ON DELETE SET NULL;

--
-- Constraints for table `orders`
--
ALTER TABLE `orders`
  ADD CONSTRAINT `1` FOREIGN KEY (`gateway_id`) REFERENCES `gateways` (`id`) ON DELETE SET NULL,
  ADD CONSTRAINT `orders_product_id_foreign` FOREIGN KEY (`product_id`) REFERENCES `products` (`id`) ON DELETE SET NULL,
  ADD CONSTRAINT `orders_user_id_foreign` FOREIGN KEY (`user_id`) REFERENCES `users` (`id`) ON DELETE SET NULL;

--
-- Constraints for table `paypal_payment_submissions`
--
ALTER TABLE `paypal_payment_submissions`
  ADD CONSTRAINT `paypal_payment_submissions_order_id_foreign` FOREIGN KEY (`order_id`) REFERENCES `orders` (`id`) ON DELETE CASCADE,
  ADD CONSTRAINT `paypal_payment_submissions_user_id_foreign` FOREIGN KEY (`user_id`) REFERENCES `users` (`id`) ON DELETE CASCADE;

--
-- Constraints for table `requests`
--
ALTER TABLE `requests`
  ADD CONSTRAINT `requests_user_id_foreign` FOREIGN KEY (`user_id`) REFERENCES `users` (`id`) ON DELETE SET NULL;

--
-- Constraints for table `tickets`
--
ALTER TABLE `tickets`
  ADD CONSTRAINT `tickets_user_id_foreign` FOREIGN KEY (`user_id`) REFERENCES `users` (`id`) ON DELETE CASCADE;

--
-- Constraints for table `ticket_messages`
--
ALTER TABLE `ticket_messages`
  ADD CONSTRAINT `ticket_messages_sender_id_foreign` FOREIGN KEY (`sender_id`) REFERENCES `users` (`id`) ON DELETE CASCADE,
  ADD CONSTRAINT `ticket_messages_ticket_id_foreign` FOREIGN KEY (`ticket_id`) REFERENCES `tickets` (`id`) ON DELETE CASCADE;
COMMIT;

/*!40101 SET CHARACTER_SET_CLIENT=@OLD_CHARACTER_SET_CLIENT */;
/*!40101 SET CHARACTER_SET_RESULTS=@OLD_CHARACTER_SET_RESULTS */;
/*!40101 SET COLLATION_CONNECTION=@OLD_COLLATION_CONNECTION */;
